date,gross_return,net_return,cost,turnover,long_return,short_return,gross_exposure,net_exposure,long_names,short_names,benchmark_return
2010-01-04,0,0,0,0,0,0,0,0,0,0,
2010-01-05,0,0,0,0,0,0,0,0,0,0,0.002647243505
2010-01-06,0,0,0,0,0,0,0,0,0,0,0.0007038098578
2010-01-07,0,0,0,0,0,0,0,0,0,0,0.00422150741
2010-01-08,0,0,0,0,0,0,0,0,0,0,0.003327753803
2010-01-11,0,0,0,0,0,0,0,0,0,0,0.001396606172
2010-01-12,0,0,0,0,0,0,0,0,0,0,-0.009326354695
2010-01-13,0,0,0,0,0,0,0,0,0,0,0.008445828048
2010-01-14,0,0,0,0,0,0,0,0,0,0,0.002704767565
2010-01-15,0,0,0,0,0,0,0,0,0,0,-0.01122386897
2010-01-19,0,0,0,0,0,0,0,0,0,0,0.01249510062
2010-01-20,0,0,0,0,0,0,0,0,0,0,-0.01016837263
2010-01-21,0,0,0,0,0,0,0,0,0,0,-0.01922904132
2010-01-22,0,0,0,0,0,0,0,0,0,0,-0.02229182921
2010-01-25,0,0,0,0,0,0,0,0,0,0,0.005127655482
2010-01-26,0,0,0,0,0,0,0,0,0,0,-0.004190774633
2010-01-27,0,0,0,0,0,0,0,0,0,0,0.004757200144
2010-01-28,0,0,0,0,0,0,0,0,0,0,-0.01147242412
2010-01-29,0,0,0,0,0,0,0,0,0,0,-0.01086810881
2010-02-01,0,0,0,0,0,0,0,0,0,0,0.01555047323
2010-02-02,0,0,0,0,0,0,0,0,0,0,0.01210365779
2010-02-03,0,0,0,0,0,0,0,0,0,0,-0.004983003164
2010-02-04,0,0,0,0,0,0,0,0,0,0,-0.03086563682
2010-02-05,0,0,0,0,0,0,0,0,0,0,0.002066482416
2010-02-08,0,0,0,0,0,0,0,0,0,0,-0.007218923206
2010-02-09,0,0,0,0,0,0,0,0,0,0,0.01256051548
2010-02-10,0,0,0,0,0,0,0,0,0,0,-0.001959154657
2010-02-11,0,0,0,0,0,0,0,0,0,0,0.01046624701
2010-02-12,0,0,0,0,0,0,0,0,0,0,-0.0008318832024
2010-02-16,0,0,0,0,0,0,0,0,0,0,0.01573491634
2010-02-17,0,0,0,0,0,0,0,0,0,0,0.004738092355
2010-02-18,0,0,0,0,0,0,0,0,0,0,0.005895752118
2010-02-19,0,0,0,0,0,0,0,0,0,0,0.00207334196
2010-02-22,0,0,0,0,0,0,0,0,0,0,0.0001802855042
2010-02-23,0,0,0,0,0,0,0,0,0,0,-0.01214491422
2010-02-24,0,0,0,0,0,0,0,0,0,0,0.009197558713
2010-02-25,0,0,0,0,0,0,0,0,0,0,-0.001353370586
2010-02-26,0,0,0,0,0,0,0,0,0,0,0.0006326628622
2010-03-01,0,0,0,0,0,0,0,0,0,0,0.01038456426
2010-03-02,0,0,0,0,0,0,0,0,0,0,0.002770577389
2010-03-03,0,0,0,0,0,0,0,0,0,0,0.0008913623138
2010-03-04,0,0,0,0,0,0,0,0,0,0,0.003027368482
2010-03-05,0,0,0,0,0,0,0,0,0,0,0.01429348831
2010-03-08,0,0,0,0,0,0,0,0,0,0,0.0001748410526
2010-03-09,0,0,0,0,0,0,0,0,0,0,0.001663025676
2010-03-10,0,0,0,0,0,0,0,0,0,0,0.004455268154
2010-03-11,0,0,0,0,0,0,0,0,0,0,0.004175509953
2010-03-12,0,0,0,0,0,0,0,0,0,0,8.668895136e-05
2010-03-15,0,0,0,0,0,0,0,0,0,0,0.0002595130664
2010-03-16,0,0,0,0,0,0,0,0,0,0,0.007966161407
2010-03-17,0,0,0,0,0,0,0,0,0,0,0.005927380456
2010-03-18,0,0,0,0,0,0,0,0,0,0,-0.000512280994
2010-03-19,0,0,0,0,0,0,0,0,0,0,-0.005062022749
2010-03-22,0,0,0,0,0,0,0,0,0,0,0.005346142937
2010-03-23,0,0,0,0,0,0,0,0,0,0,0.00703343758
2010-03-24,0,0,0,0,0,0,0,0,0,0,-0.004855071477
2010-03-25,0,0,0,0,0,0,0,0,0,0,-0.001626049414
2010-03-26,0,0,0,0,0,0,0,0,0,0,-0.0005999500769
2010-03-29,0,0,0,0,0,0,0,0,0,0,0.006347446708
2010-03-30,0,0,0,0,0,0,0,0,0,0,0.0006820886387
2010-03-31,0,0,0,0,0,0,0,0,0,0,-0.003407338069
2010-04-01,0,0,0,0,0,0,0,0,0,0,0.006837975433
2010-04-05,0,0,0,0,0,0,0,0,0,0,0.008148943268
2010-04-06,0,0,0,0,0,0,0,0,0,0,0.00235810641
2010-04-07,0,0,0,0,0,0,0,0,0,0,-0.0057124408
2010-04-08,0,0,0,0,0,0,0,0,0,0,0.003463826287
2010-04-09,0,0,0,0,0,0,0,0,0,0,0.006567115715
2010-04-12,0,0,0,0,0,0,0,0,0,0,0.001589104432
2010-04-13,0,0,0,0,0,0,0,0,0,0,0.0007520540343
2010-04-14,0,0,0,0,0,0,0,0,0,0,0.0113490538
2010-04-15,0,0,0,0,0,0,0,0,0,0,0.0008253843015
2010-04-16,0,0,0,0,0,0,0,0,0,0,-0.01591203699
2010-04-19,0,0,0,0,0,0,0,0,0,0,0.00377010706
2010-04-20,0,0,0,0,0,0,0,0,0,0,0.008930740597
2010-04-21,0,0,0,0,0,0,0,0,0,0,-0.001820333052
2010-04-22,0,0,0,0,0,0,0,0,0,0,0.0029837601
2010-04-23,0,0,0,0,0,0,0,0,0,0,0.006527717055
2010-04-26,0,0,0,0,0,0,0,0,0,0,-0.003776104951
2010-04-27,0,0,0,0,0,0,0,0,0,0,-0.02365061741
2010-04-28,0,0,0,0,0,0,0,0,0,0,0.007596649002
2010-04-29,0,0,0,0,0,0,0,0,0,0,0.01239679465
2010-04-30,0,0,0,0,0,0,0,0,0,0,-0.0169618996
2010-05-03,0,0,0,0,0,0,0,0,0,0,0.01296211462
2010-05-04,0,0,0,0,0,0,0,0,0,0,-0.02351476092
2010-05-05,0,0,0,0,0,0,0,0,0,0,-0.005956472253
2010-05-06,0,0,0,0,0,0,0,0,0,0,-0.03321356441
2010-05-07,0,0,0,0,0,0,0,0,0,0,-0.01487494834
2010-05-10,0,0,0,0,0,0,0,0,0,0,0.04404108854
2010-05-11,0,0,0,0,0,0,0,0,0,0,-0.002841142648
2010-05-12,0,0,0,0,0,0,0,0,0,0,0.01398601644
2010-05-13,0,0,0,0,0,0,0,0,0,0,-0.01243078526
2010-05-14,0,0,0,0,0,0,0,0,0,0,-0.01810504078
2010-05-17,0,0,0,0,0,0,0,0,0,0,0.0005266156333
2010-05-18,0,0,0,0,0,0,0,0,0,0,-0.0136021546
2010-05-19,0,0,0,0,0,0,0,0,0,0,-0.005694111607
2010-05-20,0,0,0,0,0,0,0,0,0,0,-0.03775914926
2010-05-21,0,0,0,0,0,0,0,0,0,0,0.01459913305
2010-05-24,0,0,0,0,0,0,0,0,0,0,-0.01283126375
2010-05-25,0,0,0,0,0,0,0,0,0,0,0.001021313455
2010-05-26,0,0,0,0,0,0,0,0,0,0,-0.006028619157
2010-05-27,0,0,0,0,0,0,0,0,0,0,0.03349811152
2010-05-28,0,0,0,0,0,0,0,0,0,0,-0.0125495779
2010-06-01,0,0,0,0,0,0,0,0,0,0,-0.01682363883
2010-06-02,0,0,0,0,0,0,0,0,0,0,0.0260395117
2010-06-03,0,0,0,0,0,0,0,0,0,0,0.003443710027
2010-06-04,0,0,0,0,0,0,0,0,0,0,-0.03513672482
2010-06-07,0,0,0,0,0,0,0,0,0,0,-0.01245051632
2010-06-08,0,0,0,0,0,0,0,0,0,0,0.01071161476
2010-06-09,0,0,0,0,0,0,0,0,0,0,-0.00534573998
2010-06-10,0,0,0,0,0,0,0,0,0,0,0.0292313095
2010-06-11,0,0,0,0,0,0,0,0,0,0,0.004855444314
2010-06-14,0,0,0,0,0,0,0,0,0,0,-0.001549891813
2010-06-15,0,0,0,0,0,0,0,0,0,0,0.02273808879
2010-06-16,0,0,0,0,0,0,0,0,0,0,-0.0003573346923
2010-06-17,0,0,0,0,0,0,0,0,0,0,0.001607717042
2010-06-18,0,0,0,0,0,0,0,0,0,0,0.001084284189
2010-06-21,0,0,0,0,0,0,0,0,0,0,-0.002864078564
2010-06-22,0,0,0,0,0,0,0,0,0,0,-0.01651559499
2010-06-23,0,0,0,0,0,0,0,0,0,0,-0.003103275534
2010-06-24,0,0,0,0,0,0,0,0,0,0,-0.01657053675
2010-06-25,0,0,0,0,0,0,0,0,0,0,0.004189043005
2010-06-28,0,0,0,0,0,0,0,0,0,0,-0.003151619767
2010-06-29,0,0,0,0,0,0,0,0,0,0,-0.03087498537
2010-06-30,0,0,0,0,0,0,0,0,0,0,-0.009500373282
2010-07-01,0,0,0,0,0,0,0,0,0,0,-0.004456286864
2010-07-02,0,0,0,0,0,0,0,0,0,0,-0.005449675916
2010-07-06,0,0,0,0,0,0,0,0,0,0,0.006555675303
2010-07-07,0,0,0,0,0,0,0,0,0,0,0.03149566433
2010-07-08,0,0,0,0,0,0,0,0,0,0,0.009895777679
2010-07-09,0,0,0,0,0,0,0,0,0,0,0.007465508475
2010-07-12,0,0,0,0,0,0,0,0,0,0,0.000648269406
2010-07-13,0,0,0,0,0,0,0,0,0,0,0.01508859789
2010-07-14,0,0,0,0,0,0,0,0,0,0,-9.120062715e-05
2010-07-15,0,0,0,0,0,0,0,0,0,0,0.0002734420158
2010-07-16,0,0,0,0,0,0,0,0,0,0,-0.02753480005
2010-07-19,0,0,0,0,0,0,0,0,0,0,0.005906202624
2010-07-20,0,0,0,0,0,0,0,0,0,0,0.01109195806
2010-07-21,0,0,0,0,0,0,0,0,0,0,-0.01299758132
2010-07-22,0,0,0,0,0,0,0,0,0,0,0.02232175304
2010-07-23,0,0,0,0,0,0,0,0,0,0,0.008679243012
2010-07-26,0,0,0,0,0,0,0,0,0,0,0.0104154497
2010-07-27,0,0,0,0,0,0,0,0,0,0,-8.946572432e-05
2010-07-28,0,0,0,0,0,0,0,0,0,0,-0.006454916413
2010-07-29,0,0,0,0,0,0,0,0,0,0,-0.004872114091
2010-07-30,0,0,0,0,0,0,0,0,0,0,-0.0001813593628
2010-08-02,0,-0.001,0.001,1,0,0,0,0,0,0,0.02258122289
2010-08-03,-0.002982351907,-0.002982351907,0,0,-0.001240619943,-0.001741731965,1,0,7,7,-0.004789259894
2010-08-04,0.001138152856,0.001138152856,0,0,0.008992976561,-0.007854823705,1.003493884,-0.002991272936,7,7,0.006683288582
2010-08-05,0.003075635129,0.003075635129,0,0,0.002695570894,0.0003800642343,1.0191817,-0.001851013343,7,7,-0.001062341813
2010-08-06,0.006567362204,0.006567362204,0,0,0.00508661272,0.001480749484,1.018365087,0.001220866844,7,7,-0.004076192118
2010-08-09,-0.0007764333809,-0.0007764333809,0,0,0.003522917269,-0.00429935065,1.015303087,0.007737414643,7,7,0.005338670411
2010-08-10,0.005847219444,0.005847219444,0,0,0.0004554011766,0.005391818267,1.023920361,0.0069663902,7,7,-0.005398474459
2010-08-11,-0.0007789766574,-0.0007789766574,0,0,-0.01644831441,0.01566933775,1.013060358,0.01273912121,7,7,-0.02740703272
2010-08-12,0.00466710727,0.00466710727,0,0,0.003665019599,0.001002087671,0.9817074325,0.01196946849,7,7,-0.006130104241
2010-08-13,-0.00516875011,-0.00516875011,0,0,-0.002972149356,-0.002196600754,0.9797975442,0.01655929177,7,7,-0.002945625831
2010-08-16,0.008449489539,0.008449489539,0,0,0.004359542582,0.004089946957,0.9841086071,0.01144972241,7,7,-0.0004618739734
2010-08-17,-0.002829293066,-0.002829293066,0,0,0.003682320114,-0.006511613179,0.9761303991,0.01973248254,7,7,0.01228514153
2010-08-18,-0.001796172143,-0.001796172143,0,0,-0.002952782557,0.001156610414,0.9891228508,0.01695114925,7,7,0.001825455633
2010-08-19,-0.0003816095681,-0.0003816095681,0,0,-0.003479727311,0.003098117743,0.9867858952,0.01518224703,7,7,-0.01739712278
2010-08-20,0.01368119986,0.01368119986,0,0,0.01175734047,0.001923859398,0.9805822497,0.01480628769,7,7,-0.00324412666
2010-08-23,-0.004193049701,-0.004193049701,0,0,-0.005525065479,0.001332015778,0.9770485345,0.02810300473,7,7,-0.003813010939
2010-08-24,-0.002463989021,-0.002463989021,0,0,-0.008454024722,0.005990035702,0.9742766436,0.0240106328,7,7,-0.01484303922
2010-08-25,-0.00137860616,-0.00137860616,0,0,0.002441347087,-0.003819953248,0.9622034419,0.02159986561,7,7,0.003884794839
2010-08-26,0.003082362904,0.003082362904,0,0,-0.0007490603157,0.00383142322,0.9698017169,0.02024917509,7,7,-0.006701854375
2010-08-27,-0.004021953407,-0.004021953407,0,0,0.003986408334,-0.008008361741,0.9622552136,0.02325984272,7,7,0.01548979273
2010-08-30,0.0003338781913,0.0003338781913,0,0,-0.007069620568,0.00740349876,0.9781841949,0.01931557565,7,7,-0.01450517544
2010-08-31,0.006725168919,0.006725168919,0,0,0.00345510419,0.00327006473,0.9633894209,0.01964289551,7,7,0
2010-09-01,0.01046665018,0.009850597409,0.0006160527755,0.6160527755,0.02189692587,-0.01143027569,0.9571375486,0.02619191935,7,7,0.02991208785
2010-09-02,-0.001559474902,-0.001559474902,0,0,0.004412952028,-0.00597242693,1,0,7,7,0.009311870058
2010-09-03,-0.002156355529,-0.002156355529,0,0,0.006493543035,-0.008649898564,1.011963511,-0.001561910663,7,7,0.0129716765
2010-09-07,-0.0003544478573,-0.0003544478573,0,0,-0.004191197286,0.003836749429,1.029326546,-0.003726301422,7,7,-0.01127217011
2010-09-08,-0.0007351801679,-0.0007351801679,0,0,0.005697097594,-0.006432277762,1.021660725,-0.004082196205,7,7,0.007023267983
2010-09-09,-0.009532252455,-0.009532252455,0,0,0.0005225519203,-0.01005480438,1.034550681,-0.004820920619,7,7,0.004618718277
2010-09-10,0.0004695007636,0.0004695007636,0,0,0.0007465360897,-0.000277035326,1.05518634,-0.01449130788,7,7,0.005048946526
2010-09-13,-0.001021438506,-0.001021438506,0,0,0.006820432102,-0.007841870608,1.055714253,-0.01401522696,7,7,0.01112270607
2010-09-14,-0.006067605833,-0.006067605833,0,0,-0.003405664148,-0.002661941685,1.071470998,-0.01505204019,7,7,-0.0006205345425
2010-09-15,-0.006008623764,-0.006008623764,0,0,-0.002171022714,-0.00383760105,1.077263687,-0.021248574,7,7,0.003816907531
2010-09-16,0.002667155436,0.002667155436,0,0,0.0004520449318,0.002215110504,1.08545234,-0.02742196604,7,7,-0.0002653270741
2010-09-17,0.0004510430414,0.0004510430414,0,0,0.001242801461,-0.0007917584192,1.080806595,-0.02468896131,7,7,0.000373492518
2010-09-20,0.002595304707,0.002595304707,0,0,0.0155421657,-0.01294686099,1.082352967,-0.02422699085,7,7,0.01529027328
2010-09-21,-0.0009770195064,-0.0009770195064,0,0,0.001576944863,-0.00255396437,1.107966483,-0.02157569065,7,7,-0.002013471622
2010-09-22,0.01986403733,0.01986403733,0,0,0.00420035815,0.01566367918,1.113184996,-0.02257476614,7,7,-0.004913494345
2010-09-23,0.002651019345,0.002651019345,0,0,-0.001299458385,0.00395047773,1.080263284,-0.002657931566,7,7,-0.008111316779
2010-09-24,-0.004671032453,-0.004671032453,0,0,0.01075089582,-0.01542192827,1.072171002,-6.893945961e-06,7,7,0.02062182164
2010-09-27,0.006119661852,0.006119661852,0,0,0.0001604691079,0.005959192744,1.103498303,-0.00469987969,7,7,-0.004790122919
2010-09-28,-0.001916827962,-0.001916827962,0,0,-0.002161779805,0.0002449518438,1.091022888,0.001411146423,7,7,0.003500734105
2010-09-29,0.004924256344,0.004924256344,0,0,0.003124994596,0.001799261748,1.090706854,-0.0005066527047,7,7,-0.00174408507
2010-09-30,-0.007848660642,-0.007848660642,0,0,-0.009916781768,0.002068121126,1.086681488,0.004395956821,7,7,-0.002970115965
2010-10-01,-0.004661483791,-0.005332736647,0.0006712528563,0.6712528563,-0.00453743959,-0.0001240442005,1.083198241,-0.003480017295,7,7,0.004205679115
2010-10-04,0.0020748863,0.0020748863,0,0,-0.002007244516,0.004082130816,1,0,7,7,-0.007503851782
2010-10-05,0.001174629884,0.001174629884,0,0,0.008672788719,-0.007498158836,0.9918526432,0.002070590061,7,7,0.02013196668
2010-10-06,-0.004963547621,-0.004963547621,0,0,-0.008393271823,0.003429724203,1.006840925,0.003241412485,7,7,-8.616166377e-05
2010-10-07,-0.00607785797,-0.00607785797,0,0,-0.0001157803719,-0.005962077598,0.9999813845,-0.001730725675,7,7,-0.001206454099
2010-10-08,0.005181737485,0.005181737485,0,0,0.003099793883,0.002081943602,1.011978342,-0.007856333323,7,7,0.005608799864
2010-10-11,-0.004956685216,-0.004956685216,0,0,-0.002496981163,-0.002459704053,1.007774171,-0.002660808228,7,7,0.0009438847786
2010-10-12,-0.001883329307,-0.001883329307,0,0,0.005235719773,-0.00711904908,1.012756811,-0.007655439045,7,7,0.00308594454
2010-10-13,0.001158425172,0.001158425172,0,0,0.003410170779,-0.002251745607,1.027045845,-0.009556766891,7,7,0.007776832765
2010-10-14,0.008371611103,0.008371611103,0,0,-0.0005047409746,0.008876352078,1.031512831,-0.008388624126,7,7,-0.003900932386
2010-10-15,0.0008669390998,0.0008669390998,0,0,0.005398136676,-0.004531197576,1.013645889,-1.687177839e-05,7,7,0.002043482107
2010-10-18,-0.007757559575,-0.007757559575,0,0,-0.00117778723,-0.006579772344,1.022688615,0.0008493310031,7,7,0.004927837456
2010-10-19,0.0003073654021,0.0003073654021,0,0,-0.008537431035,0.008844796437,1.036128428,-0.006962238552,7,7,-0.01310418339
2010-10-20,0.0050572094,0.0050572094,0,0,0.006554911689,-0.001497702289,1.018433169,-0.006652828301,7,7,0.009765919612
2010-10-21,0.01698387798,0.01698387798,0,0,0.01022978653,0.006754091447,1.02132075,-0.001587590125,7,7,0.002205764591
2010-10-22,-0.009481030532,-0.009481030532,0,0,-0.001979232066,-0.007501798466,1.007682096,0.01513916611,7,7,0.001862275563
2010-10-25,0.004651332262,0.004651332262,0,0,0.003965001795,0.0006863304676,1.022902835,0.005712294007,7,7,0.00295730851
2010-10-26,0.004010746821,0.004010746821,0,0,0.004281024547,-0.0002702777256,1.021430494,0.01031564478,7,7,0.0001683767564
2010-10-27,-0.004616851004,-0.004616851004,0,0,-0.00228172086,-0.002335130144,1.021883281,0.0142691616,7,7,-0.002863790685
2010-10-28,-0.001199157851,-0.001199157851,0,0,-0.001624944682,0.0004257868313,1.026676704,0.009697080577,7,7,0.0001689170493
2010-10-29,0.000810340839,0.000810340839,0,0,9.195344947e-06,0.0008011454941,1.025856135,0.008508125312,7,7,0.0007600834704
2010-11-01,-0.005164306774,-0.005930164416,0.0007658576429,0.7658576429,-0.004244394286,-0.000919912488,1.024234207,0.009310921131,7,7,0.0003375204985
2010-11-02,0.002768781667,0.002768781667,0,0,0.006881504985,-0.004112723319,1,0,7,7,0.007930416008
2010-11-03,-0.00148818092,-0.00148818092,0,0,0.001761510809,-0.003249691729,1.008202735,0.002761136682,7,7,0.00401786637
2010-11-04,-0.01185261409,-0.01185261409,0,0,0.0009961750168,-0.0128487891,1.014724031,0.001274852974,7,7,0.01925800473
2010-11-05,-0.002299477349,-0.002299477349,0,0,0.001505541227,-0.003805018576,1.040906457,-0.01070463907,7,7,0.003762621004
2010-11-08,0.0009844059625,0.0009844059625,0,0,0.002370004642,-0.001385598679,1.048628314,-0.01303408801,7,7,-0.001873929863
2010-11-09,0.0008547149241,0.0008547149241,0,0,-0.002457895588,0.003312610513,1.051348963,-0.01203783193,7,7,-0.007184281274
2010-11-10,0.002085750606,0.002085750606,0,0,0.007702293819,-0.005616543212,1.044685549,-0.01117356679,7,7,0.004029127738
2010-11-11,0.0159981899,0.0159981899,0,0,-0.002106419688,0.01810460959,1.055802246,-0.009068900723,7,7,-0.003767385568
2010-11-12,-0.009539929408,-0.009539929408,0,0,-0.00767603541,-0.001863893998,1.019284509,0.006820178661,7,7,-0.01183815011
2010-11-15,-0.005493137776,-0.005493137776,0,0,-0.007551063488,0.002057925712,1.023233947,-0.002745946886,7,7,-0.001414557736
2010-11-16,0.0008369927836,0.0008369927836,0,0,-0.007533613337,0.008370606121,1.019223694,-0.008284593073,7,7,-0.01557957394
2010-11-17,0.004078417192,0.004078417192,0,0,0.002058426983,0.002019990209,1.002480406,-0.007441371914,7,7,0.0005080359412
2010-11-18,0.006615197177,0.006615197177,0,0,0.01191925814,-0.005304060965,0.9984467604,-0.003349294901,7,7,0.01471865554
2010-11-19,0.01720389731,0.01720389731,0,0,0.01795242889,-0.0007485315795,1.008995376,0.003244439668,7,7,0.002750336724
2010-11-22,0.01436263757,0.01436263757,0,0,0.01117520011,0.00318743746,1.010314981,0.02010249571,7,7,-0.0008310072448
2010-11-23,0.008483369929,0.008483369929,0,0,-0.002898735995,0.01138210592,1.003884317,0.03397713204,7,7,-0.01447706985
2010-11-24,0.002763262364,0.002763262364,0,0,0.01008628169,-0.007323019328,0.9812789234,0.0421033239,7,7,0.01477422784
2010-11-26,0.00248173124,0.00248173124,0,0,-0.000399010517,0.002880741757,0.9959361915,0.04474294976,7,7,-0.01164733591
2010-11-29,0.001815283841,0.001815283841,0,0,0.003140252429,-0.001324968587,0.9901990313,0.04710777217,7,7,0.003030351106
2010-11-30,0.004878967299,0.004878967299,0,0,-0.001099137279,0.005978104578,0.9928619261,0.0488344077,7,7,-0.005622947927
2010-12-01,-0.003366145921,-0.003860490234,0.0004943443131,0.4943443131,0.008368955028,-0.01173510095,0.980998425,0.0534525816,7,7,0.02126761914
2010-12-02,-0.01237613623,-0.01237613623,0,0,0.0008719318033,-0.01324806803,1,0,7,7,0.01280905307
2010-12-03,-0.004883762769,-0.004883762769,0,0,-0.000899069682,-0.003984693087,1.026828165,-0.01253122437,7,7,0.002692567241
2010-12-06,0.005948889662,0.005948889662,0,0,0.004413518431,0.00153537123,1.034968328,-0.01750045521,7,7,-0.001057666094
2010-12-07,-0.0005200237571,-0.0005200237571,0,0,6.960511101e-05,-0.0005896288681,1.031708953,-0.01148325294,7,7,0.0005700334023
2010-12-08,-0.005409418276,-0.005409418276,0,0,0.002350170256,-0.007759588532,1.032905322,-0.01200952194,7,7,0.003663678739
2010-12-09,-0.004702704446,-0.004702704446,0,0,-0.0007470390443,-0.003955665402,1.048687872,-0.01751367903,7,7,0.003893446309
2010-12-10,2.108516891e-05,2.108516891e-05,0,0,0.003837558726,-0.003816473557,1.05686663,-0.0223213542,7,7,0.005817641422
2010-12-13,0.002656088744,0.002656088744,0,0,-0.003477941655,0.006134030399,1.064498217,-0.02229979884,7,7,0.000642800749
2010-12-14,-0.00596579308,-0.00596579308,0,0,-0.006015359962,4.95668825e-05,1.052091796,-0.01959167287,7,7,0.000882868563
2010-12-15,0.002596256285,0.002596256285,0,0,-0.001447909457,0.004044165742,1.052304701,-0.02571085157,7,7,-0.004572056291
2010-12-16,-0.002413720115,-0.002413720115,0,0,0.003070196533,-0.005483916648,1.04410187,-0.02305473928,7,7,0.005801784871
2010-12-17,0.0003964333357,0.0003964333357,0,0,0.0001196825949,0.0002767507408,1.055202948,-0.02553008187,7,7,0.001071027259
2010-12-20,0.0006371304547,0.0006371304547,0,0,0.002440179346,-0.001803048891,1.05462779,-0.02512368866,7,7,0.002413685964
2010-12-21,-0.003126595421,-0.003126595421,0,0,0.008730407977,-0.0118570034,1.058196809,-0.02447096701,7,7,0.006340263093
2010-12-22,-0.006729206964,-0.006729206964,0,0,-0.001109986414,-0.00561922055,1.082167721,-0.02768411947,7,7,0.003110258993
2010-12-23,-0.0002620156885,-0.0002620156885,0,0,-0.001963747461,0.001701731772,1.09403897,-0.0346464697,7,7,-0.001431059336
2010-12-27,-0.007997005228,-0.007997005228,0,0,-0.003305802815,-0.004691202413,1.09065926,-0.03491763436,7,7,0.0003982502533
2010-12-28,-0.0002624176388,-0.0002624176388,0,0,-0.0001034161099,-0.0001590015289,1.100848148,-0.04326059479,7,7,0.00143269928
2010-12-29,0.001571867385,0.001571867385,0,0,4.479765544e-05,0.001527069729,1.101192706,-0.04353443663,7,7,0.0007148865564
2010-12-30,0.0002152425043,0.0002152425043,0,0,-0.001514310042,0.001729552546,1.097984548,-0.04189671317,7,7,-0.001588076962
2010-12-31,-0.00737261892,-0.00737261892,0,0,-0.0032667339,-0.00410588502,1.094505101,-0.04167250097,7,7,0.0002382913838
2011-01-03,-0.003385637487,-0.004382245677,0.0009966081899,0.9966081899,0.009902970905,-0.01328860839,1.103479788,-0.04940939654,7,7,0.01033864875
2011-01-04,-0.003788094403,-0.003788094403,0,0,-0.0003717742643,-0.003416320139,1,0,7,7,-0.0005514551535
2011-01-05,0.007011118759,0.007011118759,0,0,0.01140494323,-0.004393824466,1.006858621,-0.003802498627,7,7,0.005197813807
2011-01-06,0.01129602847,0.01129602847,0,0,0.01192770024,-0.0006316717707,1.015537336,0.00318628074,7,7,-0.001958797465
2011-01-07,0.005459636805,0.005459636805,0,0,0.003217855801,0.002241781005,1.016613019,0.01432054393,7,7,-0.001962405771
2011-01-10,0.004128271241,0.004128271241,0,0,0.006421709909,-0.002293438668,1.012063594,0.01967277453,7,7,-0.001258506988
2011-01-11,-0.007210548608,-0.007210548608,0,0,-0.006155931173,-0.001054617435,1.016582016,0.02370319257,7,7,0.003543877823
2011-01-12,0.007149921753,0.007149921753,0,0,0.01514171968,-0.007991797923,1.018827004,0.01661242868,7,7,0.009024673278
2011-01-13,0.007336778254,0.007336778254,0,0,0.001241536568,0.006095241686,1.034563474,0.02359365763,7,7,-0.001633354842
2011-01-14,-0.001466051755,-0.001466051755,0,0,0.002640816962,-0.004106868717,1.02221004,0.03070515894,7,7,0.007245006044
2011-01-18,0.0007520647365,0.0007520647365,0,0,-0.0003519040624,0.001103968799,1.030468446,0.02928203617,7,7,0.001701025252
2011-01-19,-0.005939589633,-0.005939589633,0,0,-0.01250516785,0.006565578219,1.028239271,0.03001153029,7,7,-0.009804713121
2011-01-20,-0.01590601191,-0.01590601191,0,0,-0.01349921663,-0.002406795277,1.015198386,0.02421577241,7,7,-0.001326024693
2011-01-21,-0.002109419973,-0.002109419973,0,0,-0.003257635483,0.001148215509,1.020335432,0.00844407201,7,7,0.002264092455
2011-01-24,0.01457112129,0.01457112129,0,0,0.01589058464,-0.001319463346,1.018077134,0.006348042725,7,7,0.005687004055
2011-01-25,-0.002320720053,-0.002320720053,0,0,-0.003926595666,0.001605875613,1.020418539,0.02061872606,7,7,0.0005423879609
2011-01-26,0.006650187324,0.006650187324,0,0,0.004493697253,0.002156490071,1.017246813,0.01834056933,7,7,0.00387049171
2011-01-27,0.01539702663,0.01539702663,0,0,0.01525301347,0.0001440131581,1.012848389,0.02482566136,7,7,0.002467981537
2011-01-28,-0.0006783348554,-0.0006783348554,0,0,-0.007408570927,0.006730236072,1.012369903,0.03961276912,7,7,-0.01746326308
2011-01-31,-0.002050540541,-0.002050540541,0,0,-0.0005264122105,-0.001524128331,0.9989086904,0.03896086278,7,7,0.007516752434
2011-02-01,-0.003689418791,-0.004451447641,0.0007620288504,0.7620288504,0.005540786242,-0.009230205033,1.001960968,0.03698616387,7,7,0.01600857065
2011-02-02,0.004740356429,0.004740356429,0,0,0.005054570904,-0.0003142144751,1,0,7,7,-0.001912122137
2011-02-03,-0.001925345811,-0.001925345811,0,0,-0.0006799043412,-0.00124544147,1.000625464,0.004717991468,7,7,0.00222243087
2011-02-04,0.01296794826,0.01296794826,0,0,0.01156661455,0.00140133371,1.003122359,0.002798032837,7,7,0.002829050365
2011-02-07,-0.009472527818,-0.009472527818,0,0,-0.003707317715,-0.005765210102,1.000315599,0.01556414606,7,7,0.006252496492
2011-02-08,-0.0001952694339,-0.0001952694339,0,0,0.003106560336,-0.00330182977,1.011959304,0.006149873081,7,7,0.004546579285
2011-02-09,0.001554095453,0.001554095453,0,0,0.001004828044,0.0005492674087,1.018566589,0.005955766626,7,7,-0.002263114173
2011-02-10,0.01203987893,0.01203987893,0,0,0.001874270863,0.01016560807,1.017440949,0.007498209147,7,7,0.0003780917796
2011-02-11,0.00972154793,0.00972154793,0,0,0.01207216059,-0.002350612663,0.9971441172,0.01930565039,7,7,0.005970273881
2011-02-14,0.006789556873,0.006789556873,0,0,0.006411298863,0.0003782580099,1.001827576,0.02874772592,7,7,0.002403899567
2011-02-15,-0.005425555153,-0.005425555153,0,0,-0.006243793377,0.0008182382241,1.001063837,0.03529762754,7,7,-0.003147744333
2011-02-16,0.0002957466966,0.0002957466966,0,0,0.00323276292,-0.002937016223,0.9994242364,0.0300350291,7,7,0.006315669344
2011-02-17,0.004528761248,0.004528761248,0,0,0.00320714264,0.001321618608,1.005296702,0.03032180822,7,7,0.002987980289
2011-02-18,0.004110498914,0.004110498914,0,0,0.004106718156,3.780758072e-06,1.002641502,0.03469345111,7,7,0.002085653932
2011-02-22,-0.01426409128,-0.01426409128,0,0,-0.02503114694,0.01076705565,1.002623158,0.03864509939,7,7,-0.02006979892
2011-02-23,-0.01161400147,-0.01161400147,0,0,-0.01500415297,0.0033901515,0.9808153961,0.02473381348,7,7,-0.006143888556
2011-02-24,0.0110689389,0.0110689389,0,0,0.01076435122,0.0003045876781,0.9737299932,0.01327397599,7,7,-0.0006870274104
2011-02-25,0.0003646394723,0.0003646394723,0,0,0.006019763546,-0.005655124073,0.9734150847,0.02407641453,7,7,0.01069277277
2011-02-28,-0.009373421243,-0.009373421243,0,0,-0.008600879392,-0.0007725418507,0.9847309005,0.02443214508,7,7,0.006196589777
2011-03-01,-0.008883437064,-0.009629100866,0.0007456638014,0.7456638014,-0.01685815722,0.007974720157,0.9861461261,0.01520121119,7,7,-0.01667292153
2011-03-02,-0.0009089881828,-0.0009089881828,0,0,-0.0002586518626,-0.0006503363203,1,0,7,7,0.002138692391
2011-03-03,0.003902733693,0.003902733693,0,0,0.009452762548,-0.005550028856,1.001301856,-0.0009098151941,7,7,0.01722394011
2011-03-04,-0.001116055219,-0.001116055219,0,0,-0.002051633424,0.0009355782053,1.012353701,0.002981283344,7,7,-0.007492422393
2011-03-07,-0.005561947999,-0.005561947999,0,0,-0.008438565404,0.002876617404,1.010494256,0.001867312148,7,7,-0.007850893422
2011-03-08,-0.00609134167,-0.00609134167,0,0,-0.004147316612,-0.001944025058,1.004767538,-0.003715300158,7,7,0.008750090302
2011-03-09,-0.008070497437,-0.008070497437,0,0,-0.006300659481,-0.001769837955,1.008708636,-0.009866743534,7,7,-0.00143282987
2011-03-10,-0.006990689329,-0.006990689329,0,0,-0.01036035603,0.003369666704,1.012347966,-0.01808318124,7,7,-0.01850614202
2011-03-11,0.002223769901,0.002223769901,0,0,0.004697089889,-0.002473319989,1.005648117,-0.02525038819,7,7,0.006926452354
2011-03-14,0.002626589974,0.002626589974,0,0,-0.001570813328,0.004197403301,1.010571249,-0.022975526,7,7,-0.006038036349
2011-03-15,0.008416000612,0.008416000612,0,0,0.0003516331554,0.008064367456,1.00217074,-0.02029562774,7,7,-0.01145712536
2011-03-16,6.027816857e-05,6.027816857e-05,0,0,-0.009590953437,0.009651231606,0.9861584955,-0.01178048258,7,7,-0.01851272721
2011-03-17,-5.936784674e-05,-5.936784674e-05,0,0,0.003270273689,-0.003329641536,0.96685803,-0.01171949798,7,7,0.01323480451
2011-03-18,2.173803294e-06,2.173803294e-06,0,0,0.002327896622,-0.002325722819,0.9735157408,-0.01177956515,7,7,0.003637707627
2011-03-21,0.002174784767,0.002174784767,0,0,0.008208530531,-0.006033745764,0.9781672339,-0.01177736575,7,7,0.01549769227
2011-03-22,-0.001623227875,-0.001623227875,0,0,-0.001055647101,-0.0005675807744,0.9902559167,-0.009581742752,7,7,-0.003468565238
2011-03-23,0.003936888384,0.003936888384,0,0,0.005882036159,-0.001945147775,0.9913770813,-0.01122318842,7,7,0.002861552543
2011-03-24,0.009673672193,0.009673672193,0,0,0.01081655144,-0.001142879247,0.9952859356,-0.007257727174,7,7,0.009563440424
2011-03-25,0.0006916664457,0.0006916664457,0,0,0.0003880789153,0.0003035875305,0.9975949597,0.002392797878,7,7,0.003055678507
2011-03-28,0.005088692133,0.005088692133,0,0,0.004206978516,0.0008817136165,0.9969898666,0.003082332377,7,7,-0.002436837323
2011-03-29,-0.0008168719427,-0.0008168719427,0,0,0.003496633317,-0.00431350526,0.9952506076,0.008129655198,7,7,0.006718949125
2011-03-30,0.003024658454,0.003024658454,0,0,0.005831471907,-0.002806813453,1.003880788,0.007318761746,7,7,0.006900848752
2011-03-31,0.002224913908,0.002224913908,0,0,0.0008958803771,0.001329033531,1.009465784,0.01031222923,7,7,-0.001356018912
2011-04-01,0.002480048372,0.001564869836,0.000915178536,0.915178536,0.004629718028,-0.002149669656,1.006792604,0.012509311,7,7,0.004223859987
2011-04-04,-0.007048970418,-0.007048970418,0,0,-0.004462491962,-0.002586478456,1,0,7,7,0.0008258342238
2011-04-05,0.002569597995,0.002569597995,0,0,0.003600239019,-0.001030641024,1.00520968,-0.007099011138,7,7,-0.0001497485625
2011-04-06,-0.003445854827,-0.003445854827,0,0,0.001340887678,-0.004786742504,1.007252326,-0.004517804201,7,7,0.003152083712
2011-04-07,0.004682468074,0.004682468074,0,0,0.002618153358,0.002064314716,1.016883991,-0.007991195528,7,7,-0.002543708079
2011-04-08,-0.000853522542,-0.000853522542,0,0,-0.00211105327,0.001257530728,1.012695913,-0.003293306651,7,7,-0.003450378385
2011-04-11,-0.002907819352,-0.002907819352,0,0,-0.003496688192,0.0005888688399,1.010189549,-0.004150371629,7,7,-0.003010674675
2011-04-12,-0.01133617061,-0.01133617061,0,0,-0.009557156468,-0.001779014143,1.009038092,-0.007078774779,7,7,-0.007473938323
2011-04-13,0.004497397261,0.004497397261,0,0,0.003117069012,0.001380328249,1.01274055,-0.01862609397,7,7,-7.615945558e-05
2011-04-14,0.0003908227322,0.0003908227322,0,0,0.001930920408,-0.001540097675,1.009935211,-0.01406543884,7,7,0.0007605894386
2011-04-15,0.003706496066,0.003706496066,0,0,0.005960251741,-0.002253755674,1.013010321,-0.01366927385,7,7,0.003648525088
2011-04-18,-0.004699780441,-0.004699780441,0,0,-0.008249877506,0.003550097065,1.017453143,-0.009925987149,7,7,-0.01120835199
2011-04-19,0.0005777113783,0.0005777113783,0,0,0.001634059679,-0.0010563483,1.010401835,-0.01469483007,7,7,0.005743971327
2011-04-20,0.002268169425,0.002268169425,0,0,0.0101226166,-0.007854447179,1.012507306,-0.01410896778,7,7,0.01363205272
2011-04-21,0.003374500365,0.003374500365,0,0,0.001327487165,0.002047013199,1.028152346,-0.01181400219,7,7,0.005108671203
2011-04-25,-0.002381513061,-0.002381513061,0,0,-0.001590767287,-0.0007907457742,1.023977408,-0.008411118505,7,7,-0.001046329597
2011-04-26,-0.001232106146,-0.001232106146,0,0,0.00522960141,-0.006461707557,1.025619913,-0.01081839572,7,7,0.008605368045
2011-04-27,0.0004673510993,0.0004673510993,0,0,0.003109524656,-0.002642173556,1.038590877,-0.01206536768,7,7,0.006528512529
2011-04-28,-0.005250892126,-0.005250892126,0,0,-0.001428391927,-0.003822500199,1.043854728,-0.01159259876,7,7,0.003243304494
2011-04-29,0.003489040124,0.003489040124,0,0,0.004689696492,-0.001200656368,1.051771576,-0.0169324011,7,7,0.002350941411
2011-05-02,-0.007035687224,-0.007810563629,0.0007748764051,0.7748764051,-0.004493979216,-0.002541708008,1.053984534,-0.01339661963,7,7,-0.001539081579
2011-05-03,-0.012412636,-0.012412636,0,0,-0.0131617134,0.000749077401,1,0,7,7,-0.003597141282
2011-05-04,-0.00524614043,-0.00524614043,0,0,-0.00438163226,-0.0008645081695,0.9984830154,-0.01256864603,7,7,-0.00663069018
2011-05-05,-0.001155670871,-0.001155670871,0,0,-0.003753882453,0.002598211582,1.00021315,-0.01790873821,7,7,-0.009048209212
2011-05-06,0.007294441465,0.007294441465,0,0,0.007593910855,-0.0002994693894,0.9950109611,-0.01908646676,7,7,0.004415608926
2011-05-09,0.006190483787,0.006190483787,0,0,0.007665374707,-0.001474890919,0.9956416913,-0.01170663195,7,7,0.00387504175
2011-05-10,-0.0007149497326,-0.0007149497326,0,0,0.00312390942,-0.003838859152,0.998600139,-0.005482210627,7,7,0.008536081035
2011-05-11,-0.002890777856,-0.002890777856,0,0,-0.005216248113,0.002325470258,1.006282349,-0.006201594187,7,7,-0.01052510929
2011-05-12,0.002352069689,0.002352069689,0,0,0.0005837741002,0.001768295589,1.001636138,-0.009118732272,7,7,0.004760289556
2011-05-13,-0.009291123103,-0.009291123103,0,0,-0.01023091893,0.0009397958223,0.9981040064,-0.006750784268,7,7,-0.007699006663
2011-05-16,-0.004177618982,-0.004177618982,0,0,-0.007503001118,0.003325382136,0.9961890063,-0.01619235251,7,7,-0.006340945208
2011-05-17,-0.003743234435,-0.003743234435,0,0,-0.002903906529,-0.0008393279061,0.9894943535,-0.02045542647,7,7,-0.0001503518541
2011-05-18,0.009896536408,0.009896536408,0,0,0.01006445271,-0.0001679162997,0.9911398436,-0.02428958251,7,7,0.008935811319
2011-05-19,0.0007010104634,0.0007010104634,0,0,0.001223330411,-0.0005223199474,0.9915592108,-0.01425200066,7,7,0.002381710402
2011-05-20,0.005151580057,0.005151580057,0,0,-0.001023923052,0.00617550311,0.9926090319,-0.01354149746,7,7,-0.00794438427
2011-05-23,-0.006016311341,-0.006016311341,0,0,-0.008906736799,0.002890425459,0.9803592068,-0.00834691759,7,7,-0.01160121879
2011-05-24,0.0008307970374,0.0008307970374,0,0,0.0009463995423,-0.0001156025048,0.9744244856,-0.01445016563,7,7,-0.000832877322
2011-05-25,0.01416251729,0.01416251729,0,0,0.01287856448,0.001283952808,0.9746767291,-0.01360806305,7,7,0.003334664617
2011-05-26,0.004710494496,0.004710494496,0,0,0.004763799847,-5.330535005e-05,0.9724983165,0.0005467114264,7,7,0.004607334486
2011-05-27,-0.0001694980773,-0.0001694980773,0,0,0.003949953274,-0.004119451351,0.9727333666,0.005232557987,7,7,0.003834496735
2011-05-31,-0.001257039594,-0.001257039594,0,0,0.004312528643,-0.005569568237,0.9809690436,0.005063918234,7,7,0.01041147706
2011-06-01,-0.001445309855,-0.002341057399,0.0008957475436,0.8957475436,-0.01079246825,0.009347158396,0.9920982472,0.00381167006,7,7,-0.02246070935
2011-06-02,0.0003813694345,0.0003813694345,0,0,0.0002111603787,0.0001702090558,1,0,7,7,-0.0010620136
2011-06-03,-0.004503795843,-0.004503795843,0,0,-0.004764563117,0.0002607672743,0.9996597117,0.0003812240473,7,7,-0.009944540616
2011-06-06,-0.0002582187071,-0.0002582187071,0,0,-0.006409184409,0.006150965702,0.9991342781,-0.004141223018,7,7,-0.0105816064
2011-06-07,0.0005691191271,0.0005691191271,0,0,-0.001251634859,0.001820753986,0.9868289457,-0.004400578037,7,7,-0.0006195888959
2011-06-08,0.003846842505,0.003846842505,0,0,-0.003366967665,0.00721381017,0.9831970006,-0.003829279594,7,7,-0.004187159553
2011-06-09,0.003332570922,0.003332570922,0,0,0.00666350485,-0.003330933928,0.9688890592,1.7495608e-05,7,7,0.007630859346
2011-06-10,-0.007283689903,-0.007283689903,0,0,-0.009650859803,0.0023671699,0.9756321346,0.003338939278,7,7,-0.01391017914
2011-06-13,-0.001794392241,-0.001794392241,0,0,-0.0009298147622,-0.0008645774784,0.9706842681,-0.003973693778,7,7,0.0007836759448
2011-06-14,0.001952449736,0.001952449736,0,0,0.006648902849,-0.004696453113,0.972363833,-0.005778454833,7,7,0.01268589032
2011-06-15,-0.0008907357764,-0.0008907357764,0,0,-0.009478490729,0.008587754952,0.9817922888,-0.003818549571,7,7,-0.01778543371
2011-06-16,0.000790568654,0.000790568654,0,0,-0.0007072021174,0.001497770771,0.9645852337,-0.004713483816,7,7,0.002204737108
2011-06-17,-0.0002177920986,-0.0002177920986,0,0,0.0003921083696,-0.0006099004682,0.9616200342,-0.003919816278,7,7,0.002983998063
2011-06-20,0.004978726628,0.004978726628,0,0,0.005299064042,-0.0003203374141,0.9628317402,-0.004138509712,7,7,0.00511576519
2011-06-21,-0.0006937642127,-0.0006937642127,0,0,0.009696610544,-0.01039037476,0.9636533749,0.0008360544302,7,7,0.01370417118
2011-06-22,0.001627097217,0.001627097217,0,0,-0.004630874027,0.006257971244,0.9844233179,0.0001423890019,7,7,-0.006025472088
2011-06-23,0.0007334993863,0.0007334993863,0,0,0.001442022913,-0.0007085235272,0.9719530106,0.00176661177,7,7,-0.002875824683
2011-06-24,-0.004340508298,-0.004340508298,0,0,-0.0105008223,0.006160314001,0.9733895764,0.00249827867,7,7,-0.01161335758
2011-06-27,-0.0005575435771,-0.0005575435771,0,0,0.002479077249,-0.003036620826,0.9608992311,-0.0018502607,7,7,0.008911235912
2011-06-28,-0.003844463343,-0.003844463343,0,0,0.009011571132,-0.01285603448,0.9669540482,-0.002409147481,7,7,0.01305274531
2011-06-29,-0.0009436237641,-0.0009436237641,0,0,0.002231275189,-0.003174898953,0.9926378135,-0.006277745387,7,7,0.008564214865
2011-06-30,-2.355213703e-05,-2.355213703e-05,0,0,0.006084136542,-0.006107688679,0.9989866552,-0.007228189843,7,7,0.009562427215
2011-07-01,-0.0006872001961,-0.001739667388,0.001052467192,1.052467192,0.007021272745,-0.007708472941,1.011202296,-0.007251912778,7,7,0.01477626278
2011-07-05,0.00643236936,0.00643236936,0,0,0.004725761534,0.001706607826,1,0,7,7,-0.0008215599403
2011-07-06,0.002760050382,0.002760050382,0,0,0.001170495484,0.001589554898,0.9966085991,0.006391258425,7,7,0.001195789881
2011-07-07,-0.00862788619,-0.00862788619,0,0,-0.0003488390703,-0.00827904712,0.9934475743,0.009126120256,7,7,0.01037555364
2011-07-08,0.001070024284,0.001070024284,0,0,-0.004467774681,0.005537798965,1.010092748,0.000502570184,7,7,-0.007092213675
2011-07-11,0.00052606554,0.00052606554,0,0,-0.009291295095,0.009817360635,0.9990182003,0.001570913552,7,7,-0.01808049983
2011-07-12,-0.004510362286,-0.004510362286,0,0,-0.005084944743,0.0005745824568,0.9793943189,0.002095876524,7,7,-0.004319340339
2011-07-13,0.0003547100002,0.0003547100002,0,0,0.001817120976,-0.001462410975,0.9781465872,-0.002425425309,7,7,0.003348886731
2011-07-14,-0.005424737315,-0.005424737315,0,0,-0.007447721574,0.002022984259,0.9810781209,-0.002069981066,7,7,-0.006902508138
2011-07-15,-0.009412467587,-0.009412467587,0,0,0.0005038463371,-0.009916313924,0.9769068783,-0.007535597016,7,7,0.005804866446
2011-07-18,-0.002258467388,-0.002258467388,0,0,-0.007228756992,0.004970289605,0.9967085252,-0.01710910348,7,7,-0.008201067241
2011-07-19,0.004038939879,0.004038939879,0,0,0.008402358513,-0.004363418634,0.9867379942,-0.01941141091,7,7,0.01623149003
2011-07-20,-0.004182183894,-0.004182183894,0,0,-0.0008122753508,-0.003369908543,0.9954830751,-0.01531063231,7,7,-0.0006026849679
2011-07-21,-0.005676498914,-0.005676498914,0,0,0.005821994865,-0.01149849378,1.002232228,-0.01957468112,7,7,0.01387078753
2011-07-22,-0.0001249847244,-0.0001249847244,0,0,0.0021867685,-0.002311753224,1.025373247,-0.02539533663,7,7,0.0006693971393
2011-07-25,-0.004771586135,-0.004771586135,0,0,-0.005997568412,0.001225982277,1.030000503,-0.02552351141,7,7,-0.005572880234
2011-07-26,-0.007640807526,-0.007640807526,0,0,-0.00719911839,-0.0004416891362,1.027680618,-0.03044034628,7,7,-0.003736321599
2011-07-27,0.001744179192,0.001744179192,0,0,-0.01176562737,0.01350980656,1.028783929,-0.03837436494,7,7,-0.02047500009
2011-07-28,-0.004508269703,-0.004508269703,0,0,0.001408003576,-0.005916273279,1.001761244,-0.03656640738,7,7,-0.002909765772
2011-07-29,-6.413894546e-06,-6.413894546e-06,0,0,-0.003833144487,0.003826730592,1.013655353,-0.04126069141,7,7,-0.006834745141
2011-08-01,-0.0003857936623,-0.001138647965,0.0007528543027,0.7528543027,-0.001426393544,0.001040599882,1.00600193,-0.04126736999,7,7,-0.004252820134
2011-08-02,-0.004531540956,-0.004531540956,0,0,-0.01480372082,0.01027217986,1,0,7,7,-0.02554714797
2011-08-03,-0.001280561981,-0.001280561981,0,0,0.003055761724,-0.004336323705,0.9793621189,-0.004552169298,7,7,0.005418337189
2011-08-04,0.003256886631,0.003256886631,0,0,-0.02396955386,0.02722644049,0.9880194244,-0.005840210029,7,7,-0.04684148151
2011-08-05,0.003054543005,0.003054543005,0,0,-0.005062886108,0.008117429113,0.9337822073,-0.00257493712,7,7,-0.001496548843
2011-08-08,0.01461007448,0.01461007448,0,0,-0.0242578026,0.03886787708,0.9177984373,0.0004781453695,7,7,-0.06512332522
2011-08-09,-0.001333486933,-0.001333486933,0,0,0.02459375993,-0.02592724687,0.8423657315,0.0148709541,7,7,0.04649909576
2011-08-10,0.01078700987,0.01078700987,0,0,-0.0159402047,0.02672721457,0.8940789809,0.01355554331,7,7,-0.04417815343
2011-08-11,-0.0113389249,-0.0113389249,0,0,0.01890432789,-0.03024325279,0.8423253894,0.02408277208,7,7,0.04488383943
2011-08-12,0.01202799183,0.01202799183,0,0,0.007084941271,0.004943050563,0.9016972474,0.01289000599,7,7,0.006733829712
2011-08-15,-0.005488125704,-0.005488125704,0,0,0.004428120052,-0.009916245756,0.893096975,0.02462184645,7,7,0.0211645827
2011-08-16,0.002634929661,0.002634929661,0,0,-0.006653083867,0.009288013527,0.9124489755,0.01923930849,7,7,-0.008539161024
2011-08-17,-0.002198652012,-0.002198652012,0,0,-0.003097121089,0.0008984690764,0.8941518509,0.02181675254,7,7,0.0006689883847
2011-08-18,-0.003309715445,-0.003309715445,0,0,-0.02371491951,0.02040520406,0.8921177171,0.01966132895,7,7,-0.04311849622
2011-08-19,-0.005239449673,-0.005239449673,0,0,-0.01163379938,0.006394349702,0.8508135443,0.01640591241,7,7,-0.01633052915
2011-08-22,0.004325079962,0.004325079962,0,0,-0.002673163356,0.006998243318,0.8371717143,0.01122527701,7,7,0.0007985417244
2011-08-23,0.005892020158,0.005892020158,0,0,0.02004762392,-0.01415560376,0.8239367154,0.01548339007,7,7,0.0329110299
2011-08-24,0.001451675577,0.001451675577,0,0,0.01013812181,-0.008686446229,0.8531133818,0.0212502036,7,7,0.01408449863
2011-08-25,-0.006361170001,-0.006361170001,0,0,-0.007681950652,0.001320780651,0.8706740137,0.02266897119,7,7,-0.01524405145
2011-08-26,0.001200131745,0.001200131745,0,0,0.01001290479,-0.008812773043,0.8671876102,0.01641220199,7,7,0.01453400759
2011-08-29,-0.003162754525,-0.003162754525,0,0,0.01257333552,-0.01573609005,0.88495123,0.01759122195,7,7,0.02873613305
2011-08-30,0.007644473802,0.007644473802,0,0,0.006671088109,0.0009733856928,0.9161582391,0.01447424591,7,7,0.002636925353
2011-08-31,0.0002526287034,0.0002526287034,0,0,0.001473699959,-0.001221071255,0.9148623007,0.02195091651,7,7,0.004437741209
2011-09-01,0.0002674676826,-0.0006208220147,0.0008882896973,0.8882896973,-0.007343202008,0.007610669691,0.9173253292,0.02219793738,7,7,-0.01047275098
2011-09-02,0.00445191357,0.00445191357,0,0,-0.01521544516,0.01966735873,1,0,7,7,-0.02555010357
2011-09-06,0.009479233035,0.009479233035,0,0,0.002109611424,0.007369621611,0.9608396212,0.004432181879,7,7,-0.007297511073
2011-09-07,-0.01474721734,-0.01474721734,0,0,0.009425412505,-0.02417262984,0.9466065073,0.01378078365,7,7,0.02820757946
2011-09-08,0.00249379621,0.00249379621,0,0,-0.004515826734,0.007009622944,0.9948762053,-0.0009808992159,7,7,-0.01039147561
2011-09-09,-0.001956699381,-0.001956699381,0,0,-0.01433762365,0.01238092426,0.9809045795,0.001509133522,7,7,-0.02620975733
2011-09-12,-0.001045084839,-0.001045084839,0,0,0.005261375713,-0.006306460552,0.9560567472,-0.0004484433273,7,7,0.006470307718
2011-09-13,0.003792951143,0.003792951143,0,0,0.007236351866,-0.003443400723,0.9686368912,-0.001495090663,7,7,0.009171042171
2011-09-14,-0.001762965726,-0.001762965726,0,0,0.006843282372,-0.008606248098,0.9756161793,0.002289177741,7,7,0.01384402855
2011-09-15,-0.01879764386,-0.01879764386,0,0,-0.005923321454,-0.01287432241,0.9928160103,0.0005271413474,7,7,0.01725740699
2011-09-16,0.01084033326,0.01084033326,0,0,0.008092500271,0.00274783299,1.018920312,-0.0186205245,7,7,0.005918453625
2011-09-19,0.007117811884,0.007117811884,0,0,-0.002658462109,0.009776273993,1.013280679,-0.007696755844,7,7,-0.009957340438
2011-09-20,-0.002289412812,-0.002289412812,0,0,-0.009053285327,0.006763872515,0.993772458,-0.0005748522698,7,7,-0.001163442571
2011-09-21,0.0119773266,0.0119773266,0,0,-0.005568835,0.0175461616,0.9801993811,-0.002870837614,7,7,-0.02945851132
2011-09-22,0.004987091223,0.004987091223,0,0,-0.01412515883,0.01911225006,0.9457567471,0.008998708519,7,7,-0.03232421334
2011-09-23,-0.003669220683,-0.003669220683,0,0,0.005500736763,-0.009169957446,0.9079911037,0.0139163974,7,7,0.00602512235
2011-09-26,-0.006015785242,-0.006015785242,0,0,0.00382066007,-0.009836445312,0.9260597154,0.01028491434,7,7,0.02377998457
2011-09-27,-0.004098766212,-0.004098766212,0,0,-0.0004483287832,-0.003650437429,0.9454041692,0.004294966691,7,7,0.01118371553
2011-09-28,0.004831153906,0.004831153906,0,0,-0.00789323093,0.01272438484,0.9525103953,0.0001970079691,7,7,-0.02041842061
2011-09-29,-0.01264038952,-0.01264038952,0,0,-0.00902855569,-0.003611833825,0.927412308,0.005003986844,7,7,0.007903657195
2011-09-30,0.005881245736,0.005881245736,0,0,-0.009416790243,0.01529803598,0.9337991713,-0.007734165536,7,7,-0.02498912557
2011-10-03,0.01173905197,0.01100968065,0.0007293713196,0.7293713196,-0.009485382888,0.02122443486,0.9037690572,-0.00184208604,7,7,-0.028458133
2011-10-04,-0.01707967847,-0.01707967847,0,0,0.004841773432,-0.0219214519,1,0,7,7,0.02192305549
2011-10-05,-0.004967039187,-0.004967039187,0,0,0.00688594677,-0.01185298596,1.044604738,-0.01737646287,7,7,0.01851513174
2011-10-06,-0.01392434636,-0.01392434636,0,0,0.006510418178,-0.02043476454,1.068651706,-0.02245503711,7,7,0.01809123418
2011-10-07,0.006766013968,0.006766013968,0,0,-0.002898821188,0.009664835156,1.111067781,-0.03689309571,7,7,-0.006695726415
2011-10-10,-0.006824832188,-0.006824832188,0,0,0.01645550179,-0.02328033398,1.091121581,-0.02992461141,7,7,0.03344561127
2011-10-11,0.001918063329,0.001918063329,0,0,0.003813072896,-0.001895009567,1.138628364,-0.03700197587,7,7,0.001003442298
2011-10-12,-0.006616079382,-0.006616079382,0,0,0.004211927386,-0.01082800677,1.142145739,-0.0350167482,7,7,0.00877210291
2011-10-13,0.005609018199,0.005609018199,0,0,0.00155075616,0.004058262039,1.164892696,-0.04191010819,7,7,-0.001987520646
2011-10-14,-0.004724026606,-0.004724026606,0,0,0.008049571169,-0.01277359778,1.155901716,-0.03609861221,7,7,0.01709416148
2011-10-17,0.008833275364,0.008833275364,0,0,-0.008463843913,0.01729711928,1.18231015,-0.04101640139,7,7,-0.01909140677
2011-10-18,-0.01848120574,-0.01848120574,0,0,0.006624817452,-0.02510602319,1.146422521,-0.03190133277,7,7,0.01954583552
2011-10-19,-0.001126818555,-0.001126818555,0,0,-0.01295755855,0.01183073999,1.200337037,-0.051331201,7,7,-0.01182892373
2011-10-20,0.002212834205,0.002212834205,0,0,-0.0002214663152,0.00243430052,1.176874863,-0.05251719691,7,7,0.004375716365
2011-10-21,-0.006183304819,-0.006183304819,0,0,0.01084392276,-0.01702722758,1.171626481,-0.05019329327,7,7,0.01898710785
2011-10-24,-0.009855101068,-0.009855101068,0,0,0.007781784445,-0.01763688551,1.206960637,-0.05672736065,7,7,0.01226107798
2011-10-25,0.007466672322,0.007466672322,0,0,-0.0101522365,0.01761890882,1.244645413,-0.06724516966,7,7,-0.01944412769
2011-10-26,-0.01930628269,-0.01930628269,0,0,-0.007166406198,-0.01213987649,1.207855606,-0.05933545891,7,7,0.01015871614
2011-10-27,-0.02351465983,-0.02351465983,0,0,0.01314943226,-0.0366640921,1.236705257,-0.08018991068,7,7,0.03483496457
2011-10-28,-0.002088181665,-0.002088181665,0,0,0.003987380948,-0.006075562613,1.31749933,-0.1062018714,7,7,-0.0002329419391
2011-10-31,0.01850056408,0.01850056408,0,0,-0.007624884933,0.02612544901,1.330340266,-0.1085166555,7,7,-0.02410580979
2011-11-01,0.01600044308,0.01521463691,0.0007858061721,0.7858061721,-0.01161469367,0.02761513675,1.273038011,-0.08838099324,7,7,-0.02788872794
2011-11-02,-0.009071839133,-0.009071839133,0,0,0.002840871647,-0.01191271078,1,0,7,7,0.01631148753
2011-11-03,-0.01240090212,-0.01240090212,0,0,0.008394328458,-0.02079523057,1.024043541,-0.00915489083,7,7,0.01822765459
2011-11-04,0.006944279447,0.006944279447,0,0,-0.002601199879,0.009545479326,1.066458143,-0.02182646075,7,7,-0.00609903963
2011-11-07,-5.040101833e-05,-5.040101833e-05,0,0,0.001042439379,-0.001092840397,1.047040522,-0.01477954799,7,7,0.006215773924
2011-11-08,-0.002624672618,-0.002624672618,0,0,0.004550547839,-0.007175220457,1.049228684,-0.01483069649,7,7,0.012830713
2011-11-09,0.01388377404,0.01388377404,0,0,-0.01482281043,0.02870658446,1.063746438,-0.0175013043,7,7,-0.03690932446
2011-11-10,0.00123606856,0.00123606856,0,0,0.0004944373242,0.0007416312353,1.006246543,-0.003567993058,7,7,0.009418411599
2011-11-11,-0.007492465064,-0.007492465064,0,0,0.009604784734,-0.0170972498,1.004757401,-0.002329045638,7,7,0.01882243299
2011-11-14,0.0046377273,0.0046377273,0,0,-0.004673260419,0.009310987719,1.039245949,-0.009895653541,7,7,-0.00947422421
2011-11-15,-0.002214722691,-0.002214722691,0,0,0.001931847475,-0.004146570166,1.020528767,-0.005233653981,7,7,0.004941968498
2011-11-16,0.008151541902,0.008151541902,0,0,-0.009149856999,0.0173013989,1.028885881,-0.007464909376,7,7,-0.015862881
2011-11-17,0.005896542935,0.005896542935,0,0,-0.00876301496,0.01465955789,0.9943293084,0.000681080668,7,7,-0.01587724338
2011-11-18,-0.005707774769,-0.005707774769,0,0,-0.004080840992,-0.001626933776,0.9652153021,0.006539065721,7,7,-0.001064310546
2011-11-21,0.0009907559115,0.0009907559115,0,0,-0.008808550137,0.009799306049,0.9682881656,0.0008360630116,7,7,-0.01901953342
2011-11-22,0.009565941951,0.009565941951,0,0,0.002997047666,0.006568894284,0.9487403393,0.001825010783,7,7,-0.003927920378
2011-11-23,0.00669644362,0.00669644362,0,0,-0.007051371413,0.01374781503,0.936212736,0.01128302002,7,7,-0.02206555043
2011-11-25,0.0009754530736,0.0009754530736,0,0,-0.00452520379,0.005500656863,0.9093243106,0.01785986605,7,7,-0.001887449605
2011-11-28,-0.004985431812,-0.004985431812,0,0,0.01279754419,-0.017782976,0.8984220814,0.01881696406,7,7,0.02896693902
2011-11-29,0.007333867457,0.007333867457,0,0,0.0005030395061,0.006830827951,0.9336572863,0.01390083391,7,7,0.002840301439
2011-11-30,-0.01345414521,-0.01345414521,0,0,0.01090502057,-0.02435916579,0.9205781001,0.02108010269,7,7,0.04114930397
2011-12-01,-0.0002384603404,-0.001008109189,0.000769648849,0.769648849,0.001441942962,-0.001680403302,0.9688777078,0.007729957445,7,7,-0.0001601070606
2011-12-02,-0.005935989463,-0.005935989463,0,0,0.001308829931,-0.007244819394,1,0,7,7,-0.0008801367604
2011-12-05,-0.01125468943,-0.01125468943,0,0,0.003602140809,-0.01485683024,1.014576163,-0.005971435843,7,7,0.010892284
2011-12-06,0.001734561919,0.001734561919,0,0,-0.002289722164,0.004024284084,1.044793965,-0.0174222068,7,7,0.0003167021759
2011-12-07,-0.008431284282,-0.008431284282,0,0,0.001735790513,-0.0101670748,1.03668177,-0.01566048081,7,7,0.003722674888
2011-12-08,0.01677109405,0.01677109405,0,0,-0.004793170176,0.02156426423,1.057500725,-0.02429661677,7,7,-0.02193637656
2011-12-09,-0.004039304473,-0.004039304473,0,0,0.007592305424,-0.0116316099,1.014135135,-0.007401393258,7,7,0.01694248777
2011-12-12,0.004974707447,0.004974707447,0,0,-0.00397417902,0.008948886468,1.037550031,-0.01148709762,7,7,-0.01459758847
2011-12-13,0.00759233896,0.00759233896,0,0,-0.005135827115,0.01272816608,1.019554977,-0.006480153301,7,7,-0.009339272562
2011-12-14,0.001476197559,0.001476197559,0,0,-0.005720143892,0.007196341452,0.9941431127,0.001103805196,7,7,-0.01064588733
2011-12-15,0.0023918568,0.0023918568,0,0,0.000629603618,0.001762253182,0.9797802781,0.002576199776,7,7,0.003614197286
2011-12-16,-0.002932339748,-0.002932339748,0,0,0.001189369137,-0.004121708886,0.976312429,0.00495620205,7,7,0.001482516073
2011-12-19,0.01189353459,0.01189353459,0,0,-0.003646955551,0.01554049014,0.9845104261,0.002029814407,7,7,-0.01069168625
2011-12-20,-0.01148253505,-0.01148253505,0,0,0.01008878568,-0.02157132073,0.9539768241,0.01375969756,7,7,0.0302605322
2011-12-21,-0.00310036848,-0.00310036848,0,0,-0.003711858278,0.0006114897977,0.9970860055,0.002303613833,7,7,0.00193636148
2011-12-22,-0.01212201156,-0.01212201156,0,0,0.001887921686,-0.01400993325,0.9958501599,-0.0007992325626,7,7,0.008858793762
2011-12-23,0.003486006007,0.003486006007,0,0,0.005363476224,-0.001877470217,1.02416293,-0.01307979758,7,7,0.008941001354
2011-12-27,0.009121031488,0.009121031488,0,0,0.00247689943,0.006644132058,1.027820886,-0.009560463739,7,7,0.0007914180018
2011-12-28,0.004013794861,0.004013794861,0,0,-0.005611725698,0.009625520558,1.014401268,-0.0004354604026,7,7,-0.01312407541
2011-12-29,-0.004601245904,-0.004601245904,0,0,0.00335144795,-0.007952693854,0.9951696149,0.003564029176,7,7,0.0103342533
2011-12-30,-0.001237722493,-0.001237722493,0,0,-0.001891615362,0.0006538928694,1.011126197,-0.001042011278,7,7,-0.004915957419
2012-01-03,-0.007511866369,-0.008270227144,0.0007583607751,0.7583607751,0.009444831712,-0.01695669808,1.009830579,-0.002282558945,7,7,0.01593622879
2012-01-04,-0.001833260969,-0.001833260969,0,0,0.001811445273,-0.003644706242,1,0,7,7,0.001568748146
2012-01-05,-0.009327465718,-0.009327465718,0,0,-0.00140172109,-0.007925744628,1.0073028,-0.001836627987,7,7,0.002662187214
2012-01-06,-0.006389814171,-0.006389814171,0,0,-0.0007714582528,-0.005618355918,1.023372294,-0.01126920685,7,7,-0.002577119547
2012-01-09,-0.02024465301,-0.02024465301,0,0,-0.002218440612,-0.01802621239,1.034831573,-0.01777258453,7,7,0.002427299806
2012-01-10,-0.01126128433,-0.01126128433,0,0,0.001169462331,-0.01243074667,1.072348672,-0.03880278648,7,7,0.008670620217
2012-01-11,-0.0009437054194,-0.0009437054194,0,0,0.003286973219,-0.004230678639,1.098317345,-0.05063427782,7,7,0.0005422223115
2012-01-12,-0.00035631061,-0.00035631061,0,0,0.001065654209,-0.001421964819,1.106879565,-0.05162670364,7,7,0.002399002548
2012-01-13,-0.009602774963,-0.009602774963,0,0,-0.01569142084,0.006088645877,1.109762604,-0.05200154295,7,7,-0.005173153347
2012-01-17,0.01727616243,0.01727616243,0,0,0.01358179373,0.003694368702,1.098531488,-0.06220162613,7,7,0.003880547461
2012-01-18,-0.02145232587,-0.02145232587,0,0,0.005741270184,-0.02719359606,1.089594894,-0.04416250509,7,7,0.01105658969
2012-01-19,-0.01317989907,-0.01317989907,0,0,0.002883163045,-0.01606306212,1.147138551,-0.06705327977,7,7,0.005276348796
2012-01-20,-0.009084453016,-0.009084453016,0,0,-0.008281963474,-0.0008024895423,1.181658921,-0.08130476747,7,7,0.003727088164
2012-01-23,0.006162408394,0.006162408394,0,0,0.001320140188,0.004842268206,1.184944015,-0.09121788508,7,7,-0.002576664361
2012-01-24,-0.005407701434,-0.005407701434,0,0,-0.001062262376,-0.004345439058,1.174186073,-0.08453454032,7,7,-0.00113952036
2012-01-25,0.001751834331,0.001751834331,0,0,0.006236266467,-0.004484432136,1.183871272,-0.09043126705,7,7,0.008367011886
2012-01-26,-0.01944465463,-0.01944465463,0,0,0.0008838005572,-0.02032845519,1.192502903,-0.08852435272,7,7,-0.005129319752
2012-01-27,-0.009102472658,-0.009102472658,0,0,0.0009934414878,-0.01009591415,1.237783431,-0.1101100594,7,7,-0.0004551131953
2012-01-30,0.007153276312,0.007153276312,0,0,0.002116313983,0.005036962329,1.260345042,-0.120307629,7,7,-0.003413636698
2012-01-31,0.0009943625419,0.0009943625419,0,0,-0.0004197439372,0.001414106479,1.248493575,-0.1123506772,7,7,-0.000380558947
2012-02-01,-0.01035321175,-0.01134210486,0.0009888931125,0.9888931125,0.002818291168,-0.01317150292,1.245421324,-0.1112456961,7,7,0.008757160163
2012-02-02,-0.002406111127,-0.002406111127,0,0,-0.0009632095928,-0.001442901534,1,0,7,7,0.001585431143
2012-02-03,-0.01222704465,-0.01222704465,0,0,0.003598974291,-0.01582601894,1.002892763,-0.002411914461,7,7,0.01401825892
2012-02-06,-0.001171987739,-0.001171987739,0,0,-0.001227106939,5.511920045e-05,1.03497241,-0.01482016594,7,7,-0.0006684430015
2012-02-07,0.005690815365,0.005690815365,0,0,0.002313380539,0.003377434826,1.034903078,-0.01601091828,7,7,0.002528387111
2012-02-08,-0.002643050445,-0.002643050445,0,0,-0.0006674662927,-0.001975584152,1.027988929,-0.01026170544,7,7,0.002967589721
2012-02-09,-0.002457541064,-0.002457541064,0,0,-0.001193823917,-0.001263717146,1.03202474,-0.0129389542,7,7,0.001257673687
2012-02-10,0.0008671074758,0.0008671074758,0,0,-0.00139397283,0.002261080306,1.034637297,-0.01543442599,7,7,-0.007387695343
2012-02-13,-0.002318958434,-0.002318958434,0,0,0.002296484904,-0.004615443339,1.030089046,-0.01455469803,7,7,0.007442679593
2012-02-14,0.004112536087,0.004112536087,0,0,0.001489748183,0.002622787905,1.039411326,-0.01691287672,7,7,-0.001256093931
2012-02-15,0.003390085026,0.003390085026,0,0,-0.003977479076,0.007367564102,1.034025817,-0.01274791438,7,7,-0.00466001733
2012-02-16,-0.002678536682,-0.002678536682,0,0,0.003698609194,-0.006377145876,1.019225513,-0.009326212699,7,7,0.01107313436
2012-02-17,0.002740582748,0.002740582748,0,0,0.002738638588,1.944160174e-06,1.032065694,-0.0120369909,7,7,0.002646405468
2012-02-21,0.0001476587269,0.0001476587269,0,0,-0.002305030702,0.002452689429,1.031974178,-0.009271000212,7,7,0.0004397834328
2012-02-22,0.004903157011,0.004903157011,0,0,-0.002655591348,0.007558748359,1.027064803,-0.009121994543,7,7,-0.003224284428
2012-02-23,-0.00441737189,-0.00441737189,0,0,0.0005152001682,-0.004932572058,1.011889012,-0.004198252839,7,7,0.004410842472
2012-02-24,-0.005605531839,-0.005605531839,0,0,0.0002539447263,-0.005859476565,1.021850679,-0.008653852012,7,7,0.002195664316
2012-02-27,-0.001671234745,-0.001671234745,0,0,-8.806578268e-05,-0.001583168962,1.033758868,-0.01433976586,7,7,0.001679303276
2012-02-28,-0.00557847023,-0.00557847023,0,0,0.001121489555,-0.006699959784,1.03698702,-0.01603780354,7,7,0.002916742499
2012-02-29,0.004369848823,0.004369848823,0,0,-0.001978820128,0.006348668951,1.050669599,-0.02173753597,7,7,-0.003925533299
2012-03-01,-0.01104349693,-0.01182722201,0.0007837250851,0.7837250851,0.0003741472589,-0.01141764419,1.03780705,-0.01729212318,7,7,0.00518159335
2012-03-02,-0.0006927869965,-0.0006927869965,0,0,-0.0006568299688,-3.595702771e-05,1,0,7,7,-0.003049907585
2012-03-05,0.00216100496,0.00216100496,0,0,-0.003569750492,0.005730755453,1.000071964,-0.0006932672831,7,7,-0.004077720493
2012-03-06,-0.001346365309,-0.001346365309,0,0,-0.01162334386,0.01027697855,0.9886350128,0.001464572728,7,7,-0.01462534693
2012-03-07,-0.003291954085,-0.003291954085,0,0,0.003388489715,-0.0066804438,0.9680380232,0.0001183667841,7,7,0.006976228629
2012-03-08,-0.0004097460516,-0.0004097460516,0,0,0.006428143167,-0.006837889219,0.9813374746,-0.00318406911,7,7,0.009948680709
2012-03-09,0.005005178607,0.005005178607,0,0,0.006302312844,-0.001297134237,0.9950112089,-0.003595288317,7,7,0.003867552729
2012-03-12,0.006093904575,0.006093904575,0,0,0.002830434433,0.003263470141,0.9976174027,0.001402868682,7,7,7.266731149e-05
2012-03-13,-0.008502173454,-0.008502173454,0,0,0.008969140966,-0.01747131442,0.9911444275,0.007451365348,7,7,0.01802589395
2012-03-14,-0.001774554164,-0.001774554164,0,0,-0.002792125191,0.001017571027,1.026310755,-0.00105981887,7,7,-0.001071052063
2012-03-15,-0.01197600936,-0.01197600936,0,0,-0.0003611033454,-0.01161490602,1.024318768,-0.002839411724,7,7,0.005789643762
2012-03-16,-0.004544152512,-0.004544152512,0,0,-0.0004392226511,-0.004104929861,1.048124924,-0.01499500136,7,7,0.001384664695
2012-03-19,-0.0009207937722,-0.0009207937722,0,0,0.0007944699765,-0.001715263749,1.056591947,-0.01962834808,7,7,0.003920161202
2012-03-20,-0.01210704662,-0.01210704662,0,0,-0.003940056216,-0.008166990407,1.060077793,-0.02056808082,7,7,-0.002911025871
2012-03-21,-0.004557723492,-0.004557723492,0,0,0.00040464759,-0.004962371082,1.077348233,-0.03307557497,7,7,-0.001637637808
2012-03-22,0.001288449877,0.001288449877,0,0,-0.003433312695,0.004721762573,1.087672562,-0.03780560596,7,7,-0.00720360485
2012-03-23,-0.004650276488,-0.004650276488,0,0,0.002105135958,-0.006755412446,1.078128373,-0.0364701661,7,7,0.003232878814
2012-03-26,0.004111139216,0.004111139216,0,0,0.01449374172,-0.0103826025,1.092067336,-0.0413125574,7,7,0.01403517689
2012-03-27,0.007424347017,0.007424347017,0,0,0.001032044522,0.006392302495,1.11237057,-0.03704910416,7,7,-0.003107296849
2012-03-28,-0.004477251916,-0.004477251916,0,0,-0.004244748164,-0.000232503752,1.098852053,-0.02940643358,7,7,-0.004958221495
2012-03-29,0.002540402469,0.002540402469,0,0,-0.00076517482,0.003305577289,1.099763728,-0.03403607357,7,7,-0.001709188139
2012-03-30,0.002339275813,0.002339275813,0,0,0.002020869528,0.0003184062851,1.092916528,-0.03141586217,7,7,0.004136657078
2012-04-02,-0.0006834046586,-0.001637524579,0.0009541199208,0.9541199208,-0.0001193310655,-0.0005640735931,1.092064351,-0.02900872694,7,7,0.00731441819
2012-04-03,0.002879321064,0.002879321064,0,0,0.001076669224,0.00180265184,1,0,7,7,-0.004089150399
2012-04-04,-0.004354867029,-0.004354867029,0,0,-0.009506836913,0.005151969884,0.9964050473,0.002871054377,7,7,-0.00991047248
2012-04-05,-0.000420301328,-0.000420301328,0,0,0.0006486890158,-0.001068990344,0.986040315,-0.001490302722,7,7,-0.0005006059912
2012-04-09,-0.001199217072,-0.001199217072,0,0,-0.008118984929,0.006919767857,0.9881733249,-0.001911407417,7,7,-0.01123098287
2012-04-10,-0.001734358508,-0.001734358508,0,0,-0.01072601235,0.008991653844,0.9743029729,-0.003114359282,7,7,-0.01678511886
2012-04-11,0.005498697474,0.005498697474,0,0,0.004456372124,0.00104232535,0.9562437762,-0.004857141815,7,7,0.008094527936
2012-04-12,0.003925216351,0.003925216351,0,0,0.009043331876,-0.005118115525,0.9544098122,0.0006380472305,7,7,0.01306523454
2012-04-13,-0.0009482355342,-0.0009482355342,0,0,-0.003702064595,0.002753829061,0.9647842726,0.004545421818,7,7,-0.01188822716
2012-04-16,-0.005168376011,-0.005168376011,0,0,-0.004958243409,-0.0002101326023,0.9592379624,0.003600600501,7,7,-0.0006564733635
2012-04-17,0.001102401645,0.001102401645,0,0,0.009794750705,-0.00869234906,0.959448643,-0.00157592046,7,7,0.01481231419
2012-04-18,0.0001590854638,0.0001590854638,0,0,-0.0005883789994,0.0007474644632,0.9768588519,-0.0004729973812,7,7,-0.003379500318
2012-04-19,-0.004216314467,-0.004216314467,0,0,-0.005255066016,0.001038751549,0.9753678416,-0.0003138619865,7,7,-0.006420625908
2012-04-20,-0.0003796168556,-0.0003796168556,0,0,0.0008324205524,-0.001212037408,0.9731772454,-0.004549357977,7,7,0.001670052231
2012-04-23,0.001179243626,0.001179243626,0,0,-0.005307313059,0.006486556686,0.9755920545,-0.004930846665,7,7,-0.008408986094
2012-04-24,0.006379862156,0.006379862156,0,0,0.0003145072923,0.006065354864,0.9626629706,-0.003747184196,7,7,0.00380110568
2012-04-25,0.005278983536,0.005278983536,0,0,0.008493875405,-0.003214891869,0.9508458575,0.002615988315,7,7,0.01369233186
2012-04-26,0.002494183768,0.002494183768,0,0,0.003369187787,-0.0008750040188,0.9574999981,0.007853513283,7,7,0.006968743421
2012-04-27,-0.008471165745,-0.008471165745,0,0,0.000369882138,-0.008841047883,0.9593513912,0.01032195221,7,7,0.001640909006
2012-04-30,-0.004187866651,-0.004187866651,0,0,-0.005211242303,0.001023375652,0.9768372717,0.001866598728,7,7,-0.003704121564
2012-05-01,0.00157878037,0.000711448628,0.000867331742,0.867331742,0.003255435333,-0.001676654963,0.9746845024,-0.002331029966,7,7,0.00622011546
2012-05-02,0.004146035242,0.004146035242,0,0,-0.0001659693946,0.004312004636,1,0,7,7,-0.002984091468
2012-05-03,-0.009310593174,-0.009310593174,0,0,-0.01202936347,0.0027187703,0.9914115985,0.004128916608,7,7,-0.007625780647
2012-05-04,-0.002524096822,-0.002524096822,0,0,-0.01240250017,0.009878403351,0.9858422408,-0.005230374454,7,7,-0.01615753895
2012-05-07,0.002835259882,0.002835259882,0,0,0.003140099563,-0.0003048396815,0.9659996138,-0.007774093842,7,7,0.0007298666843
2012-05-08,-0.009030306521,-0.009030306521,0,0,-0.008449131443,-0.0005811750781,0.9667036969,-0.004924870672,7,7,-0.00401187388
2012-05-09,0.001964709272,0.001964709272,0,0,-0.001540323246,0.003505032518,0.9675732233,-0.01408234509,7,7,-0.005931927116
2012-05-10,0.002295642454,0.002295642454,0,0,0.003982063422,-0.001686420968,0.9606404883,-0.01209387487,7,7,0.002062770069
2012-05-11,-0.007333751677,-0.007333751677,0,0,-0.004906783129,-0.002426968547,0.9640957535,-0.009775790692,7,7,-0.00301417972
2012-05-14,-0.006564558425,-0.006564558425,0,0,-0.01040982018,0.003845261754,0.968720293,-0.01723594652,7,7,-0.0110609404
2012-05-15,-0.001269341522,-0.001269341522,0,0,-0.002694510141,0.001425168619,0.9607722567,-0.02395777717,7,7,-0.00574145287
2012-05-16,-0.005338833049,-0.005338833049,0,0,-0.007160118265,0.001821285217,0.9578684401,-0.02525918122,7,7,-0.003825174277
2012-05-17,-0.007664960171,-0.007664960171,0,0,-0.01231596806,0.004651007892,0.9539801775,-0.03076224878,7,7,-0.01483117141
2012-05-18,0.002749661529,0.002749661529,0,0,-0.005902024629,0.008651686158,0.9442508467,-0.03872402708,7,7,-0.008558405493
2012-05-21,0.0009108967442,0.0009108967442,0,0,0.007174728282,-0.006263831537,0.9271477933,-0.03587571946,7,7,0.01718815293
2012-05-22,0.007109712017,0.007109712017,0,0,0.005018438852,0.002091273165,0.9397303558,-0.03493300236,7,7,0.001742743293
2012-05-23,0.00686533252,0.00686533252,0,0,0.009121055742,-0.002255723222,0.936002811,-0.02762687125,7,7,0.0005296124429
2012-05-24,-0.002141731288,-0.002141731288,0,0,-0.004498709633,0.002356978345,0.9409198623,-0.02061997574,7,7,0.001965721071
2012-05-25,-0.001674078221,-0.001674078221,0,0,-0.002385159988,0.0007110817674,0.9360689825,-0.02281056112,7,7,-0.003244346978
2012-05-29,0.003022113323,0.003022113323,0,0,0.009258515922,-0.006236402599,0.9345372292,-0.02452569727,7,7,0.01211192226
2012-05-30,-0.000832833866,-0.000832833866,0,0,-0.0086616165,0.007828782634,0.9471696936,-0.02143879348,7,7,-0.01451008287
2012-05-31,-0.007019977422,-0.007019977422,0,0,-0.005049688911,-0.00197028851,0.9314550417,-0.02229019138,7,7,-0.002201360932
2012-06-01,-0.005752932419,-0.006608394335,0.0008554619156,0.8554619156,-0.01509880233,0.009345869909,0.9349388912,-0.02951738014,7,7,-0.0251767313
2012-06-04,-0.002083806338,-0.002083806338,0,0,-0.00144137701,-0.0006424293282,1,0,7,7,-0.0004682635486
2012-06-05,0.004926766707,0.004926766707,0,0,0.007010997275,-0.002084230568,1.001287542,-0.002088157655,7,7,0.00757243339
2012-06-06,0.007623130922,0.007623130922,0,0,0.01621385365,-0.008590722729,1.005429254,0.002824692451,7,7,0.02246839235
2012-06-07,0.0007747654515,0.0007747654515,0,0,-0.002607183909,0.003381949361,1.022439639,0.0103687808,7,7,0.0006062521092
2012-06-08,0.004552628755,0.004552628755,0,0,0.008342309343,-0.003789680588,1.015663605,0.0111349193,7,7,0.007951358624
2012-06-11,-0.007749137386,-0.007749137386,0,0,-0.01224493208,0.004495794691,1.023137629,0.01561645215,7,7,-0.01269703402
2012-06-12,0.005026258325,0.005026258325,0,0,0.008994282638,-0.003968024314,1.014256515,0.00792875578,7,7,0.01149064649
2012-06-13,-0.003464014368,-0.003464014368,0,0,-0.004907743792,0.001443729424,1.022081576,0.01289022451,7,7,-0.006394627848
2012-06-14,0.004167568086,0.004167568086,0,0,0.006608398014,-0.002440829928,1.019260837,0.009458976167,7,7,0.0106003036
2012-06-15,0.002022249481,0.002022249481,0,0,0.007424192166,-0.005401942685,1.024042299,0.01356999039,7,7,0.01022730544
2012-06-18,0.0007673095602,0.0007673095602,0,0,0.0004671356117,0.0003001739485,1.034775859,0.01556077211,7,7,0.00193818784
2012-06-19,0.001016834811,0.001016834811,0,0,0.009063277276,-0.008046442465,1.034149308,0.01631556259,7,7,0.009672626909
2012-06-20,0.002702730891,0.002702730891,0,0,0.003103605136,-0.0004008742444,1.050191157,0.01731479111,7,7,-0.001621377874
2012-06-21,-0.003186071878,-0.003186071878,0,0,-0.01319947674,0.01001340486,1.050855457,0.01996356586,7,7,-0.02243856238
2012-06-22,0.004245972695,0.004245972695,0,0,0.006978828688,-0.002732855993,1.030927183,0.01683111914,7,7,0.007701560421
2012-06-25,-0.006031606948,-0.006031606948,0,0,-0.01075176321,0.004720156263,1.036239025,0.02098797745,7,7,-0.01603440789
2012-06-26,0.0004356096704,0.0004356096704,0,0,0.003404028478,-0.002968418808,1.026961333,0.01504712887,7,7,0.00502533146
2012-06-27,0.001239696672,0.001239696672,0,0,0.005810569364,-0.004570872692,1.032883846,0.01547599705,7,7,0.009016595391
2012-06-28,-0.005206258893,-0.005206258893,0,0,-0.005198607195,-7.651697871e-06,1.041973557,0.01669499699,7,7,-0.002853482473
2012-06-29,0.001325581357,0.001325581357,0,0,0.0144714933,-0.01314591195,1.042208609,0.01154886447,7,7,0.02492689125
2012-07-02,0.005090601781,0.00431205249,0.0007785492907,0.7785492907,0.00290305195,0.002187549831,1.068409751,0.0128574023,7,7,0.003012244731
2012-07-03,-0.008866868437,-0.008866868437,0,0,0.0008123471267,-0.009679215564,1,0,7,7,0.006593170438
2012-07-05,-0.01009746326,-0.01009746326,0,0,-0.001370199288,-0.008727263975,1.019531615,-0.008946193155,7,7,-0.004512029601
2012-07-06,-0.002676522032,-0.002676522032,0,0,-0.006892347574,0.004215825542,1.037363419,-0.01923791051,7,7,-0.009504122153
2012-07-09,-0.001039067215,-0.001039067215,0,0,-0.002629971427,0.001590904212,1.029009412,-0.02197324442,7,7,-0.001254316109
2012-07-10,0.001885459668,0.001885459668,0,0,-0.005318965472,0.00720442514,1.025854468,-0.02303624784,7,7,-0.008720078326
2012-07-11,-0.001855030229,-0.001855030229,0,0,-0.001769274018,-8.575621126e-05,1.011424079,-0.02111098427,7,7,0.000149158307
2012-07-12,-0.006592359088,-0.006592359088,0,0,-0.004055024268,-0.00253733482,1.011617141,-0.02300869632,7,7,-0.00484529073
2012-07-13,0.004470198195,0.004470198195,0,0,0.00960111899,-0.005130920795,1.016802579,-0.02979749117,7,7,0.016777571
2012-07-16,0.000474616827,0.000474616827,0,0,-0.002455911589,0.002930528416,1.026943976,-0.02521457881,7,7,-0.002356796591
2012-07-17,0.002855566826,0.002855566826,0,0,0.001941064994,0.0009145018319,1.021072918,-0.02472822555,7,7,0.006866815003
2012-07-18,-0.006113517278,-0.006113517278,0,0,0.000591475209,-0.006704992487,1.019189118,-0.02181037774,7,7,0.00740697466
2012-07-19,-0.004797306553,-0.004797306553,0,0,0.0005011085181,-0.005298415071,1.032799624,-0.02809565831,7,7,0.00262072918
2012-07-20,-0.002304715469,-0.002304715469,0,0,-0.005897523616,0.003592808147,1.043605644,-0.03305152315,7,7,-0.009148011211
2012-07-23,0.002010735854,0.002010735854,0,0,-0.003486386659,0.005497122513,1.036504159,-0.03543791292,7,7,-0.01011299501
2012-07-24,0.004217752422,0.004217752422,0,0,-0.003608843322,0.007826595744,1.025458724,-0.03336009872,7,7,-0.008586748473
2012-07-25,0.01368169051,0.01368169051,0,0,-0.005007870793,0.01868956131,1.009764349,-0.02901994735,7,7,0.0002248509545
2012-07-26,0.007456176315,0.007456176315,0,0,0.008177691356,-0.0007215150412,0.9727579433,-0.01513123595,7,7,0.01649705345
2012-07-27,0.004472435726,0.004472435726,0,0,0.01386145042,-0.009389014692,0.9743919118,-0.007618256566,7,7,0.01843240912
2012-07-30,-0.002450697971,-0.002450697971,0,0,-0.003473269687,0.001022571716,0.9932003522,-0.003131814004,7,7,0
2012-07-31,-0.002194505383,-0.002194505383,0,0,-0.002342392948,0.0001478875641,0.9911334796,-0.005596226637,7,7,-0.006994092426
2012-08-01,-0.001616730764,-0.002367786945,0.0007510561809,0.7510561809,-0.004088995943,0.002472265179,0.9908175535,-0.007807866425,7,7,-0.000871466589
2012-08-02,-0.0006975166947,-0.0006975166947,0,0,-0.003775675828,0.003078159134,1,0,7,7,-0.006904574312
2012-08-03,0.0004620758101,0.0004620758101,0,0,0.01020508271,-0.009743006904,0.9938393846,-0.0006980035638,7,7,0.01983323008
2012-08-06,-0.007717693496,-0.007717693496,0,0,0.001827057662,-0.009544751158,1.013319244,-0.0002358187875,7,7,0.001937478977
2012-08-07,-0.003477448451,-0.003477448451,0,0,0.002360668104,-0.005838116554,1.032660812,-0.008015372471,7,7,0.005013966039
2012-08-08,0.001404294983,0.001404294983,0,0,-0.0001459175421,0.001550212525,1.044491763,-0.01153292608,7,7,0.001211070757
2012-08-09,-0.005562164427,-0.005562164427,0,0,0.0004729518339,-0.006035116261,1.041333294,-0.01011442746,7,7,0.0008544299503
2012-08-10,-0.001409949074,-0.001409949074,0,0,0.0004936793732,-0.001903628447,1.053702227,-0.01576427537,7,7,0.001635458048
2012-08-13,0.002193751211,0.002193751211,0,0,0.00327781872,-0.001084067509,1.057590684,-0.01719847342,7,7,-0.0004969083598
2012-08-14,0.002738443322,0.002738443322,0,0,0.001779979793,0.0009584635292,1.05962801,-0.01497187763,7,7,0.0001419259475
2012-08-15,0.001303689095,0.001303689095,0,0,0.002405612145,-0.00110192305,1.057553476,-0.01220002523,7,7,0.00113635186
2012-08-16,-0.005161696768,-0.005161696768,0,0,0.006661152842,-0.01182284961,1.059679519,-0.0108821492,7,7,0.007378731306
2012-08-17,0.001287027038,0.001287027038,0,0,0.002339060873,-0.001052033835,1.083757549,-0.01612708911,7,7,0.001337944816
2012-08-20,-0.00100166327,-0.00100166327,0,0,0.001053915531,-0.002055578801,1.085751252,-0.01482098706,7,7,7.019083492e-05
2012-08-21,-0.006583014885,-0.006583014885,0,0,-0.00374643718,-0.002836577705,1.089952512,-0.01583851519,7,7,-0.003023808688
2012-08-22,0.004238492167,0.004238492167,0,0,0.002508204013,0.001730288154,1.096259344,-0.02257010944,7,7,0.0004231474485
2012-08-23,0.0005930567151,0.0005930567151,0,0,-0.005292894446,0.005885951161,1.092407101,-0.01825424679,7,7,-0.008179196522
2012-08-24,0.001921271247,0.001921271247,0,0,0.004772019636,-0.002850748388,1.080587406,-0.0176507222,7,7,0.006042793085
2012-08-27,0.002969462176,0.002969462176,0,0,0.0008624154158,0.00210704676,1.086123436,-0.01569928836,7,7,0.0002117756762
2012-08-28,-0.00279660593,-0.00279660593,0,0,-0.00171093671,-0.00108566922,1.081666836,-0.01269213736,7,7,-0.0009888331741
2012-08-29,-0.0009578707831,-0.0009578707831,0,0,0.0004734975795,-0.001431368363,1.084073294,-0.01553218068,7,7,0.0007778715226
2012-08-30,0.004121437557,0.004121437557,0,0,-0.005321698694,0.009443136252,1.087019385,-0.01650586195,7,7,-0.007208002687
2012-08-31,0.001380996885,0.001380996885,0,0,0.002896693069,-0.001515696184,1.067853458,-0.01233359226,7,7,0.004768911351
2012-09-04,0.01254030704,0.01176154786,0.0007787591774,0.7787591774,0.0008438271922,0.01169647985,1.070787094,-0.01093749073,7,7,-0.0009208658951
2012-09-05,0.001161870522,0.001161870522,0,0,0.00149869759,-0.0003368270683,1,0,7,7,-0.0008507445722
2012-09-06,-0.00691963468,-0.00691963468,0,0,0.007670844038,-0.01459047872,1.000672872,0.001160522145,7,7,0.02029636918
2012-09-07,-0.005867561943,-0.005867561943,0,0,0.0005172234318,-0.006384785374,1.030061847,-0.005799241165,7,7,0.003895199684
2012-09-10,0.007866760569,0.007866760569,0,0,-0.001286180782,0.00915294135,1.043084217,-0.01173566284,7,7,-0.005681366725
2012-09-11,-0.005339763786,-0.005339763786,0,0,3.852834478e-05,-0.005378292131,1.02458493,-0.003838704102,7,7,0.002787374215
2012-09-12,-0.006360917359,-0.006360917359,0,0,-0.001596153768,-0.004764763591,1.035531243,-0.00922774185,7,7,0.003335416448
2012-09-13,-0.0003714749423,-0.0003714749423,0,0,0.008762642749,-0.009134117692,1.045349233,-0.01568845216,7,7,0.01523648284
2012-09-14,-0.01239751274,-0.01239751274,0,0,-0.004314881464,-0.008082631272,1.063641109,-0.01606589518,7,7,0.004433973782
2012-09-17,0.0009561140319,0.0009561140319,0,0,-0.001000988328,0.00195710236,1.080808193,-0.02882071307,7,7,-0.003395804447
2012-09-18,0.005686121923,0.005686121923,0,0,0.000679053546,0.005007068377,1.076820539,-0.02783798275,7,7,-0.0008171761302
2012-09-19,0.001441111307,0.001441111307,0,0,0.00322193324,-0.001780821933,1.06642868,-0.02202661481,7,7,0.0005451190681
2012-09-20,0.004015211731,0.004015211731,0,0,0.00192619138,0.002089020351,1.069889606,-0.02055588019,7,7,6.875751393e-05
2012-09-21,0.003818330851,0.003818330851,0,0,-0.002389507899,0.00620783875,1.065448774,-0.01647451978,7,7,-0.0004186162922
2012-09-24,0.00444901216,0.00444901216,0,0,0.001409178552,0.003039833608,1.052831369,-0.01260804723,7,7,-0.001508286522
2012-09-25,0.01504576506,0.01504576506,0,0,-0.002850266644,0.0178960317,1.046544624,-0.008122896207,7,7,-0.01064157756
2012-09-26,-0.0007399341016,-0.0007399341016,0,0,-0.001286345362,0.0005464112606,1.010593178,0.006820252926,7,7,-0.005621342557
2012-09-27,-0.00307992909,-0.00307992909,0,0,0.004531023505,-0.007610952595,1.009507391,0.006084821191,7,7,0.009421372649
2012-09-28,-0.0007496412747,-0.0007496412747,0,0,-0.001873645625,0.001124004351,1.024805696,0.003014175548,7,7,-0.004631701718
2012-10-01,-0.002834355536,-0.003577030661,0.000742675125,0.742675125,3.281210554e-05,-0.002867167641,1.02257461,0.002266233135,7,7,0.002639321591
2012-10-02,-0.001465422977,-0.001465422977,0,0,-0.0005314405692,-0.0009339824082,1,0,7,7,0.001039370123
2012-10-03,-0.003909096568,-0.003909096568,0,0,0.006529053908,-0.01043815048,1.001870706,-0.001467573593,7,7,0.004082725817
2012-10-04,-0.009970718527,-0.009970718527,0,0,0.002388100761,-0.01235881929,1.022836276,-0.005397770568,7,7,0.007167465452
2012-10-05,0.002287363039,0.002287363039,0,0,0.0004945276839,0.001792835355,1.048032837,-0.01552326722,7,7,6.912268482e-05
2012-10-08,-0.01392558341,-0.01392558341,0,0,-0.003832886709,-0.01009269671,1.044345731,-0.01320569796,7,7,-0.003421866046
2012-10-09,0.007456208521,0.007456208521,0,0,-0.006663094089,0.01411930261,1.065442449,-0.02751443595,7,7,-0.009887505017
2012-10-10,-0.002136626338,-0.002136626338,0,0,-0.003137062723,0.001000436385,1.036928497,-0.01990977598,7,7,-0.006379451778
2012-10-11,-0.006796834302,-0.006796834302,0,0,-0.004429099008,-0.002367735294,1.035002412,-0.02209360811,7,7,0.0005580382013
2012-10-12,0.009531813941,0.009531813941,0,0,0.001224885545,0.008306928397,1.040009822,-0.02908814974,7,7,-0.003278670601
2012-10-15,-0.0009914762434,-0.0009914762434,0,0,0.005853924826,-0.006845401069,1.023175065,-0.01937168847,7,7,0.008328489194
2012-10-16,-0.003334843777,-0.003334843777,0,0,0.004035462358,-0.007370306135,1.036902455,-0.02038337435,7,7,0.01013309019
2012-10-17,-0.003608293569,-0.003608293569,0,0,0.004389258823,-0.007997552392,1.051815865,-0.02379757933,7,7,0.004535052273
2012-10-18,0.002176284063,0.002176284063,0,0,-0.0006794370919,0.002855721155,1.068056538,-0.02750511945,7,7,-0.002599196444
2012-10-19,0.001776059937,0.001776059937,0,0,-0.007344314944,0.009120374881,1.06220971,-0.02527383234,7,7,-0.01666431345
2012-10-22,-0.005212387048,-0.005212387048,0,0,-1.799559157e-05,-0.005194391457,1.043891007,-0.02345611295,7,7,0.0001392675807
2012-10-23,-0.001374153962,-0.001374153962,0,0,-0.006739390859,0.005365236897,1.054564199,-0.02881871429,7,7,-0.01387597399
2012-10-24,0.01013115455,0.01013115455,0,0,-0.003285683103,0.01341683765,1.043894043,-0.03023441499,7,7,-0.002828598558
2012-10-25,-0.004659889821,-0.004659889821,0,0,-0.002536778533,-0.002123111287,1.01688926,-0.01990163391,7,7,0.00290742629
2012-10-26,-0.006310729292,-0.006310729292,0,0,0.002369868679,-0.008680597971,1.021234433,-0.02467651357,7,7,-0.0005659534112
2012-10-31,-0.02325224064,-0.02325224064,0,0,-0.002631216915,-0.02062102373,1.038840742,-0.03118403687,7,7,0
2012-11-01,-0.01008808705,-0.01091197716,0.0008238901097,0.8238901097,0.0006804471882,-0.01076853424,1.081989222,-0.05573217547,7,7,0.01047042008
2012-11-02,0.0008096242264,0.0008096242264,0,0,-0.00320109066,0.004010714886,1,0,7,7,-0.008891444312
2012-11-05,-0.007828691439,-0.007828691439,0,0,0.001217230841,-0.009045922281,0.9919850593,0.0008089692652,7,7,0.002048287617
2012-11-06,-0.0005674488031,-0.0005674488031,0,0,0.0006759784021,-0.001243427205,1.010156415,-0.007075111035,7,7,0.007825272326
2012-11-07,-0.005429510516,-0.005429510516,0,0,-0.009568664915,0.004139154399,1.012650448,-0.007646899062,7,7,-0.0226636635
2012-11-08,-0.001824054304,-0.001824054304,0,0,-0.007453358878,0.005629304574,1.004396008,-0.01314779567,7,7,-0.01202397385
2012-11-09,-0.004403974361,-0.004403974361,0,0,-0.002029662258,-0.002374312103,0.9931248578,-0.01499920935,7,7,0.00086904247
2012-11-12,-0.002743862933,-0.002743862933,0,0,9.580960638e-05,-0.002839672539,0.9978640755,-0.01948901282,7,7,0.0007961581605
2012-11-13,0.002207014759,0.002207014759,0,0,0.001750348994,0.0004566657647,1.00355317,-0.02229404757,7,7,-0.003471298236
2012-11-14,0.0004989358738,0.0004989358738,0,0,-0.0067415866,0.007240522474,1.002634025,-0.02004279806,7,7,-0.01349849659
2012-11-15,-0.005354317389,-0.005354317389,0,0,-0.004932252553,-0.000422064836,0.9881588881,-0.01953411591,7,7,-0.001692391945
2012-11-16,-0.0006179845068,-0.0006179845068,0,0,0.001838792136,-0.002456776642,0.9889438195,-0.02502241123,7,7,0.0049371972
2012-11-19,-0.0001186115382,-0.0001186115382,0,0,0.0108754124,-0.01099402394,0.9938535743,-0.0256562509,7,7,0.02023949798
2012-11-20,0.0004440085238,0.0004440085238,0,0,0.001280484578,-0.0008364760547,1.015843501,-0.02577792,7,7,0.0004312908238
2012-11-21,0.0008302665138,0.0008302665138,0,0,0.0002655759318,0.000564690582,1.01750868,-0.025322668,7,7,0.001867750476
2012-11-23,0.001731123137,0.001731123137,0,0,0.005015752271,-0.003284629134,1.01636571,-0.02447208313,7,7,0.01362490946
2012-11-26,-0.0002596790315,-0.0002596790315,0,0,0.001358828893,-0.001618507925,1.022895334,-0.02270166062,7,7,-0.002122243701
2012-11-27,-0.0006905977473,-0.0006905977473,0,0,-0.001522379444,0.000831781697,1.026139138,-0.02296730378,7,7,-0.005104423058
2012-11-28,0.000622461547,0.000622461547,0,0,0.005225229012,-0.004602767465,1.024492489,-0.02367425091,7,7,0.008052816448
2012-11-29,0.001018857413,0.001018857413,0,0,0.002913537311,-0.001894679898,1.033677061,-0.02303744944,7,7,0.004664481715
2012-11-30,0.003128978059,0.003128978059,0,0,0.002239662529,0.0008893155308,1.037428287,-0.02199618106,7,7,0.0002117213861
2012-12-03,0.004498443299,0.003183923191,0.001314520108,1.314520108,-0.001758521433,0.006256964732,1.035538457,-0.01880835208,7,7,-0.004923964551
2012-12-04,0.007064278546,0.007064278546,0,0,0.008570169118,-0.001505890572,1,0,7,7,-0.001414443701
2012-12-05,-0.0003029137083,-0.0003029137083,0,0,0.001330081793,-0.001632995501,1.002990654,0.007014724578,7,7,0.001769959634
2012-12-06,0.003326563331,0.003326563331,0,0,0.003732112512,-0.0004055491817,1.006258541,0.006713844585,7,7,0.00339226353
2012-12-07,0.0003261958181,0.0003261958181,0,0,0.002705762568,-0.00237956675,1.0070462,0.0100071186,7,7,0.003028691305
2012-12-10,-0.009224697378,-0.009224697378,0,0,-0.003217780089,-0.006006917289,1.011801484,0.01032994484,7,7,0.0004210175894
2012-12-11,-0.001825257902,-0.001825257902,0,0,0.004027607158,-0.00585286506,1.024037053,0.001115537957,7,7,0.006808555372
2012-12-12,0.006523904697,0.006523904697,0,0,0.00453347152,0.001990433177,1.035808142,-0.0007110177359,7,7,0.0004878738098
2012-12-13,0.001825023569,0.001825023569,0,0,-0.001251793595,0.003076817165,1.031620983,0.005775210041,7,7,-0.006131820936
2012-12-14,0.005064554839,0.005064554839,0,0,0.001276930103,0.003787624737,1.025420955,0.007586388273,7,7,-0.003715615884
2012-12-17,0.006562173987,0.006562173987,0,0,0.01023427238,-0.003672098395,1.017755781,0.01258719457,7,7,0.01175170444
2012-12-18,0.002193855033,0.002193855033,0,0,0.008503794562,-0.006309939529,1.024936341,0.01902452631,7,7,0.01112919213
2012-12-19,-0.0009268735864,-0.0009268735864,0,0,-0.003242451304,0.002315577718,1.037474007,0.02117193319,7,7,-0.007429466886
2012-12-20,0.00166585047,0.00166585047,0,0,0.002595497436,-0.0009296469656,1.032873321,0.02026384162,7,7,0.005752474937
2012-12-21,-0.004522276259,-0.004522276259,0,0,-0.007395613909,0.00287333765,1.034674852,0.02189322126,7,7,-0.009077686564
2012-12-24,-0.002166441382,-0.002166441382,0,0,-0.002199863303,3.342192137e-05,1.029059592,0.01744985808,7,7,-0.003080998649
2012-12-26,0.00722227826,0.00722227826,0,0,0.001721991387,0.005500286873,1.029055696,0.01531659921,7,7,-0.004215156056
2012-12-27,-0.001923335561,-0.001923335561,0,0,-0.002526971525,0.0006036359643,1.017925658,0.02237726266,7,7,-0.001340039586
2012-12-28,0.0003898159307,0.0003898159307,0,0,-0.005098103113,0.005487919044,1.016750603,0.02049334267,7,7,-0.0108082
2012-12-31,0.001422364193,0.001422364193,0,0,0.009663070748,-0.008240706555,1.005772515,0.02087502119,7,7,0.01699630421
2013-01-02,-0.00486804142,-0.005787057049,0.000919015629,0.919015629,0.01195174397,-0.01681978539,1.02222232,0.02226571542,7,7,0.02562992753
2013-01-03,0.005809688607,0.005809688607,0,0,0.001756344612,0.004053343995,1,0,7,7,-0.002258900237
2013-01-04,0.001571392882,0.001571392882,0,0,0.005545598199,-0.003974205317,0.9919401373,0.005776131084,7,7,0.004391566973
2013-01-07,0.0007831011128,0.0007831011128,0,0,0.00113918203,-0.0003560809177,0.9998887228,0.007335996234,7,7,-0.002732794034
2013-01-08,0.0001872473351,0.0001872473351,0,0,-0.003300105461,0.003487352796,1.000600414,0.008112744247,7,7,-0.002877507404
2013-01-09,-0.006869577469,-0.006869577469,0,0,-0.002145175596,-0.004724401873,0.9936269022,0.008298437722,7,7,0.00254225452
2013-01-10,0.00353884474,0.00353884474,0,0,0.008039604239,-0.004500759499,1.003096981,0.001438743815,7,7,0.007949714159
2013-01-11,0.0002467038487,0.0002467038487,0,0,0.002319163472,-0.002072459624,1.012055836,0.004960035759,7,7,-6.806189191e-05
2013-01-14,-0.0009225190311,-0.0009225190311,0,0,-0.001039447211,0.0001169281795,1.01619676,0.005205455402,7,7,-0.0006799466939
2013-01-15,0.002835497783,0.002835497783,0,0,0.0001328186784,0.002702679104,1.015977643,0.004286891109,7,7,0.0006804093359
2013-01-16,-0.001805059234,-0.001805059234,0,0,-0.002394583977,0.0005895247424,1.010542392,0.007102250476,7,7,-0.0001359370804
2013-01-17,-0.001917379444,-0.001917379444,0,0,0.002002993327,-0.003920372771,1.009380274,0.005306770277,7,7,0.006460273798
2013-01-18,0.003952067762,0.003952067762,0,0,0.002153696386,0.001798371376,1.017254102,0.003395902066,7,7,0.002229873818
2013-01-22,-0.003637625501,-0.003637625501,0,0,0.0008626596474,-0.004500285148,1.013603597,0.007319044468,7,7,0.005393366248
2013-01-23,0.009244178292,0.009244178292,0,0,0.01015865723,-0.000914478937,1.022686693,0.003694859482,7,7,0.001608840571
2013-01-24,0.03343405834,0.03343405834,0,0,0.03684760129,-0.003413542948,1.0242911,0.01282052258,7,7,0.0002678165886
2013-01-25,0.01468036878,0.01468036878,0,0,0.01819375677,-0.003513387995,1.030111438,0.04475813483,7,7,0.005622256724
2013-01-28,-0.008870815924,-0.008870815924,0,0,-0.005752335194,-0.00311848073,1.0366009,0.05857854891,7,7,-0.001197604331
2013-01-29,0.0103678597,0.0103678597,0,0,0.006280926515,0.004086933187,1.043221269,0.05015262771,7,7,0.003931162155
2013-01-30,-0.001851341423,-0.001851341423,0,0,-0.002698743742,0.000847402319,1.034687765,0.05989945823,7,7,-0.003915768633
2013-01-31,0.002473878971,0.002473878971,0,0,-0.002358474608,0.004832353579,1.033054155,0.05815578302,7,7,-0.002465874724
2013-02-01,0.004699117194,0.003489717809,0.001209399385,1.209399385,0.00648480511,-0.001785687916,1.023331728,0.06048004169,7,7,0.0102871802
2013-02-04,0.008779282751,0.008779282751,0,0,-0.0004997048816,0.009278987632,1,0,7,7,-0.01124032522
2013-02-05,-0.001489368062,-0.001489368062,0,0,0.006754103156,-0.008243471218,0.9816035325,0.008702877726,7,7,0.01009761685
2013-02-06,0.0068372398,0.0068372398,0,0,0.006518998442,0.0003182413585,0.9980876267,0.00722426926,7,7,0.0007280496404
2013-02-07,-0.004037749598,-0.004037749598,0,0,-0.002788955624,-0.001248793974,0.9974684528,0.01396602003,7,7,-0.001322908026
2013-02-08,-0.003158906683,-0.003158906683,0,0,3.55413555e-05,-0.003194448039,0.9999659031,0.009968520825,7,7,0.005564719319
2013-02-11,-0.003722963649,-0.003722963649,0,0,-0.001241311014,-0.002481652635,1.006374937,0.006831193244,7,7,-0.0001979000946
2013-02-12,0.007384703442,0.007384703442,0,0,0.002692788769,0.004691914673,1.011380612,0.003119844663,7,7,0.001647890288
2013-02-13,0.005405770226,0.005405770226,0,0,0.004185578611,0.001220191615,1.001982145,0.01042754379,7,7,0.0008544719451
2013-02-14,4.544945344e-06,4.544945344e-06,0,0,0.001727386344,-0.001722841398,0.9995442256,0.01574818295,7,7,0.0009201046464
2013-02-15,-0.0005789595493,-0.0005789595493,0,0,-0.002669519119,0.00209055957,1.002989895,0.01575265631,7,7,-0.001181687925
2013-02-19,0.0103565797,0.0103565797,0,0,0.0120999012,-0.001743321503,0.9988080855,0.0151824868,7,7,0.007494583049
2013-02-20,-0.009533108111,-0.009533108111,0,0,-0.01310080893,0.003567700821,1.002271207,0.02527728033,7,7,-0.01246327068
2013-02-21,-0.01010557458,-0.01010557458,0,0,-0.01321397078,0.003108396197,0.9950889878,0.01589570772,7,7,-0.006079532686
2013-02-22,-0.00351981181,-0.00351981181,0,0,0.002534171793,-0.006053983604,0.9887585945,0.005849243101,7,7,0.00977272572
2013-02-25,-0.006480346863,-0.006480346863,0,0,-0.01450189416,0.008021547293,1.000869623,0.002337659411,7,7,-0.01902669171
2013-02-26,-0.0006318735105,-0.0006318735105,0,0,0.002806831021,-0.003438704532,0.9847275573,-0.00416970861,7,7,0.006845570113
2013-02-27,0.00412121048,0.00412121048,0,0,0.009165847958,-0.005044637478,0.9915996584,-0.004804618031,7,7,0.01259828542
2013-02-28,8.11676816e-06,8.11676816e-06,0,0,8.515652026e-05,-7.70397521e-05,1.001682002,-0.0006806026446,7,7,-0.001974596181
2013-03-01,0.007679343608,0.007213237263,0.0004661063443,0.4661063443,0.00636421113,0.001315132477,1.001836066,-0.000672480418,7,7,0.003297927321
2013-03-04,0.0009981328406,0.0009981328406,0,0,0.001525415092,-0.0005272822517,1,0,7,7,0.005324960531
2013-03-05,-0.0001271413064,-0.0001271413064,0,0,0.005161824356,-0.005288965662,1.001053513,0.0009971375649,7,7,0.008958641695
2013-03-06,0.008290327526,0.008290327526,0,0,0.007661296593,0.0006290309329,1.011632923,0.000870106885,7,7,0.001361388073
2013-03-07,0.005541284378,0.005541284378,0,0,0.007296507327,-0.001755222949,1.010289558,0.009085115825,7,7,0.001811907927
2013-03-08,-0.004684501053,-0.004684501053,0,0,-0.00347648231,-0.001208018743,1.013723955,0.0145457978,7,7,0.004264580119
2013-03-11,0.001309237033,0.001309237033,0,0,0.001090787566,0.0002184494668,1.016215956,0.009907709423,7,7,0.003795352337
2013-03-12,-0.0006834633481,-0.0006834633481,0,0,-0.001497926783,0.0008144634348,1.015758426,0.01120228002,7,7,-0.002242938128
2013-03-13,0.001993923138,0.001993923138,0,0,0.0030784629,-0.001084539762,1.014139163,0.01052601081,7,7,0.001413287656
2013-03-14,-0.005990645106,-0.005990645106,0,0,-0.002710797394,-0.003279847712,1.016275789,0.01249501984,7,7,0.005323561218
2013-03-15,-0.001829581259,-0.001829581259,0,0,-0.003455562436,0.001625981177,1.022973109,0.006543574969,7,7,-0.001320272207
2013-03-18,-0.002402139002,-0.002402139002,0,0,-0.003038172672,0.0006360336704,1.019757294,0.004722634153,7,7,-0.005518728501
2013-03-19,-0.00407085463,-0.00407085463,0,0,-0.003186673094,-0.0008841815361,1.018529738,0.002326082726,7,7,-0.002322589198
2013-03-20,-8.631961333e-05,-8.631961333e-05,0,0,0.003271462713,-0.003357782326,1.020381069,-0.00175190365,7,7,0.006985163911
2013-03-21,-0.005442994956,-0.005442994956,0,0,-0.007030017486,0.00158702253,1.027098973,-0.001838381951,7,7,-0.008542630525
2013-03-22,-0.004043144285,-0.004043144285,0,0,0.002170642611,-0.006213786896,1.024055864,-0.007321226306,7,7,0.008033046254
2013-03-25,-0.0009022521426,-0.0009022521426,0,0,-0.001898495764,0.0009962436218,1.036631544,-0.01141050491,7,7,-0.004177588094
2013-03-26,0.003577381452,0.003577381452,0,0,0.006291469291,-0.002714087839,1.034670338,-0.01232387629,7,7,0.008003140641
2013-03-27,0.003140867094,0.003140867094,0,0,0.001224652717,0.001916214377,1.039955578,-0.00871531683,7,7,0
2013-03-28,-0.005148351978,-0.005148351978,0,0,-0.003248879479,-0.001899472499,1.036010046,-0.00555699595,7,7,0.003072472607
2013-04-01,0.01378694525,0.01329882036,0.0004881248836,0.4881248836,0.008462983616,0.00532396163,1.040015002,-0.01076074805,7,7,-0.003956937656
2013-04-02,-0.004179154375,-0.004179154375,0,0,-0.0004204878163,-0.003758666558,1,0,7,7,0.004933950038
2013-04-03,-0.007545959868,-0.007545959868,0,0,-0.009179962539,0.001634002671,1.007548881,-0.004196693002,7,7,-0.01013873604
2013-04-04,0.002641761456,0.002641761456,0,0,0.003882916285,-0.001241154829,1.004313425,-0.01183193619,7,7,0.004058462113
2013-04-05,-0.001120602119,-0.001120602119,0,0,-0.001000916675,-0.0001196854439,1.006777829,-0.009165960449,7,7,-0.004490827344
2013-04-08,2.326597443e-05,2.326597443e-05,0,0,0.001925150135,-0.001901884161,1.007025072,-0.01029810264,7,7,0.006766782884
2013-04-09,-0.000507776443,-0.000507776443,0,0,0.004800299186,-0.005308075629,1.010828588,-0.01027459762,7,7,0.003457085593
2013-04-10,-0.0003046461949,-0.0003046461949,0,0,0.006970539921,-0.007275186116,1.021455634,-0.01078785188,7,7,0.01224861057
2013-04-11,0.006612596936,0.006612596936,0,0,0.004865491021,0.001747105916,1.036016979,-0.01109587839,7,7,0.003277021457
2013-04-12,-0.003293085165,-0.003293085165,0,0,-0.003407273699,0.0001141885336,1.03230912,-0.004453830074,7,7,-0.002449978578
2013-04-15,-0.001186644826,-0.001186644826,0,0,-0.009874666805,0.008688021979,1.032186737,-0.007772510779,7,7,-0.02317346424
2013-04-16,-0.00248396362,-0.00248396362,0,0,0.00424371488,-0.0067276785,1.014828289,-0.008969799571,7,7,0.01476314522
2013-04-17,-0.002984372496,-0.002984372496,0,0,-0.01417713584,0.01119276335,1.028354076,-0.01148228477,7,7,-0.01461198313
2013-04-18,0.0002971533883,0.0002971533883,0,0,-0.009691396877,0.009988550265,1.005986415,-0.01450996039,7,7,-0.006253466603
2013-04-19,0.00102953869,0.00102953869,0,0,0.006238214681,-0.005208675991,0.9860134707,-0.01420858487,7,7,0.008693253237
2013-04-22,0.002264834219,0.002264834219,0,0,0.006479816969,-0.004214982749,0.9964344935,-0.0131654918,7,7,0.004438503365
2013-04-23,0.01903435424,0.01903435424,0,0,0.02463931935,-0.005604965107,1.004853467,-0.01087602519,7,7,0.01030868169
2013-04-24,-0.001198304443,-0.001198304443,0,0,0.002795670022,-0.003993974465,1.015763352,0.008005941132,7,7,0.0006338351458
2013-04-25,-0.000266755089,-0.000266755089,0,0,0.001596451455,-0.001863206544,1.023779796,0.006815804098,7,7,0.004053648244
2013-04-26,0.0004491030337,0.0004491030337,0,0,0.001516421982,-0.001067318948,1.027513549,0.006550796467,7,7,-0.001766164033
2013-04-29,-0.004260750504,-0.004260750504,0,0,0.001612563725,-0.005873314229,1.029634877,0.006996757236,7,7,0.006698479857
2013-04-30,0.0008050799515,0.0008050799515,0,0,0.002080209405,-0.001275129454,1.041558577,0.002747714056,7,7,0.002385543649
2013-05-01,-0.003355201397,-0.004106230469,0.0007510290716,0.7510290716,-0.008891829314,0.005536627917,1.044073353,0.003549936025,7,7,-0.008767925592
2013-05-02,9.359919532e-05,9.359919532e-05,0,0,0.005261611823,-0.005168012628,1,0,7,7,0.009287571923
2013-05-03,0.001880253406,0.001880253406,0,0,0.007741492228,-0.005861238822,1.010335058,9.359043533e-05,7,7,0.01014137454
2013-05-06,0.007993747803,0.007993747803,0,0,0.009612070892,-0.001618323089,1.02201614,0.00197013948,7,7,0.002540458741
2013-05-07,-0.00756199446,-0.00756199446,0,0,-0.006993343132,-0.0005686513281,1.025052522,0.009884870124,7,7,0.005068870015
2013-05-08,0.0006407162398,0.0006407162398,0,0,0.002445351397,-0.001804635157,1.026389381,0.00234057508,7,7,0.004550728232
2013-05-09,0.01847042719,0.01847042719,0,0,0.01772397003,0.0007464571547,1.029979443,0.002979382381,7,7,-0.002816183893
2013-05-10,0.01011903051,0.01011903051,0,0,0.01211159685,-0.001992566341,1.027969913,0.02106080746,7,7,0.003253858893
2013-05-13,0.01902351432,0.01902351432,0,0,0.01799747765,0.001026036673,1.031634931,0.03086748891,7,7,0.00079601813
2013-05-14,3.395283928e-06,3.395283928e-06,0,0,0.00220415818,-0.002200762896,1.029030593,0.04895961921,7,7,0.01033380553
2013-05-15,0.008738088895,0.008738088895,0,0,0.009031143015,-0.0002930541203,1.033432006,0.04896284826,7,7,0.005386177238
2013-05-16,0.004252454017,0.004252454017,0,0,0.002960359189,0.001292094828,1.033723435,0.05720110878,7,7,-0.004695659584
2013-05-17,0.001329800445,0.001329800445,0,0,0.004370452659,-0.003040652214,1.031007388,0.06119334093,7,7,0.009677659702
2013-05-20,-0.003794085515,-0.003794085515,0,0,-0.002455736702,-0.001338348813,1.037039438,0.06244010849,7,7,-6.073064698e-05
2013-05-21,-0.007295362082,-0.007295362082,0,0,-0.004366723361,-0.00292863872,1.039867396,0.05886937843,7,7,0.001438143225
2013-05-22,-0.003315007995,-0.003315007995,0,0,-0.008180207902,0.004865199907,1.046060703,0.05195303253,7,7,-0.007417600022
2013-05-23,0.003189908783,0.003189908783,0,0,0.002884599267,0.0003053095156,1.036451139,0.04879979625,7,7,-0.002893043174
2013-05-24,0.005542643163,0.005542643163,0,0,0.005608575152,-6.593198863e-05,1.035726555,0.05182438996,7,7,-0.0008457466746
2013-05-28,0.01347037039,0.01347037039,0,0,0.01573221658,-0.002261846184,1.035660764,0.05705082078,7,7,0.005988534627
2013-05-29,-0.006746305155,-0.006746305155,0,0,-0.008952430198,0.002206125043,1.039650352,0.06958387066,7,7,-0.006494318406
2013-05-30,0.004142668883,0.004142668883,0,0,0.006122860609,-0.001980191725,1.035477443,0.06326436622,7,7,0.003692078628
2013-05-31,-0.008107965439,-0.008107965439,0,0,-0.01239126741,0.004283301974,1.039275123,0.06712894213,7,7,-0.01435235711
2013-06-03,-0.01187583655,-0.01251362498,0.0006377884305,0.6377884305,-0.006054791002,-0.005821045552,1.030959538,0.05950342843,7,7,0.005506630614
2013-06-04,0.002951852095,0.002951852095,0,0,0.003143806801,-0.0001919547062,1,0,7,7,-0.004806638065
2013-06-05,-0.0005520100951,-0.0005520100951,0,0,-0.007373783306,0.006821773211,1.00038278,0.002943164309,7,7,-0.0140012769
2013-06-06,0.002493199028,0.002493199028,0,0,0.001262805714,0.001230393314,0.986731909,0.002392474884,7,7,0.009053279066
2013-06-07,0.005896582132,0.005896582132,0,0,0.0116983602,-0.005801778065,0.98431024,0.004873523249,7,7,0.01272074247
2013-06-10,-0.004585669624,-0.004585669624,0,0,-0.002279984853,-0.00230568477,0.9959377496,0.01070697085,7,7,0
2013-06-11,-0.005371957749,-0.005371957749,0,0,-0.01123073345,0.005858775706,1.000551649,0.006149500803,7,7,-0.01031573662
2013-06-12,9.030237618e-05,9.030237618e-05,0,0,-0.004244867951,0.004335170327,0.9887737906,0.000781742542,7,7,-0.008277315581
2013-06-13,-0.001285301754,-0.001285301754,0,0,0.007317969137,-0.008603270891,0.9801052465,0.0008719661775,7,7,0.01520884039
2013-06-14,0.0009388027168,0.0009388027168,0,0,-0.001419958863,0.002358761579,0.9973083287,-0.0004138675215,7,7,-0.006272583268
2013-06-17,0.006380904121,0.006380904121,0,0,0.01045275598,-0.004071851854,0.9925977548,0.000524442847,7,7,0.00772147364
2013-06-18,-0.001242386833,-0.001242386833,0,0,0.002303391037,-0.00354577787,1.000736757,0.006861563986,7,7,0.007905551696
2013-06-19,0.006622755849,0.006622755849,0,0,0.00205683271,0.004565923139,1.007838051,0.005626167029,7,7,-0.01381700567
2013-06-20,-0.007160685506,-0.007160685506,0,0,-0.01673881688,0.009578131375,0.9987147168,0.01216833497,7,7,-0.02477814079
2013-06-21,-0.007717962029,-0.007717962029,0,0,-0.004485782472,-0.003232179557,0.9794110228,0.005043766285,7,7,0.003210531378
2013-06-24,0.003850605312,0.003850605312,0,0,-0.004727147805,0.008577753117,0.9857655208,-0.002694995618,7,7,-0.01263642705
2013-06-25,0.002462316935,0.002462316935,0,0,0.005483342043,-0.003021025107,0.9687304214,0.001151176966,7,7,0.009614725844
2013-06-26,0.006891859468,0.006891859468,0,0,0.008681327205,-0.001789467737,0.9748344372,0.003604618188,7,7,0.009900621784
2013-06-27,0.005253966565,0.005253966565,0,0,0.007951070868,-0.002697104303,0.9785611264,0.01042463255,7,7,0.005869980659
2013-06-28,-0.004853250228,-0.004853250228,0,0,-0.004985993056,0.0001327428285,0.9840391925,0.01559665482,7,7,-0.004097328473
2013-07-01,0.008978183837,0.00794458714,0.001033596697,1.033596697,0.01232475772,-0.003346573881,0.9836945725,0.0107957993,7,7,0.005859378475
2013-07-02,-0.002708558019,-0.002708558019,0,0,-0.002747174299,3.861628048e-05,1,0,7,7,-0.0009296007009
2013-07-03,-0.003110705717,-0.003110705717,0,0,-0.0007044617344,-0.002406243983,0.9999225577,-0.00271591423,7,7,0.0004347209229
2013-07-05,0.005977474149,0.005977474149,0,0,0.008378443671,-0.002400969522,1.004749821,-0.005844801405,7,7,0.01078838125
2013-07-08,0.003153248429,0.003153248429,0,0,0.00532945156,-0.002176203132,1.009495004,0.0001318844087,7,7,0.005704647654
2013-07-09,0.0011173638,0.0011173638,0,0,0.008656756586,-0.007539392786,1.013803883,0.003274806559,7,7,0.007197341534
2013-07-10,-0.00283299822,-0.00283299822,0,0,-0.001670970319,-0.001162027901,1.028850432,0.004387268184,7,7,0.0003634431502
2013-07-11,-0.0004260659415,-0.0004260659415,0,0,0.007598260255,-0.008024326197,1.031263056,0.001558685718,7,7,0.013620826
2013-07-12,0.004433936194,0.004433936194,0,0,0.005176853268,-0.0007429170742,1.047331875,0.001133102553,7,7,0.000417864129
2013-07-15,-0.0001702757543,-0.0001702757543,0,0,0.001706933247,-0.001877209001,1.04860221,0.005542463815,7,7,0.003820888524
2013-07-16,-0.01194121103,-0.01194121103,0,0,-0.01120152842,-0.000739682615,1.052365545,0.00537310297,7,7,-0.003747047582
2013-07-17,0.00634629753,0.00634629753,0,0,0.008448986466,-0.002102688936,1.054495654,-0.00664748711,7,7,0.002567326146
2013-07-18,0.001348004891,0.001348004891,0,0,-0.00107033807,0.002418342961,1.058330847,-0.0002992901961,7,7,0.005477937903
2013-07-19,-0.008166173165,-0.008166173165,0,0,-0.008608291731,0.0004421185655,1.053422148,0.001047302925,7,7,0.001776405281
2013-07-22,0.004435178999,0.004435178999,0,0,0.004271253306,0.0001639256931,1.052970477,-0.007177482808,7,7,0.001950524547
2013-07-23,-0.003952391519,-0.003952391519,0,0,-0.003708858759,-0.0002435327602,1.052410177,-0.002730194906,7,7,-0.002124212906
2013-07-24,-0.006409871752,-0.006409871752,0,0,-0.003103061855,-0.003306809897,1.053107143,-0.006709103429,7,7,-0.003665379361
2013-07-25,-0.02303444125,-0.02303444125,0,0,0.001322753266,-0.02435719451,1.060106034,-0.01320360862,7,7,0.002433192224
2013-07-26,0.003190534453,0.003190534453,0,0,0.002669320092,0.0005212143612,1.111386141,-0.03709245381,7,7,0.001065464749
2013-07-29,-0.005181084772,-0.005181084772,0,0,0.0008329147463,-0.006013999518,1.109992776,-0.03379409813,7,7,-0.003075070818
2013-07-30,-0.01086911143,-0.01086911143,0,0,-0.001026987911,-0.009842123516,1.122656268,-0.03917816831,7,7,0
2013-07-31,0.00451952343,0.00451952343,0,0,0.0002537825711,0.004265740859,1.14390463,-0.05059722663,7,7,0.0007120810894
2013-08-01,-0.001470507608,-0.002244576773,0.0007740691645,0.7740691645,0.005572431291,-0.007042938899,1.134764079,-0.04587039089,7,7,0.01155798023
2013-08-02,0.0001499362027,0.0001499362027,0,0,0.003075038849,-0.002925102646,1,0,8,8,0.001699460046
2013-08-05,0.002379787204,0.002379787204,0,0,0.004647185477,-0.002267398272,1.005849328,0.0001499137252,8,8,-0.001462493264
2013-08-06,0.001381867877,0.001381867877,0,0,-0.0008240610279,0.002205928905,1.010359471,0.002523695072,8,8,-0.005682526285
2013-08-07,-0.005271026515,-0.005271026515,0,0,-0.006677242876,0.001406216361,1.005939406,0.003900173425,8,8,-0.003240747021
2013-08-08,0.0102383008,0.0102383008,0,0,0.01207768002,-0.001839379218,1.003143543,-0.001378117182,8,8,0.003665187635
2013-08-09,-0.001615781999,-0.001615781999,0,0,-0.002767249416,0.001151467416,1.006753161,0.008770389734,8,8,-0.002885739141
2013-08-12,-0.00418192067,-0.00418192067,0,0,-0.001964116682,-0.002217803987,1.004457428,0.007166186731,8,8,-0.001181305102
2013-08-13,-0.0007553610514,-0.0007553610514,0,0,0.0006373336113,-0.001392694663,1.008930382,0.002996798434,8,8,0.002956586805
2013-08-14,-0.003196889655,-0.003196889655,0,0,-0.003669332874,0.0004724432185,1.011724628,0.002243131757,8,8,-0.005129493285
2013-08-15,-0.0082541557,-0.0082541557,0,0,-0.0121253307,0.003871175002,1.010814314,-0.0009568167353,8,8,-0.01398617407
2013-08-16,0.002492752962,0.002492752962,0,0,0.001832363295,0.0006603896667,1.003097531,-0.009287634013,8,8,-0.003305541457
2013-08-19,0.001719078642,0.001719078642,0,0,-0.0001944480771,0.001913526719,1.001772334,-0.006777985208,8,8,-0.006392271442
2013-08-20,0.006069743056,0.006069743056,0,0,0.006329773868,-0.0002600308121,0.9979488065,-0.005050224832,8,8,0.004916163646
2013-08-21,-0.002226212541,-0.002226212541,0,0,-0.003870595989,0.001644383448,0.9984781056,0.001013367345,8,8,-0.006160362253
2013-08-22,0.005055250193,0.005055250193,0,0,0.00777610798,-0.002720857787,0.9951786053,-0.001215551272,8,8,0.009115470294
2013-08-23,0.006312980443,0.006312980443,0,0,0.008870251359,-0.002557270916,1.000617201,0.003820385914,8,8,0.003372068733
2013-08-26,-2.071156895e-05,-2.071156895e-05,0,0,0.0009299161207,-0.0009506276897,1.005695785,0.01006979593,8,8,-0.003721043372
2013-08-27,0.001172318611,0.001172318611,0,0,-0.00706630605,0.008238624661,1.007597198,0.0100492925,8,8,-0.01608433083
2013-08-28,-0.003059757334,-0.003059757334,0,0,0.001286259491,-0.004346016825,0.9911303467,0.01120847121,8,8,0.003551109307
2013-08-29,0.003118030756,0.003118030756,0,0,0.003900452188,-0.0007824214318,0.9998218352,0.008173723488,8,8,0.001586371761
2013-08-30,-0.009084594537,-0.009084594537,0,0,-0.001576373623,-0.007508220914,1.001382368,0.01125665565,8,8,-0.003167370623
2013-09-03,-0.002107092335,-0.003033045029,0.0009259526939,0.9259526939,-2.402737155e-05,-0.002083064964,1.016549152,0.002191974306,8,8,0.004521684855
2013-09-04,0.000695924379,0.000695924379,0,0,0.004189033663,-0.003493109284,1,0,8,8,0.008273430177
2013-09-05,0.003774557916,0.003774557916,0,0,0.002504891258,0.001269666658,1.00698136,0.000695440405,8,8,0.001266833037
2013-09-06,-0.001138810536,-0.001138810536,0,0,-0.0005965637865,-0.0005422467492,1.004425323,0.004453189499,8,8,0.0004820142969
2013-09-09,-0.003923095657,-0.003923095657,0,0,0.001006960614,-0.004930056271,1.005516098,0.003318157716,8,8,0.009575590564
2013-09-10,0.005001245486,0.005001245486,0,0,0.008356954991,-0.003355709504,1.015436771,-0.0006073205175,8,8,0.007397815062
2013-09-11,-0.000188403229,-0.000188403229,0,0,0.002669894858,-0.002858298087,1.022037973,0.004372059227,8,8,0.003138034296
2013-09-12,-0.0001974762669,-0.0001974762669,0,0,-0.002576423954,0.002378947687,1.027759799,0.004184444361,8,8,-0.002656328612
2013-09-13,0.0005675585701,0.0005675585701,0,0,0.0009732462427,-0.0004056876726,1.023006447,0.003987755581,8,8,0.002249499232
2013-09-16,-0.002215742792,-0.002215742792,0,0,0.0007441143171,-0.00295985711,1.023804312,0.004552730211,8,8,0.005786935328
2013-09-17,0.002285703238,0.002285703238,0,0,0.003359156591,-0.001073453353,1.029790033,0.00234217708,8,8,0.004462737987
2013-09-18,-0.005036542233,-0.005036542233,0,0,0.003942016739,-0.008978558972,1.031864108,0.00461732648,8,8,0.01157450304
2013-09-19,0.002810596283,0.002810596283,0,0,0.002791902552,1.869373102e-05,1.050073423,-0.0004213378381,8,8,-0.001676098178
2013-09-20,0.006631358362,0.006631358362,0,0,0.003109527765,0.003521830597,1.049895798,0.002382562025,8,8,-0.006991226987
2013-09-23,-0.001833855153,-0.001833855153,0,0,-0.004577379967,0.002743524814,1.042569841,0.008954539625,8,8,-0.004627524743
2013-09-24,0.004513941658,0.004513941658,0,0,0.003394498413,0.001119443245,1.037150921,0.007133766768,8,8,-0.002353937792
2013-09-25,0.003142046548,0.003142046548,0,0,0.002279371543,0.0008626750055,1.034755152,0.01159536761,8,8,-0.002890388734
2013-09-26,0.0002820070601,0.0002820070601,0,0,0.002630455216,-0.002348448156,1.032926346,0.01469125356,8,8,0.003844896626
2013-09-27,0.001580080017,0.001580080017,0,0,-0.0008571300425,0.002437210059,1.037612635,0.01496903924,8,8,-0.004596471842
2013-09-30,0.001895141063,0.001895141063,0,0,-0.002509771587,0.004404912651,1.032686567,0.01652301158,8,8,-0.005328681033
2013-10-01,0.002834274685,0.002290640512,0.0005436341729,0.5436341729,0.005316663521,-0.002482388836,1.023831578,0.01838331367,8,8,0.007916709824
2013-10-02,-0.000945673298,-0.000945673298,0,0,-0.00154820848,0.0006025351824,1,0,8,8,-0.0009446769111
2013-10-03,-0.004797564024,-0.004797564024,0,0,-0.008027598549,0.003230034526,0.998793789,-0.0009465684425,8,8,-0.009221211933
2013-10-04,0.007086834186,0.007086834186,0,0,0.008455751142,-0.001368916955,0.9922967631,-0.005771823157,8,8,0.007576785432
2013-10-07,-0.0009723209428,-0.0009723209428,0,0,-0.00484891601,0.003876595067,0.9950695384,0.001305757343,8,8,-0.008644826491
2013-10-08,-0.01184139306,-0.01184139306,0,0,-0.01279547915,0.0009540860915,0.9873040037,0.0003337609234,8,8,-0.01164651426
2013-10-09,-0.005750814086,-0.005750814086,0,0,-0.005907235749,0.0001564216631,0.9852208255,-0.01164553145,8,8,0.0007252632369
2013-10-10,0.007319238426,0.007319238426,0,0,0.01574820087,-0.008428962441,0.9848206888,-0.01749696734,8,8,0.02155757067
2013-10-11,-0.001330862483,-0.001330862483,0,0,0.001097001486,-0.002427863969,1.001666417,-0.01010377696,8,8,0.006443535533
2013-10-14,0.006180160441,0.006180160441,0,0,0.008865486332,-0.002685325892,1.006530836,-0.01144987766,8,8,0.003993849627
2013-10-15,0.00327053887,0.00327053887,0,0,-0.001319820767,0.004590359637,1.011828387,-0.005237349555,8,8,-0.007253937668
2013-10-16,0.0006112935731,0.0006112935731,0,0,0.006917408011,-0.006306114438,1.002639036,-0.001960399124,8,8,0.01396601914
2013-10-17,-0.001782700526,-0.001782700526,0,0,0.001308940728,-0.003091641255,1.015241948,-0.001348281355,8,8,0.00668301839
2013-10-18,-2.489129978e-05,-2.489129978e-05,0,0,0.001884050679,-0.001908941978,1.021463493,-0.003136573452,8,8,0.006754201084
2013-10-21,0.0001409160137,0.0001409160137,0,0,-0.001139654884,0.001280570898,1.025282007,-0.003161543447,8,8,5.787549168e-05
2013-10-22,-0.01317573897,-0.01317573897,0,0,-0.008049588698,-0.005126150271,1.022717664,-0.003020201839,8,8,0.005791014465
2013-10-23,0.002404068565,0.002404068565,0,0,-0.003075903285,0.00547997185,1.033410168,-0.01641218345,8,8,-0.004788685838
2013-10-24,0.0007161752891,0.0007161752891,0,0,0.002645916749,-0.00192974146,1.022396382,-0.01397451919,8,8,0.003321967594
2013-10-25,0.00274255996,0.00274255996,0,0,0.002391630954,0.0003509290062,1.026237074,-0.01324885539,8,8,0.004567569113
2013-10-28,-0.01239557537,-0.01239557537,0,0,-0.008962499376,-0.003433075994,1.025465376,-0.0104775601,8,8,0.001591724839
2013-10-29,-0.001659827071,-0.001659827071,0,0,0.002604737076,-0.004264564147,1.032737326,-0.02316021972,8,8,0.005333850816
2013-10-30,-0.001171745652,-0.001171745652,0,0,-0.00400710492,0.002835359268,1.041335063,-0.02486131227,8,8,-0.004966954129
2013-10-31,0.002632793322,0.002632793322,0,0,0.001995681991,0.000637111331,1.035706183,-0.02606359783,8,8,-0.002836054401
2013-11-01,0.001331333811,0.0006449696017,0.0006863642096,0.6863642096,0.003940245233,-0.002608911422,1.034341546,-0.02336927802,8,8,0.002388682031
2013-11-04,0.005183065406,0.005183065406,0,0,0.007137775332,-0.001954709926,1,0,8,8,0.003518980151
2013-11-05,0.003402261273,0.003402261273,0,0,0.004010865197,-0.0006086039239,1.003889262,0.005156339759,8,8,-0.003167070435
2013-11-06,-0.01796209926,-0.01796209926,0,0,-0.01124394368,-0.006718155584,1.005089155,0.008529581169,8,8,0.005105864315
2013-11-07,-0.01070940004,-0.01070940004,0,0,-0.01499064649,0.004281246449,1.018864309,-0.009605044861,8,8,-0.01264343774
2013-11-08,0.003115815268,0.003115815268,0,0,0.00597459168,-0.002858776412,1.010413336,-0.02053435552,8,8,0.01349120832
2013-11-11,0.002162512781,0.002162512781,0,0,0.002331662969,-0.0001691501881,1.016080784,-0.01736443588,8,8,0.0001693978781
2013-11-12,-0.002135614401,-0.002135614401,0,0,-0.002444447189,0.0003088327882,1.016383655,-0.01516911969,8,8,-0.002030294445
2013-11-13,0.004975168522,0.004975168522,0,0,0.006850650401,-0.001875481879,1.015799731,-0.01734176942,8,8,0.008024271849
2013-11-14,-0.0003550596497,-0.0003550596497,0,0,0.0009150995917,-0.001270159241,1.019453909,-0.01230537956,8,8,0.004989525097
2013-11-15,0.002914289184,0.002914289184,0,0,0.004474352976,-0.001560063793,1.022002039,-0.01266493602,8,8,0.004350840175
2013-11-18,-0.01428047995,-0.01428047995,0,0,-0.01359975671,-0.000680723236,1.025049166,-0.009722313202,8,8,-0.003499038264
2013-11-19,-0.004190334341,-0.004190334341,0,0,-0.004093999331,-9.633501039e-05,1.026793233,-0.02435053041,8,8,-0.00217381278
2013-11-20,-0.001161559019,-0.001161559019,0,0,-0.003046330092,0.001884771073,1.027099459,-0.02866096377,8,8,-0.003127835963
2013-11-21,0.004825378788,0.004825378788,0,0,0.006235290335,-0.001409911548,1.023357047,-0.02985720369,8,8,0.008068743098
2013-11-22,-0.0001135064952,-0.0001135064952,0,0,0.002487626637,-0.002601133132,1.026051164,-0.02491161692,8,8,0.005002665527
2013-11-25,-0.005627787668,-0.005627787668,0,0,-0.003634700193,-0.001993087475,1.031256978,-0.02502796425,8,8,-0.0009956574172
2013-11-26,0.008291377938,0.008291377938,0,0,0.005318604237,0.002972773701,1.035442616,-0.0308292524,8,8,0.0002767597886
2013-11-27,0.006077434664,0.006077434664,0,0,0.00586649682,0.0002109378438,1.029254509,-0.0223525411,8,8,0.002435231499
2013-11-29,0.001916234715,0.001916234715,0,0,0.00189914068,1.709403532e-05,1.028658463,-0.01617679303,8,8,-0.0006623220016
2013-12-02,-0.0001168381632,-0.0008028173936,0.0006859792304,0.6859792304,-0.002325368924,0.002208530761,1.028569529,-0.014233284,8,8,-0.002596955861
2013-12-03,0.006242672703,0.006242672703,0,0,0.006886480877,-0.0006438081744,1,0,8,8,-0.004320788749
2013-12-04,-0.001227424306,-0.001227424306,0,0,-0.001544317132,0.0003168928254,1.001279628,0.006203943514,8,8,-0.000111140573
2013-12-05,0.009863895785,0.009863895785,0,0,0.00514373245,0.004720163335,1.000646636,0.004982635015,8,8,-0.004395334401
2013-12-06,-0.006957817141,-0.006957817141,0,0,-0.000435809812,-0.006522007328,0.9912922022,0.01470151657,8,8,0.01117674511
2013-12-09,0.001370761951,0.001370761951,0,0,0.00310597211,-0.001735210159,1.004366599,0.007797956185,8,8,0.002542456161
2013-12-10,0.004202303356,0.004202303356,0,0,0.002275384896,0.00192691846,1.007826291,0.00915616721,8,8,-0.00358312714
2013-12-11,-0.002999733512,-0.002999733512,0,0,-0.007804437751,0.004804704239,1.003955831,0.01330256914,8,8,-0.01123118654
2013-12-12,0.01079221667,0.01079221667,0,0,0.006998040385,0.003794176286,0.994329412,0.01033383437,8,8,-0.003301091291
2013-12-13,0.01134150221,0.01134150221,0,0,0.009637321425,0.001704180783,0.986882625,0.02090048844,8,8,-0.0001122576057
2013-12-16,0.0008116544825,0.0008116544825,0,0,0.004930957156,-0.004119302674,0.9836595882,0.03188041881,8,8,0.006232059758
2013-12-17,0.01205092013,0.01205092013,0,0,0.01029851773,0.001752402409,0.9919047641,0.03266556015,8,8,-0.003180412018
2013-12-18,-0.007497669887,-0.007497669887,0,0,0.002611925483,-0.01010959537,0.9885380859,0.04418402216,8,8,0.01707263507
2013-12-19,-0.01148816987,-0.01148816987,0,0,-0.007964700599,-0.003523469275,1.008823432,0.03696349233,8,8,-0.001156275266
2013-12-20,0.00368538915,0.00368538915,0,0,0.005181372991,-0.001495983841,1.016054811,0.02577138855,8,8,0.005817283158
2013-12-23,0.002486180794,0.002486180794,0,0,0.006166984192,-0.003680803398,1.018976841,0.02934861663,8,8,0.005342565025
2013-12-24,0.001782863153,0.001782863153,0,0,0.004409740438,-0.002626877284,1.026273128,0.03175584664,8,8,0.002190962943
2013-12-26,-0.0004807085141,-0.0004807085141,0,0,0.003146355062,-0.003627063576,1.031470775,0.03347902128,8,8,0.005084185785
2013-12-27,-0.0104992411,-0.0104992411,0,0,-0.008690547447,-0.001808693651,1.038743526,0.03301418297,8,8,-5.418835524e-05
2013-12-30,-0.002110533252,-0.002110533252,0,0,-0.002074188817,-3.634443433e-05,1.04281039,0.02275383992,8,8,-0.0001634958444
2013-12-31,-0.0007517646981,-0.0007517646981,0,0,0.002161536744,-0.002913301442,1.042973777,0.0206869672,8,8,0.004732933611
2014-01-02,0.00270276115,0.00203231057,0.0006704505798,0.6704505798,-0.002374315916,0.005077077066,1.048837094,0.01995020036,8,8,-0.009583621328
2014-01-03,-0.0009585874226,-0.0009585874226,0,0,-0.001310427754,0.0003518403316,1,0,8,8,-0.0001640182473
2014-01-06,0.002192097183,0.002192097183,0,0,7.161329244e-05,0.002120483891,0.9992956442,-0.0009595071941,8,8,-0.002898131049
2014-01-07,-0.003866385217,-0.003866385217,0,0,0.0003407819324,-0.004207167149,0.9950654933,0.001229893942,8,8,0.00614215317
2014-01-08,0.005828437637,0.005828437637,0,0,0.003633384791,0.002195052845,1.003493334,-0.002646724531,8,8,0.0002177155368
2014-01-09,-0.001050050333,-0.001050050333,0,0,-0.002692224314,0.001642173981,0.999108425,0.003163276148,8,8,0.0006540306938
2014-01-10,-0.00189446932,-0.00189446932,0,0,2.079016791e-05,-0.001915259488,0.9958196875,0.002115447141,8,8,0.002723021971
2014-01-13,-0.0001699067615,-0.0001699067615,0,0,-0.006009224355,0.005839317593,0.9996495425,0.0002213972509,8,8,-0.01330566328
2014-01-14,0.005408073936,0.005408073936,0,0,0.007546391333,-0.002138317396,0.9879688631,5.149923947e-05,8,8,0.01089817958
2014-01-15,0.00125697156,0.00125697156,0,0,0.003875784063,-0.002618812504,0.9922872093,0.005430206219,8,8,0.005389985951
2014-01-16,-0.002421036113,-0.002421036113,0,0,-0.001926348902,-0.0004946872113,0.9975279416,0.006678782739,8,8,-0.001299679756
2014-01-17,-0.00053343863,-0.00053343863,0,0,-0.002761160131,0.002227721501,0.9985137177,0.004268079801,8,8,-0.004229583802
2014-01-21,0.004918761147,0.004918761147,0,0,0.005925523269,-0.001006762122,0.9940551034,0.003736634436,8,8,0.002940342733
2014-01-22,0.00320592296,0.00320592296,0,0,0.001809473975,0.001396448985,0.9960878705,0.008613030145,8,8,0.000651482519
2014-01-23,0.008226540466,0.008226540466,0,0,0.004053050332,0.004173490134,0.9933163996,0.01178118354,8,8,-0.008193259385
2014-01-24,-0.004908441591,-0.004908441591,0,0,-0.01255498159,0.007646539996,0.9850920602,0.01984447265,8,8,-0.02133558444
2014-01-27,-0.006263489242,-0.006263489242,0,0,-0.003269481154,-0.002994008088,0.969650009,0.01500970532,8,8,-0.004919481873
2014-01-28,0.00543986025,0.00543986025,0,0,0.006390555442,-0.0009506951918,0.9754844724,0.008801343194,8,8,0.005955162659
2014-01-29,-0.004002233347,-0.004002233347,0,0,-0.01141081667,0.007408583324,0.977508215,0.01416415243,8,8,-0.009605679141
2014-01-30,0.01277674597,0.01277674597,0,0,0.01668632121,-0.003909575235,0.9625411292,0.01020275288,8,8,0.01060044366
2014-01-31,-0.002290921282,-0.002290921282,0,0,-0.006378366632,0.00408744535,0.9707342013,0.02268959961,8,8,-0.005857462801
2014-02-03,-0.001961387489,-0.002743579828,0.0007821923389,0.7821923389,-0.009833918427,0.007872530938,0.96247334,0.0204455174,8,8,-0.02250571181
2014-02-04,0.004800195055,0.004800195055,0,0,0.005123813314,-0.0003236182595,1,0,8,8,0.007004842045
2014-02-05,-0.0002511819681,-0.0002511819681,0,0,0.0006947058492,-0.0009458878173,1.000644144,0.004777263259,8,8,-0.00125465435
2014-02-06,0.0006862499049,0.0006862499049,0,0,0.005691648093,-0.005005398188,1.002536557,0.004527218447,8,8,0.01318687203
2014-02-07,0.009151530641,0.009151530641,0,0,0.01404153257,-0.004890001926,1.012538749,0.005209893063,8,8,0.01239593824
2014-02-10,-0.0007823138479,-0.0007823138479,0,0,0.0008902719053,-0.001672585753,1.022116354,0.01423118656,8,8,0.001836734116
2014-02-11,0.002693247755,0.002693247755,0,0,0.007551522641,-0.004858274886,1.02548146,0.01345940219,8,8,0.0109439113
2014-02-12,-0.0007818749435,-0.0007818749435,0,0,-0.002001676792,0.001219801848,1.035103468,0.01610926371,8,8,0.0004945962846
2014-02-13,0.01137960966,0.01137960966,0,0,0.01008724184,0.001292367824,1.032689423,0.01533938224,8,8,0.00516271249
2014-02-14,-0.002109743093,-0.002109743093,0,0,0.0002816556365,-0.00239139873,1.029765962,0.02641836127,8,8,0.005519025505
2014-02-18,0.003862501811,0.003862501811,0,0,0.001339993004,0.002522508807,1.034621803,0.02436001154,8,8,0.001195098469
2014-02-19,-0.003469352004,-0.003469352004,0,0,-0.005728598859,0.002259246856,1.029462985,0.02811392327,8,8,-0.006621572167
2014-02-20,0.004234582566,0.004234582566,0,0,0.004915015133,-0.0006804325665,1.025031333,0.02473036963,8,8,0.005900915294
2014-02-21,-0.002843439386,-0.002843439386,0,0,-0.004122852935,0.001279413549,1.02628091,0.02884281491,8,8,-0.001140768664
2014-02-24,0.007794917653,0.007794917653,0,0,0.008417021796,-0.0006221041435,1.023789727,0.02607351398,8,8,0.005546589932
2014-02-25,-0.002087681159,-0.002087681159,0,0,-0.001961118157,-0.0001265630022,1.024840307,0.03360647195,8,8,-0.0003785906142
2014-02-26,0.001187510017,0.001187510017,0,0,0.001494138918,-0.0003066289017,1.02514593,0.03158472964,8,8,5.481810375e-05
2014-02-27,0.003285865722,0.003285865722,0,0,0.00401587783,-0.0007300121077,1.025728635,0.03273336845,8,8,0.005247170247
2014-02-28,-0.004113100719,-0.004113100719,0,0,-0.002271895039,-0.001841205681,1.027099613,0.03590126743,8,8,0.002529313379
2014-03-03,0.001389577099,0.0008581033295,0.0005314737698,0.5314737698,-0.003054812338,0.004444389437,1.030909157,0.03191945464,8,8,-0.007032464692
2014-03-04,0.004277284531,0.004277284531,0,0,0.00885361332,-0.004576328789,1,0,8,8,0.01405600594
2014-03-05,0.004311035923,0.004311035923,0,0,0.003910499326,0.0004005365971,1.009113676,0.004259067289,8,8,0.0009061460599
2014-03-06,-0.001796987486,-0.001796987486,0,0,-0.0009835237356,-0.0008134637503,1.00827692,0.008533315781,8,8,0.002290348636
2014-03-07,-0.005659809932,-0.005659809932,0,0,-0.005360608407,-0.0002992015258,1.009921677,0.006748455185,8,8,0.0004253564487
2014-03-10,-0.002980530435,-0.002980530435,0,0,-0.001716186251,-0.001264344185,1.010579961,0.001094841849,8,8,-0.0005312193936
2014-03-11,-0.006130944758,-0.006130944758,0,0,-0.003690569191,-0.002440375567,1.013147837,-0.00189132574,8,8,-0.00494296616
2014-03-12,0.001986891062,0.001986891062,0,0,0.002937979315,-0.0009510882524,1.018139802,-0.008071758001,8,8,0.0002671715834
2014-03-13,-0.004545422817,-0.004545422817,0,0,-0.008812373471,0.004266950654,1.020002236,-0.006072800944,8,8,-0.01121297994
2014-03-14,-0.0006759963574,-0.0006759963574,0,0,-0.00251332902,0.001837332662,1.011520701,-0.01066670846,8,8,-0.002808082273
2014-03-17,0.0006561749655,0.0006561749655,0,0,0.004911546908,-0.004255371942,1.007851343,-0.01135037763,8,8,0.009043702713
2014-03-18,0.0007510714942,0.0007510714942,0,0,0.003423104487,-0.002672032992,1.016351358,-0.01068719,8,8,0.007137894235
2014-03-19,-0.002808247594,-0.002808247594,0,0,-0.004854458839,0.002046211245,1.021679141,-0.009928661372,8,8,-0.005328977926
2014-03-20,-0.001588191458,-0.001588191458,0,0,0.001716450184,-0.003304641642,1.017636246,-0.01277277809,8,8,0.005839421067
2014-03-21,-0.008039462735,-0.008039462735,0,0,-0.01000152407,0.001962061339,1.024284097,-0.0143838138,8,8,-0.003878405279
2014-03-24,-0.01391616192,-0.01391616192,0,0,-0.01259152141,-0.001324640512,1.020524984,-0.02260500866,8,8,-0.004135496784
2014-03-25,-0.00252578753,-0.00252578753,0,0,0.002183967292,-0.004709754822,1.023501313,-0.03703657759,8,8,0.004745850945
2014-03-26,-0.01340037412,-0.01340037412,0,0,-0.01247050681,-0.0009298673153,1.033004184,-0.03966254428,8,8,-0.007192236788
2014-03-27,-0.00101674111,-0.00101674111,0,0,-0.001274656214,0.0002579151038,1.035337454,-0.05378363929,8,8,-0.002108463567
2014-03-28,-0.003672814872,-0.003672814872,0,0,0.0007374162567,-0.004410231128,1.034857065,-0.05485615491,8,8,0.004929838588
2014-03-31,-0.0003745043952,-0.0003745043952,0,0,0.001681663668,-0.002056168063,1.043838538,-0.05874472829,8,8,0.008194590153
2014-04-01,0.009372502025,0.00880035542,0.0005721466049,0.5721466049,0.01067724179,-0.001304739765,1.047968838,-0.0591413814,8,8,0.006630790285
2014-04-02,0.002392065795,0.002392065795,0,0,0.002523124663,-0.000131058868,1,0,8,8,0.00334679622
2014-04-03,-0.008241120894,-0.008241120894,0,0,-0.008783452922,0.0005423320288,1.000261492,0.002386357471,8,8,-0.001323630614
2014-04-04,-0.01644051344,-0.01644051344,0,0,-0.0178271344,0.001386620958,0.9991699879,-0.005903414172,8,8,-0.0118220002
2014-04-07,-0.00727205678,-0.00727205678,0,0,-0.006646560199,-0.000625496581,0.9963365165,-0.02271741356,8,8,-0.01105153281
2014-04-08,0.005576954687,0.005576954687,0,0,0.008867227934,-0.003290273247,0.9975698374,-0.03020915301,8,8,0.004122905132
2014-04-09,0.009543347336,0.009543347336,0,0,0.01268345278,-0.003140105442,1.004127366,-0.02449558755,8,8,0.0107505837
2014-04-10,-0.01643484174,-0.01643484174,0,0,-0.02155603735,0.005121195611,1.010309192,-0.0148108947,8,8,-0.02100627927
2014-04-11,-0.005696937133,-0.005696937133,0,0,-0.006466054349,0.0007691172165,1.000067917,-0.03176783579,8,8,-0.009007988947
2014-04-14,-0.001682395037,-0.001682395037,0,0,0.00272185317,-0.004404248206,0.9985212587,-0.03767943027,8,8,0.007878404208
2014-04-15,-0.005502853235,-0.005502853235,0,0,-0.0003427940268,-0.005160059208,1.007342107,-0.03942815904,8,8,0.006887263974
2014-04-16,0.003894723273,0.003894723273,0,0,0.008194500695,-0.004299777422,1.017759956,-0.04517962915,8,8,0.01047787323
2014-04-17,-0.001697112083,-0.001697112083,0,0,0.001646883996,-0.00334399608,1.026257246,-0.04112473641,8,8,0.001396680687
2014-04-21,0.004769020158,0.004769020158,0,0,0.005188998945,-0.0004199787874,1.033001245,-0.04289464551,8,8,0.003487334733
2014-04-22,0.0148156125,0.0148156125,0,0,0.01343873483,0.001376877665,1.03368058,-0.03794466647,8,8,0.00454489815
2014-04-23,-0.008491358004,-0.008491358004,0,0,-0.007992554054,-0.0004988039494,1.030475314,-0.02279138564,8,8,-0.002342155729
2014-04-24,-0.003789560976,-0.003789560976,0,0,-0.002675859681,-0.001113701295,1.031742458,-0.03155065152,8,8,0.002027351388
2014-04-25,-0.01700001848,-0.01700001848,0,0,-0.01680366685,-0.0001963516304,1.034099081,-0.03547464583,8,8,-0.008198917566
2014-04-28,-0.01111470356,-0.01111470356,0,0,-0.006620520797,-0.004494182758,1.035088286,-0.05338216205,8,8,0.003167009313
2014-04-29,0.009979331155,0.009979331155,0,0,0.009210204074,0.0007691270811,1.044572057,-0.06522178642,8,8,0.004655447424
2014-04-30,0.006146754665,0.006146754665,0,0,0.005933551049,0.0002132036157,1.042608597,-0.05469661959,8,8,0.002982586167
2014-05-01,0.005693279138,0.004776344011,0.0009169351278,0.9169351278,0.005028859045,0.0006644200932,1.041924491,-0.04825326395,8,8,0.0001062468466
2014-05-02,-0.00283226489,-0.00283226489,0,0,-0.0009914560982,-0.001840808792,1,0,8,8,-0.001433632446
2014-05-05,0.0007479513729,0.0007479513729,0,0,0.002863036665,-0.002115085292,1.003692075,-0.002840309399,8,8,0.001914387208
2014-05-06,-0.002549408269,-0.002549408269,0,0,-0.007851347435,0.005301939166,1.007916324,-0.002090794213,8,8,-0.008703869695
2014-05-07,-0.006082961279,-0.006082961279,0,0,-0.003049415157,-0.003033546122,0.9973055766,-0.004652062489,8,8,0.005889033073
2014-05-08,-0.005793466708,-0.005793466708,0,0,-0.007662814646,0.001869347939,1.00339331,-0.01080072416,8,8,-0.001064301304
2014-05-09,-0.001180365075,-0.001180365075,0,0,0.001518190763,-0.002698555838,0.9996526017,-0.01669088897,8,8,0.00149194904
2014-05-12,0.005880191469,0.005880191469,0,0,0.00984455619,-0.003964364721,1.005055681,-0.01789237358,8,8,0.009736045175
2014-05-13,6.113643848e-05,6.113643848e-05,0,0,0.001894950181,-0.001833813743,1.012908506,-0.01194196109,8,8,0.0008958085801
2014-05-14,0.001770316873,0.001770316873,0,0,-0.001546885181,0.003317202055,1.01657512,-0.01188009835,8,8,-0.004738195944
2014-05-15,-0.0005124370237,-0.0005124370237,0,0,-0.0054577161,0.004945279076,1.009923149,-0.01009191559,8,8,-0.008780233129
2014-05-16,0.0007612071969,0.0007612071969,0,0,0.002591436511,-0.001830229315,1.000032607,-0.01060978946,8,8,0.003468839678
2014-05-19,0.00554030496,0.00554030496,0,0,0.005374781196,0.0001655237642,1.003690257,-0.009841091153,8,8,0.003669237001
2014-05-20,-0.00304766406,-0.00304766406,0,0,-0.004510406595,0.001462742536,1.003340701,-0.004277089811,8,8,-0.006304948366
2014-05-21,0.002234551759,0.002234551759,0,0,0.006912964743,-0.004678412983,1.000416485,-0.007347145502,8,8,0.00842421154
2014-05-22,0.003263076751,0.003263076751,0,0,0.00321831739,4.475936136e-05,1.009751521,-0.005101194859,8,8,0.002432090869
2014-05-23,0.003743168254,0.003743168254,0,0,0.006273553921,-0.002530385667,1.009630577,-0.001832139695,8,8,0.004008539683
2014-05-27,0.004697139808,0.004697139808,0,0,0.006631393701,-0.001934253893,1.014636561,0.001903901933,8,8,0.006146317706
2014-05-28,-0.003222952984,-0.003222952984,0,0,-0.003168046258,-5.490672571e-05,1.018418554,0.006570180684,8,8,-0.0007305774773
2014-05-29,0.002484316714,0.002484316714,0,0,0.004623911982,-0.002139595267,1.018588277,0.003358050539,8,8,0.005173040852
2014-05-30,-0.004160865373,-0.004160865373,0,0,-0.002230088712,-0.001930776661,1.022810798,0.005827888932,8,8,0.001611143353
2014-06-02,0.002279741346,0.001250595324,0.001029146022,1.029146022,0.0002664776757,0.00201326367,1.026783795,0.001673988801,8,8,0.001142014323
2014-06-03,0.003173700152,0.003173700152,0,0,-0.0003975198076,0.00357121996,1,0,8,8,-0.000518399236
2014-06-04,-0.0008330618594,-0.0008330618594,0,0,0.0002327244535,-0.001065786313,0.9928801563,0.003163659645,8,8,0.002022640306
2014-06-05,-0.002454776791,-0.002454776791,0,0,0.003886310279,-0.00634108707,0.99500757,0.002332540937,8,8,0.006522240045
2014-06-06,-0.004241861059,-0.004241861059,0,0,0.0007679704545,-0.005009831513,1.007708667,-0.0001225366542,8,8,0.004782692549
2014-06-09,4.638080236e-05,4.638080236e-05,0,0,-0.0004300362295,0.0004764170318,1.017803852,-0.004382989747,8,8,0.001023734183
2014-06-10,-5.430486849e-05,-5.430486849e-05,0,0,0.002832870911,-0.00288717578,1.016850236,-0.004336407818,8,8,0.0001026809803
2014-06-11,0.00392227516,0.00392227516,0,0,0.000661336598,0.003260938562,1.022625816,-0.004390951137,8,8,-0.003476990462
2014-06-12,0.002920077291,0.002920077291,0,0,-0.003038841626,0.005958918916,1.016041022,-0.0004668448823,8,8,-0.0070799261
2014-06-13,-0.0006036034902,-0.0006036034902,0,0,0.001820051834,-0.002423655325,1.004111179,0.002446089638,8,8,0.00304847093
2014-06-16,0.004182608408,0.004182608408,0,0,0.004667577748,-0.0004849693395,1.0089639,0.00184359895,8,8,0.0008241063271
2014-06-17,-0.004125717572,-0.004125717572,0,0,0.004084985758,-0.00821070333,1.009892463,0.006001107078,8,8,0.002779116861
2014-06-18,-0.00261038944,-0.00261038944,0,0,0.002347306832,-0.004957696272,1.026422883,0.001883158887,8,8,0.00734016845
2014-06-19,0.0002651392756,0.0002651392756,0,0,-0.003187751291,0.003452890567,1.036433381,-0.0007291338758,8,8,0.001121086944
2014-06-20,0.002113844803,0.002113844803,0,0,-9.332942036e-05,0.002207174223,1.029519773,-0.0004638716096,8,8,0.002029992856
2014-06-23,-0.0001789285213,-0.0001789285213,0,0,0.001541531872,-0.001720460393,1.025052467,0.001646492763,8,8,-0.0003062964201
2014-06-24,0.001172398228,0.001172398228,0,0,-0.003559032159,0.004731430387,1.028498487,0.001467826878,8,8,-0.006023769825
2014-06-25,0.00370903925,0.00370903925,0,0,0.006106848626,-0.002397809376,1.019013335,0.002637133336,8,8,0.004519711087
2014-06-26,-0.002280808418,-0.002280808418,0,0,-0.003090465637,0.0008096572184,1.023720972,0.006322721364,8,8,-0.0007158161984
2014-06-27,0.0008006922173,0.0008006922173,0,0,0.001329223384,-0.0005285311668,1.022152182,0.004051152849,8,8,0.001944075925
2014-06-30,0.002011912607,0.002011912607,0,0,0.002352162691,-0.0003402500844,1.023190676,0.00484796334,8,8,-0.0005102351027
2014-07-01,-0.00546921238,-0.006263145205,0.0007939328252,0.7939328252,0.003756672687,-0.009225885067,1.023823246,0.006846102187,8,8,0.006693079457
2014-07-02,-0.005645692556,-0.005645692556,0,0,-0.00485926268,-0.0007864298762,1,0,8,8,0.00101505544
2014-07-03,-0.002111383984,-0.002111383984,0,0,0.001113168971,-0.003224552955,1.00158179,-0.005677747372,8,8,0.004918173474
2014-07-07,0.00151518003,0.00151518003,0,0,-0.003197415708,0.004712595738,1.008047888,-0.007805612,8,8,-0.00348130168
2014-07-08,0.004423432599,0.004423432599,0,0,-0.005328006804,0.009751439403,0.9986247804,-0.006280915253,8,8,-0.006430036341
2014-07-09,0.004461447006,0.004461447006,0,0,0.005871670011,-0.001410223005,0.9792138477,-0.001849302389,8,8,0.00448414715
2014-07-10,0.002179379889,0.002179379889,0,0,-0.00222093796,0.004400317848,0.9821140908,0.002600542435,8,8,-0.003957164656
2014-07-11,-0.004326439422,-0.004326439422,0,0,0.0002074475493,-0.004533886971,0.9733714887,0.004769527711,8,8,0.001375050648
2014-07-14,-0.0001054088523,-0.0001054088523,0,0,0.005568667602,-0.005674076454,0.982362957,0.0004450136131,8,8,0.005035720069
2014-07-15,-0.007555527116,-0.007555527116,0,0,-0.004091418235,-0.003464108881,0.993710447,0.000339640562,8,8,-0.001872487625
2014-07-16,-7.062848688e-07,-7.062848688e-07,0,0,0.001536668702,-0.001537374987,1.000643527,-0.007270821442,8,8,0.00370100147
2014-07-17,8.035442978e-05,8.035442978e-05,0,0,-0.006655104966,0.006735459396,1.00371828,-0.007271532863,8,8,-0.01136532893
2014-07-18,-0.0002285281558,-0.0002285281558,0,0,0.005322680747,-0.005551208903,0.9902481443,-0.007190600637,8,8,0.01021901318
2014-07-21,0.002116690108,0.002116690108,0,0,0.0008423706776,0.00127431943,1.001350871,-0.00742082466,8,8,-0.001871539945
2014-07-22,-0.002016431118,-0.002016431118,0,0,0.001212668747,-0.003229099865,0.9988047619,-0.005292931057,8,8,0.004357966822
2014-07-23,0.001578789252,0.001578789252,0,0,0.001777504317,-0.0001987150642,1.005273596,-0.007324130781,8,8,0.002219807659
2014-07-24,0.001453248779,0.001453248779,0,0,0.002599831249,-0.00114658247,1.005662086,-0.005736285143,8,8,5.044946054e-05
2014-07-25,0.004082758297,0.004082758297,0,0,-0.003110123293,0.00719288159,1.007943707,-0.004276821079,8,8,-0.004681887105
2014-07-28,0.002652519445,0.002652519445,0,0,0.001214795075,0.001437724369,0.9935841384,-0.0001932736925,8,8,0.0004046242502
2014-07-29,-0.0004503830594,-0.0004503830594,0,0,-0.002242465212,0.001792082152,0.9907332698,0.002452739812,8,8,-0.004296981065
2014-07-30,-0.002087332561,-0.002087332561,0,0,0.001423723422,-0.003511055983,0.9871433151,0.002003258986,8,8,0.0001522680501
2014-07-31,-0.0009430147532,-0.0009430147532,0,0,-0.01242178105,0.01147876629,0.9941532229,-8.424943068e-05,8,8,-0.01974834785
2014-08-01,0.008964308621,0.00819348691,0.000770821711,0.770821711,0.002921879142,0.006042429479,0.9711685018,-0.001028233824,8,8,-0.003055017472
2014-08-04,0.0006650034579,0.0006650034579,0,0,0.003677316172,-0.003012312714,1,0,8,8,0.007220437441
2014-08-05,-0.001646017139,-0.001646017139,0,0,-0.003719952585,0.002073935447,1.006020622,0.0006645615222,8,8,-0.009696447972
2014-08-06,0.0006261368759,0.0006261368759,0,0,0.002454129715,-0.001827992839,1.001875838,-0.0009830737729,8,8,0.0003122740314
2014-08-07,0.0004355982996,0.0004355982996,0,0,-0.001489586896,0.001925185195,1.005528363,-0.0003567135455,8,8,-0.005414363599
2014-08-08,0.002515174647,0.002515174647,0,0,0.008217735771,-0.005702561124,1.001677262,7.885040708e-05,8,8,0.01156935355
2014-08-11,0.003532033781,0.003532033781,0,0,0.004544803118,-0.001012769337,1.013049562,0.002587516997,8,8,0.00289735631
2014-08-12,0.002162038488,0.002162038488,0,0,-0.0008920819218,0.00305412041,1.015022042,0.006098012392,8,8,-0.001392783544
2014-08-13,0.002256352102,0.002256352102,0,0,0.004869454431,-0.002613102329,1.008894571,0.00824223086,8,8,0.006768625798
2014-08-14,-0.003588858328,-0.003588858328,0,0,0.00190954722,-0.005498405548,1.014088986,0.01047494779,8,8,0.004722102152
2014-08-15,0.003379125588,0.003379125588,0,0,0.00165130104,0.001727824548,1.025176151,0.006910891675,8,8,-0.0002042899751
2014-08-18,-0.002372660428,-0.002372660428,0,0,0.002970509064,-0.005343169492,1.021647352,0.0102553631,8,8,0.008379126013
2014-08-19,0.001826128917,0.001826128917,0,0,0.003456231581,-0.001630102664,1.032410591,0.007901450133,8,8,0.005218742882
2014-08-20,-0.00250791805,-0.00250791805,0,0,-0.0005952290818,-0.001912688969,1.035605775,0.009709847617,8,8,0.002671452957
2014-08-21,-0.003235500616,-0.003235500616,0,0,0.0004095168523,-0.003645017468,1.039530292,0.007220036827,8,8,0.002915852317
2014-08-22,-0.004055424215,-0.004055424215,0,0,0.0008641766284,-0.004919600843,1.046972306,0.003997470027,8,8,-0.001554104617
2014-08-25,0.0006264992853,0.0006264992853,0,0,0.002519979127,-0.001893479842,1.057042841,-5.819017321e-05,8,8,0.005071115347
2014-08-26,-0.002506517685,-0.002506517685,0,0,0.0002583536995,-0.002764871384,1.060791714,0.0005679532898,8,8,0.0006490544201
2014-08-27,0.0003552362526,0.0003552362526,0,0,0.0008126268526,-0.0004573905999,1.066488111,-0.001943435651,8,8,-0.0003991661945
2014-08-28,0.004241764855,0.004241764855,0,0,0.0002485568516,0.003993208003,1.067378956,-0.001587635412,8,8,-0.0005495502951
2014-08-29,0.006844232747,0.006844232747,0,0,0.008028262946,-0.001184030199,1.059141675,0.002642918802,8,8,0.002848192886
2014-09-02,0.004342892525,0.003401254825,0.0009416376997,0.9416376997,0.006029776328,-0.001686883802,1.061091611,0.009422660666,8,8,-0.0004980827487
2014-09-03,0.0007853413796,0.0007853413796,0,0,-0.0005862134904,0.00137155487,1,0,8,8,-0.0005486570832
2014-09-04,-0.00441647881,-0.00441647881,0,0,-0.001792549146,-0.002623929664,0.9972590428,0.0007847251025,8,8,-0.001446204416
2014-09-05,0.004933115726,0.004933115726,0,0,0.003937710702,0.0009954050244,1.002518023,-0.003647864424,8,8,0.004495058372
2014-09-08,-0.004398460175,-0.004398460175,0,0,-0.001249351694,-0.00314910848,1.000524625,0.001278942133,8,8,-0.002585955795
2014-09-09,0.004847639415,0.004847639415,0,0,-0.0008990396062,0.005746679021,1.006852984,-0.003133299736,8,8,-0.00633112239
2014-09-10,-0.001084685866,-0.001084685866,0,0,0.003090102199,-0.004174788065,0.9953820127,0.001706069271,8,8,0.003763311444
2014-09-11,0.0007579635581,0.0007579635581,0,0,0.0008828265109,-0.0001248629528,1.003735641,0.0006220581422,8,8,0.001149338659
2014-09-12,0.0006430533647,0.0006430533647,0,0,-0.003030175211,0.003673228575,1.003982348,0.001378976486,8,8,-0.005841276703
2014-09-15,0.01148005605,0.01148005605,0,0,7.844153449e-05,0.01140161452,0.996638053,0.002020730414,8,8,-0.000753192846
2014-09-16,0.0008591634054,0.0008591634054,0,0,0.004523686886,-0.00366452348,0.9741317925,0.01334755578,8,8,0.007538637381
2014-09-17,0.0002537940844,0.0002537940844,0,0,0.0003508507038,-9.705661941e-05,0.9814767539,0.01419452377,8,8,0.001346189182
2014-09-18,-0.002423786573,-0.002423786573,0,0,0.001908374576,-0.004332161149,0.9816755178,0.01444465188,8,8,0.005330108261
2014-09-19,0.002653104669,0.002653104669,0,0,0.001736801569,0.0009163030998,0.9903163691,0.01205007211,8,8,-0.000900809434
2014-09-22,0.003165919686,0.003165919686,0,0,-0.004048215464,0.00721413515,0.9885142358,0.01466427094,8,8,-0.007723015766
2014-09-23,-0.000109492548,-0.000109492548,0,0,-0.001612899681,0.001503407133,0.9741677483,0.01777391982,8,8,-0.005724183556
2014-09-24,-0.002348851799,-0.002348851799,0,0,0.002547246612,-0.004896098411,0.9711577761,0.01766636161,8,8,0.007827464455
2014-09-25,-0.0009631764516,-0.0009631764516,0,0,-0.00986443914,0.008901262688,0.9809051218,0.01535357308,8,8,-0.01613537512
2014-09-26,0.002713990802,0.002713990802,0,0,0.005230513989,-0.002516523188,0.9630670235,0.01440427048,8,8,0.007945320483
2014-09-29,-0.001530131128,-0.001530131128,0,0,-0.001303270915,-0.0002268602136,0.9681864117,0.01707192822,8,8,-0.001818995665
2014-09-30,0.0002749062476,0.0002749062476,0,0,-0.0008260912101,0.001100997458,0.9685920738,0.01556561453,8,8,-0.002632100816
2014-10-01,0.0008946343213,-9.22400187e-05,0.00098687434,0.98687434,-0.00659968135,0.007494315671,0.966399316,0.01583616731,8,8,-0.01355189128
2014-10-02,0.004721256921,0.004721256921,0,0,0.004217197203,0.0005040597176,1,0,8,8,0.0001538738556
2014-10-03,-0.003428200757,-0.003428200757,0,0,0.004215189305,-0.007643390062,0.9989966178,0.004699071398,8,8,0.01100974837
2014-10-06,0.002647335317,0.002647335317,0,0,0.001511952686,0.001135382631,1.014332533,0.001275242428,8,8,-0.001170611554
2014-10-07,0.001899005054,0.001899005054,0,0,-0.005816601144,0.007715606198,1.01202992,0.003912220785,8,8,-0.01543602091
2014-10-08,-0.0006637268677,-0.0006637268677,0,0,0.007542116004,-0.008205842872,0.9966051547,0.005800211208,8,8,0.01748946651
2014-10-09,0.001477634765,0.001477634765,0,0,-0.007383461439,0.008861096204,1.013025486,0.005139895827,8,8,-0.01983336737
2014-10-10,-0.01372297261,-0.01372297261,0,0,-0.01639963888,0.002676666273,0.9953102231,0.006607766726,8,8,-0.01141441793
2014-10-13,-0.004272195989,-0.004272195989,0,0,-0.01116265189,0.006890455898,0.9898171516,-0.007214206236,8,8,-0.01642679365
2014-10-14,-0.0005024555735,-0.0005024555735,0,0,0.001617086435,-0.002119542008,0.9759334227,-0.01153568493,8,8,0.001547253474
2014-10-15,0.009241300126,0.009241300126,0,0,-0.002442665036,0.01168396516,0.9801625393,-0.01204419218,8,8,-0.006766186032
2014-10-16,-0.008820526317,-0.008820526317,0,0,-0.01171330555,0.00289277923,0.9571902269,-0.002777226864,8,8,-0.0008583473759
2014-10-17,0.0005049599523,0.0005049599523,0,0,0.006835524739,-0.006330564786,0.9509722176,-0.01170096182,8,8,0.01181079513
2014-10-20,0.002816852871,0.002816852871,0,0,0.007019028558,-0.004202175686,0.9636517016,-0.01119035119,8,8,0.009709897567
2014-10-21,0.003702649654,0.003702649654,0,0,0.01188184289,-0.008179193239,0.9721345459,-0.008349977661,8,8,0.01981088281
2014-10-22,0.003812521268,0.003812521268,0,0,-0.001988802778,0.005801324045,0.9885353818,-0.004630184057,8,8,-0.007110998809
2014-10-23,0.002395359085,0.002395359085,0,0,0.006194629587,-0.003799270501,0.9770203442,-0.0008145572729,8,8,0.01162502179
2014-10-24,0.003791025277,0.003791025277,0,0,0.002125227148,0.001665798129,0.9846556404,0.001577024273,8,8,0.007694719982
2014-10-27,-0.00591023468,-0.00591023468,0,0,-0.005593525837,-0.0003167088423,0.9813945778,0.005347775996,8,8,-0.001373889017
2014-10-28,0.007180033354,0.007180033354,0,0,0.01218702177,-0.005006988413,0.9819211452,-0.0005658027104,8,8,0.01147003459
2014-10-29,-0.006527533649,-0.006527533649,0,0,-0.005524075351,-0.001003458298,0.9919926153,0.006567078799,8,8,-0.001511839277
2014-10-30,-0.004413285947,-0.004413285947,0,0,-0.001291696926,-0.00312158902,0.9939601063,3.980497826e-05,8,8,0.006410269633
2014-10-31,0.00333428949,0.00333428949,0,0,0.007991285839,-0.004656996348,1.000204185,-0.004392867951,8,8,0.01143571993
2014-11-03,-0.005444029782,-0.006600886863,0.001156857081,1.156857081,-0.002900161143,-0.002543868639,1.009486547,-0.001055060583,8,8,0.000545379468
2014-11-04,0.00127792712,0.00127792712,0,0,-0.0002442506197,0.00152217774,1,0,8,8,-0.003469432958
2014-11-05,-0.004298010795,-0.004298010795,0,0,0.0005644566356,-0.004862467431,0.99695953,0.001276296106,8,8,0.006316458497
2014-11-06,0.0007348636757,0.0007348636757,0,0,0.00410514384,-0.003370280165,1.006713319,-0.003034758112,8,8,0.00400293025
2014-11-07,-0.004035593726,-0.004035593726,0,0,-0.001710465262,-0.002325128464,1.013444,-0.002298205568,8,8,0.0009354591691
2014-11-10,0.001363912518,0.001363912518,0,0,0.002288396753,-0.000924484235,1.018167573,-0.006359463505,8,8,0.003147133133
2014-11-11,-0.001120140695,-0.001120140695,0,0,-0.0004783536706,-0.0006417870239,1.019989278,-0.004988746773,8,8,0.0009809172797
2014-11-12,0.004298469854,0.004298469854,0,0,0.002024072731,0.002274397122,1.021296708,-0.006115737955,8,8,-0.001078024404
2014-11-13,0.001923366613,0.001923366613,0,0,0.001732035249,0.0001913313636,1.016676231,-0.001809490062,8,8,0.00112800169
2014-11-14,0.001400534512,0.001400534512,0,0,0.002482664806,-0.001082130294,1.01626229,0.0001136579441,8,8,0.0002449770606
2014-11-17,-0.002840229903,-0.002840229903,0,0,-0.001734728053,-0.001105501851,1.01840078,0.001512074743,8,8,0.0006363478201
2014-11-18,-0.001033746745,-0.001033746745,0,0,0.001312194101,-0.002345940847,1.020670492,-0.001331938171,8,8,0.005774112852
2014-11-19,-0.006868039847,-0.006868039847,0,0,-0.005823427056,-0.001044612791,1.02538862,-0.002368132966,8,8,-0.001605445683
2014-11-20,0.003058782802,0.003058782802,0,0,0.004130438506,-0.001071655704,1.027667869,-0.009300045899,8,8,0.001753931819
2014-11-21,-0.008107295595,-0.008107295595,0,0,-0.001316467884,-0.006790827711,1.029720273,-0.006222230645,8,8,0.005350615819
2014-11-24,0.002829122377,0.002829122377,0,0,0.001615187935,0.001213934441,1.043655859,-0.0144466495,8,8,0.002806258014
2014-11-25,-0.0004407904494,-0.0004407904494,0,0,-0.002344746084,0.001903955635,1.04111168,-0.01158475244,8,8,-0.0007235075517
2014-11-26,0.004865374851,0.004865374851,0,0,0.005859228042,-0.0009938531915,1.037320219,-0.01203084597,8,8,0.002558818246
2014-11-28,0.009595803773,0.009595803773,0,0,0.001369586562,0.008226217211,1.039117604,-0.007130777215,8,8,-0.002119048897
2014-12-01,-0.006732046886,-0.007381631035,0.0006495841489,0.6495841489,-0.007342483867,0.0006104369815,1.022449746,0.002441597468,8,8,-0.006949853123
2014-12-02,-0.002336877444,-0.002336877444,0,0,0.002311277385,-0.004648154829,1,0,8,8,0.00646406955
2014-12-03,0.002042420344,0.002042420344,0,0,0.003525238908,-0.001482818564,1.009318085,-0.002342351231,8,8,0.003863039816
2014-12-04,0.008849891454,0.008849891454,0,0,0.005789728028,0.003060163426,1.012258685,-0.0002993195512,8,8,-0.001106677313
2014-12-05,0.004918896951,0.004918896951,0,0,0.003361246188,0.001557650763,1.006084511,0.008475564081,8,8,0.001637614689
2014-12-08,0.0055631525,0.0055631525,0,0,-0.006426861511,0.01199001401,1.002954675,0.01332889756,8,8,-0.006682721344
2014-12-09,0.000984796953,0.000984796953,0,0,0.002045171473,-0.00106037452,0.9790909674,0.01878753215,8,8,-0.0006775958249
2014-12-10,0.003960289306,0.003960289306,0,0,-0.007658333305,0.01161862261,0.9812302008,0.01975287653,8,8,-0.01603141455
2014-12-11,0.002688828123,0.002688828123,0,0,0.003559880525,-0.0008710524028,0.9581586594,0.02361962529,8,8,0.005069937007
2014-12-12,0.001449797783,0.001449797783,0,0,-0.005146684811,0.006596482593,0.9600082951,0.0262379042,8,8,-0.01616139049
2014-12-15,-0.002396803431,-0.002396803431,0,0,-0.003439586706,0.001042783275,0.9468923253,0.02764761852,8,8,-0.006869864522
2014-12-16,-0.007631161448,-0.007631161448,0,0,-0.01036385116,0.002732689716,0.9446741535,0.02531148174,8,8,-0.008019155179
2014-12-17,-0.001624115066,-0.001624115066,0,0,0.01186973492,-0.01349384999,0.9387412991,0.01781627919,8,8,0.01960510847
2014-12-18,0.001104867301,0.001104867301,0,0,0.0146264556,-0.0135215883,0.9656732484,0.01621850484,8,8,0.02472812575
2014-12-19,-0.004568602588,-0.004568602588,0,0,0.0003549271408,-0.004923529729,0.9927244636,0.01730425324,8,8,0.004255005704
2014-12-22,0.004596299009,0.004596299009,0,0,0.00516866568,-0.0005723666716,1.002583325,0.01279410182,8,8,0.004600315501
2014-12-23,-0.004319049629,-0.004319049629,0,0,-0.0002468573034,-0.004072192326,1.003711002,0.01731083505,8,8,0.00134920023
2014-12-24,0.0002346686435,0.0002346686435,0,0,-0.0002722894407,0.0005069580842,1.011906812,0.01304814099,8,8,9.656551325e-05
2014-12-26,0.0007181980342,0.0007181980342,0,0,0.001727473015,-0.00100927498,1.010890341,0.01327969331,8,8,0.003224585517
2014-12-29,-0.0006024621753,-0.0006024621753,0,0,0.000210463286,-0.0008129254614,1.012899626,0.0139878453,8,8,0.001343364997
2014-12-30,-0.001036118851,-0.001036118851,0,0,-0.002922493517,0.001886374666,1.014534233,0.01339345217,8,8,-0.005365720124
2014-12-31,-9.563743079e-05,-9.563743079e-05,0,0,-0.004177653801,0.00408201637,1.010772646,0.01237015027,8,8,-0.00992353092
2015-01-02,-0.002360155246,-0.003129663818,0.0007695085717,0.7695085717,-0.002303150636,-5.700460983e-05,1.002608863,0.01227568685,8,8,-0.0005347538312
2015-01-05,0.009038878274,0.009038878274,0,0,-0.00815491454,0.01719379281,1,0,8,8,-0.01805962143
2015-01-06,0.002796197049,0.002796197049,0,0,-0.003529933528,0.006326130577,0.9659204552,0.008957908826,8,8,-0.009419194255
2015-01-07,0.006213588263,0.006213588263,0,0,0.009904055883,-0.003690467619,0.9533985011,0.01172133072,8,8,0.01246106351
2015-01-08,0.007133953582,0.007133953582,0,0,0.01418199889,-0.007048045305,0.9610216318,0.01782416695,8,8,0.01774490231
2015-01-09,0.0007468125234,0.0007468125234,0,0,-0.004420201076,0.005167013599,0.9752939741,0.02478133167,8,8,-0.008013204256
2015-01-12,0.002396435687,0.002396435687,0,0,-0.004672594205,0.007069029891,0.9649860957,0.02550909368,8,8,-0.007833830931
2015-01-13,-0.001113085586,-0.001113085586,0,0,-0.002251608961,0.001138523375,0.9509655438,0.02783881543,8,8,-0.00281271849
2015-01-14,-0.0004114373734,-0.0004114373734,0,0,-0.00149811556,0.001086678187,0.9486313193,0.02675551102,8,8,-0.006036941622
2015-01-15,-0.00182548351,-0.00182548351,0,0,-0.005236093258,0.003410609748,0.9464359247,0.02635491705,8,8,-0.009160810258
2015-01-16,0.0006060381337,0.0006060381337,0,0,0.007266857458,-0.006660819325,0.9395042713,0.0245742935,8,8,0.01311419901
2015-01-20,-0.001924602183,-0.001924602183,0,0,0.001094525168,-0.003019127352,0.9528544819,0.02516508064,8,8,0.002132578845
2015-01-21,-0.01347582269,-0.01347582269,0,0,0.001928094107,-0.01540391679,0.9588134689,0.02328529338,8,8,0.005048256889
2015-01-22,0.0004637020829,0.0004637020829,0,0,0.009805822543,-0.00934212046,0.9894795305,0.009943467096,8,8,0.01487094588
2015-01-23,0.001695350336,0.001695350336,0,0,-0.001438803856,0.003134154192,1.008159988,0.01040234559,8,8,-0.005482868813
2015-01-26,-0.003696880193,-0.003696880193,0,0,0.00019846425,-0.003895344443,1.001888478,0.0120772208,8,8,0.002341795214
2015-01-27,-0.006834456966,-0.006834456966,0,0,-0.01399738245,0.007162925487,1.009715082,0.008411436685,8,8,-0.01319055598
2015-01-28,0.008610079359,0.008610079359,0,0,-0.002427602371,0.01103768173,0.9953575021,0.001587831686,8,8,-0.01282418666
2015-01-29,0.006611270398,0.006611270398,0,0,0.008931056883,-0.002319786485,0.9735102177,0.01011085577,8,8,0.009243516215
2015-01-30,-0.01567096513,-0.01567096513,0,0,-0.01439439398,-0.001276571144,0.9782932996,0.01661229778,8,8,-0.01257494208
2015-02-02,-0.003530507919,-0.004073139769,0.0005426318498,0.5426318498,0.003072563283,-0.006603071202,0.9805415085,0.0009563190948,8,8,0.01238424502
2015-02-03,-0.004863414348,-0.004863414348,0,0,0.007713493766,-0.01257690811,1,0,8,8,0.01446088872
2015-02-04,0.001699280666,0.001699280666,0,0,-0.004624999156,0.006324279822,1.025276748,-0.004887182742,8,8,-0.003807742334
2015-02-05,-0.0005971436945,-0.0005971436945,0,0,0.006242841821,-0.006839985515,1.012606765,-0.003182494125,8,8,0.01009487168
2015-02-06,-0.000323406758,-0.000323406758,0,0,-0.001803811204,0.001480404446,1.026302443,-0.003781896155,8,8,-0.002765008429
2015-02-09,-0.006429664965,-0.006429664965,0,0,-0.005756036892,-0.0006736280727,1.023349185,-0.004106631026,8,8,-0.004475894615
2015-02-10,0.008792125689,0.008792125689,0,0,0.01070123582,-0.001909110129,1.024856259,-0.01060447924,8,8,0.01065299241
2015-02-11,0.001142859381,0.001142859381,0,0,-0.0005371488382,0.001680008219,1.028424567,-0.001796557987,8,8,0.0005805081461
2015-02-12,0.003489919262,0.003489919262,0,0,0.005453785783,-0.001963866521,1.025035938,-0.0006529523732,8,8,0.009616971748
2015-02-13,-0.007018070002,-0.007018070002,0,0,0.0008051493465,-0.007823219349,1.028862941,0.002827100536,8,8,0.004116329229
2015-02-17,0.003577737687,0.003577737687,0,0,0.001817779924,0.001759957763,1.044823958,-0.004220589862,8,8,0.001573157088
2015-02-18,0.004586522997,0.004586522997,0,0,-1.179458054e-05,0.004598317577,1.041156794,-0.0006405604173,8,8,9.504123875e-05
2015-02-19,-0.0009861876767,-0.0009861876767,0,0,-0.00129515061,0.0003089629333,1.031814242,0.00392794696,8,8,-0.0007140162659
2015-02-20,0.002762043824,0.002762043824,0,0,0.006443436244,-0.00368139242,1.031227112,0.002944663274,8,8,0.006000720157
2015-02-23,0.009030107706,0.009030107706,0,0,0.001617875815,0.007412231891,1.038483603,0.005690988339,8,8,-0.00014210534
2015-02-24,0.003036212619,0.003036212619,0,0,0.003951200802,-0.0009149881828,1.023447407,0.01458935262,8,8,0.002840761499
2015-02-25,-0.004562410132,-0.004562410132,0,0,-0.0006446365491,-0.003917773583,1.025200868,0.01757221227,8,8,-0.000849901544
2015-02-26,0.008466343671,0.008466343671,0,0,0.007241773833,0.001224569838,1.033187832,0.01306943024,8,8,-0.001181097998
2015-02-27,0.001361171743,0.001361171743,0,0,-0.002865046924,0.004226218667,1.030480633,0.02135497535,8,8,-0.003406346617
2015-03-02,0.005119979691,0.004571109448,0.0005488702428,0.5488702428,0.004990322497,0.0001296571933,1.021998252,0.02268526854,8,8,0.006313783675
2015-03-03,-0.003047979277,-0.003047979277,0,0,-0.002680092441,-0.0003678868362,1,0,8,8,-0.004104121541
2015-03-04,0.001541044671,0.001541044671,0,0,-0.0005472107187,0.00208825539,1.000738023,-0.003057297858,8,8,-0.004215708844
2015-03-05,-0.0004171481932,-0.0004171481932,0,0,-0.001054790678,0.0006376424843,0.9965668031,-0.001513920168,8,8,0.001094239859
2015-03-06,-5.888908534e-05,-5.888908534e-05,0,0,-0.008134261527,0.008075372442,0.9952895532,-0.001931874239,8,8,-0.01406474316
2015-03-09,0.003256256525,0.003256256525,0,0,0.002009847178,0.001246409348,0.9791375797,-0.001990880566,8,8,0.004144767468
2015-03-10,0.001091076439,0.001091076439,0,0,-0.006157231195,0.007248307634,0.9767205648,0.001261268945,8,8,-0.01622196606
2015-03-11,-0.002141544162,-0.002141544162,0,0,-0.001301731903,-0.0008398122587,0.9622651212,0.002349781592,8,8,-0.00234186128
2015-03-12,0.007029922269,0.007029922269,0,0,0.009570614698,-0.00254069243,0.9638673661,0.0002086843371,8,8,0.01271418088
2015-03-13,0.001955508156,0.001955508156,0,0,-0.00215606355,0.004111571706,0.969165515,0.007188074997,8,8,-0.006132244695
2015-03-16,0.002629849739,0.002629849739,0,0,0.009679922123,-0.007050072384,0.9610186,0.009125737699,8,8,0.01336023737
2015-03-17,0.003275445708,0.003275445708,0,0,1.959155986e-05,0.003255854148,0.9751840071,0.0117247531,8,8,-0.00297205403
2015-03-18,-0.005091848187,-0.005091848187,0,0,0.00594203093,-0.01103387912,0.968774576,0.01495122688,8,8,0.01202145426
2015-03-19,0.006947149227,0.006947149227,0,0,0.0004698979609,0.006477251266,0.9907954661,0.00990983808,8,8,-0.004561502739
2015-03-20,-0.002606322531,-0.002606322531,0,0,0.003251694284,-0.005858016814,0.9779938437,0.01674068725,8,8,0.00882683315
2015-03-23,0.001089028155,0.001089028155,0,0,2.168783913e-05,0.001067340315,0.9896829878,0.0141712997,8,8,-0.001948502818
2015-03-24,-0.001871699674,-0.001871699674,0,0,-0.003440786851,0.001569087177,0.9875618527,0.01524372701,8,8,-0.005618979719
2015-03-25,-0.008750260295,-0.008750260295,0,0,-0.01253459829,0.00378433799,0.9843944695,0.01339710269,8,8,-0.01465427737
2015-03-26,0.00275683708,0.00275683708,0,0,-0.001081084713,0.003837921793,0.9766212231,0.004687862408,8,8,-0.002380981536
2015-03-27,0.007577210753,0.007577210753,0,0,0.003804872739,0.003772338014,0.9690307567,0.00742423209,8,8,0.002289545481
2015-03-30,-0.0006050001334,-0.0006050001334,0,0,0.007461625183,-0.008066625317,0.9617757141,0.01488862857,8,8,0.01219970146
2015-03-31,0.0003052148495,0.0003052148495,0,0,-0.005312731657,0.005617946507,0.9778955916,0.01429227526,8,8,-0.008739416719
2015-04-01,-0.003440140122,-0.00420239677,0.0007622566486,0.7622566486,-0.004100983535,0.0006608434136,0.9666698714,0.0145930361,8,8,-0.003536315566
2015-04-02,-0.0009760764295,-0.0009760764295,0,0,0.001440465271,-0.0024165417,1,0,8,8,0.003597770332
2015-04-06,-0.006232414767,-0.006232414767,0,0,0.004331206724,-0.01056362149,1.004837805,-0.0009770300855,8,8,0.006733050494
2015-04-07,0.0002506127769,0.0002506127769,0,0,0.0001129173787,0.0001376953982,1.026127888,-0.007254658896,8,8,-0.002646271894
2015-04-08,0.004609219024,0.004609219024,0,0,0.003375505594,0.00123371343,1.02584602,-0.007002291255,8,8,0.003377015445
2015-04-09,-0.002357870299,-0.002357870299,0,0,0.00229922664,-0.004657096938,1.023271331,-0.002382092644,8,8,0.004423483289
2015-04-10,0.0001082072126,0.0001082072126,0,0,0.002830548887,-0.002722341674,1.032662539,-0.004751165575,8,8,0.005457177252
2015-04-13,-0.001413724535,-0.001413724535,0,0,-0.002616712354,0.001202987818,1.038103099,-0.004642456015,8,8,-0.004523344506
2015-04-14,-0.006138784582,-0.006138784582,0,0,-0.00177046223,-0.004368322352,1.035747661,-0.006064754443,8,8,0.001913396174
2015-04-15,-0.004166168615,-0.004166168615,0,0,0.001169828181,-0.005335996796,1.044759072,-0.01227891665,8,8,0.004486937001
2015-04-16,0.002432149841,0.002432149841,0,0,0.002541008803,-0.0001088589622,1.055662966,-0.01651388489,8,8,-0.0002851729802
2015-04-17,-0.00101327342,-0.00101327342,0,0,-0.009065307244,0.008052033824,1.055745104,-0.01404756926,8,8,-0.01150345116
2015-04-20,0.001211304484,0.001211304484,0,0,0.005609643063,-0.004398338579,1.039681244,-0.01507611891,8,8,0.00913717193
2015-04-21,0.001606243737,0.001606243737,0,0,0.0005893360065,0.00101690773,1.048419271,-0.01384804023,8,8,-0.001191518972
2015-04-22,-0.004526502989,-0.004526502989,0,0,0.002230841776,-0.006757344765,1.046311069,-0.01222216472,8,8,0.004914079074
2015-04-23,-0.00115588539,-0.00115588539,0,0,-0.0006698123315,-0.0004860730584,1.060097791,-0.01682482533,8,8,0.002515922608
2015-04-24,-0.007757966748,-0.007757966748,0,0,-0.002473281901,-0.005284684847,1.061140609,-0.01800151841,8,8,0.002320876303
2015-04-27,-0.00434287007,-0.00434287007,0,0,-0.0002842125065,-0.004058657564,1.072270652,-0.02596088887,8,8,-0.004157963693
2015-04-28,-0.005782410475,-0.005782410475,0,0,-0.001107092975,-0.0046753175,1.080738604,-0.03043593827,8,8,0.003178960106
2015-04-29,-0.009772919624,-0.009772919624,0,0,-0.006309559088,-0.003463360536,1.090613202,-0.03642899615,8,8,-0.004114603171
2015-04-30,-0.00205833756,-0.00205833756,0,0,-0.00640101794,0.004342680381,1.098502581,-0.04665789968,8,8,-0.01002044316
2015-05-01,0.01095635459,0.01061578432,0.0003405702666,0.3405702666,0.01173067859,-0.0007743239946,1.090002475,-0.04881671853,8,8,0.01084140615
2015-05-04,-0.001234388516,-0.001234388516,0,0,0.0005588536606,-0.001793242177,1,0,8,8,0.002847717336
2015-05-05,-0.005244992493,-0.005244992493,0,0,-0.006680185411,0.001435192918,1.003590917,-0.001235914114,8,8,-0.01145216542
2015-05-06,0.0007005114178,0.0007005114178,0,0,-0.002238987808,0.002939499225,1.00072433,-0.006515078143,8,8,-0.004116828738
2015-05-07,0.005327339331,0.005327339331,0,0,0.006307770575,-0.000980431244,0.9948489401,-0.005810496406,8,8,0.003989666753
2015-05-08,0.002214142404,0.002214142404,0,0,0.007506056091,-0.005291913687,0.9968267078,-0.0004805967731,8,8,0.01316591759
2015-05-11,-0.001171485837,-0.001171485837,0,0,-0.002622479561,0.001450993724,1.007394163,0.001729715794,8,8,-0.004772707818
2015-05-12,-0.0009607918136,-0.0009607918136,0,0,-0.000307069789,-0.0006537220247,1.004497445,0.0005588846824,8,8,-0.002991364103
2015-05-13,-0.001603455456,-0.001603455456,0,0,-0.0009471172656,-0.00065633819,1.005810471,-0.0004022936517,8,8,0.0001906687235
2015-05-14,0.004747679504,0.004747679504,0,0,0.008282290457,-0.003534610953,1.007134588,-0.002008970402,8,8,0.01042777485
2015-05-15,0.0001110555295,0.0001110555295,0,0,0.0005343203357,-0.0004232648062,1.014136693,0.002725768029,8,8,0.001083805574
2015-05-18,0.003299342815,0.003299342815,0,0,0.00249058456,0.0008087582545,1.014981559,0.002836508549,8,8,0.003106442848
2015-05-19,0.0001218759525,0.0001218759525,0,0,-0.0009536910745,0.001075567027,1.013320095,0.006115673659,8,8,-0.0003285476588
2015-05-20,0.0001796403198,0.0001796403198,0,0,6.223671477e-05,0.000117403605,1.0111676,0.006236789497,8,8,-0.000704015426
2015-05-21,0.0002873347258,0.0002873347258,0,0,0.002166760906,-0.00187942618,1.010930829,0.006415277374,8,8,0.002912556441
2015-05-22,0.001187182307,0.001187182307,0,0,-0.0001983922256,0.001385574533,1.014685462,0.00670068676,8,8,-0.002388640923
2015-05-26,0.0002858471518,0.0002858471518,0,0,-0.005477974839,0.005763821991,1.011900185,0.007878515833,8,8,-0.0107517393
2015-05-27,0.007574112233,0.007574112233,0,0,0.009499327475,-0.001925215242,1.000372435,0.008162029892,8,8,0.009492215233
2015-05-28,0.0004086494886,0.0004086494886,0,0,-0.0002179046514,0.00062655414,1.004191121,0.01561785077,8,8,-0.001128344862
2015-05-29,0.004701798,0.004701798,0,0,0.002106950243,0.002594847757,1.002936813,0.01601995371,8,8,-0.006213426406
2015-06-01,-3.054281675e-05,-0.000667559471,0.0006370166542,0.6370166542,-0.0001102411049,7.969828811e-05,0.9977576601,0.02062477817,8,8,0.002036882157
2015-06-02,-0.003092065664,-0.003092065664,0,0,-0.002178348048,-0.0009137176168,1,0,8,8,-0.0009925968564
2015-06-03,0.0002308401271,0.0002308401271,0,0,0.001898967157,-0.00166812703,1.001833103,-0.003101656189,8,8,0.002649583894
2015-06-04,-0.0001994639403,-0.0001994639403,0,0,-0.004988375097,0.004788911157,1.005168164,-0.002870153515,8,8,-0.008446699567
2015-06-05,0.0009179355743,0.0009179355743,0,0,0.001540810605,-0.0006228750305,0.9955894623,-0.003070229856,8,8,-0.001712955499
2015-06-08,-0.006950902331,-0.006950902331,0,0,-0.00560068276,-0.001350219572,0.9968381148,-0.002150320426,8,8,-0.006149674908
2015-06-09,0.0001345206017,0.0001345206017,0,0,0.002349136589,-0.002214615988,0.999535324,-0.009164927271,8,8,-0.0001441406601
2015-06-10,0.005069585469,0.005069585469,0,0,0.00846659839,-0.003397012921,1.003964023,-0.009029192057,8,8,0.01199363184
2015-06-11,0.0006963373806,0.0006963373806,0,0,0.0003250746119,0.0003712627687,1.010703785,-0.003939634276,8,8,0.003223324058
2015-06-12,-0.001324608195,-0.001324608195,0,0,-0.00420928872,0.002884680525,1.009954328,-0.003241040038,8,8,-0.007654880369
2015-06-15,0.003108348824,0.003108348824,0,0,0.0003938148489,0.002714533975,1.004190517,-0.00457170395,8,8,-0.004285711033
2015-06-16,0.0007481226199,0.0007481226199,0,0,0.004021370359,-0.003273247739,0.9987652874,-0.001458820602,8,8,0.005451874085
2015-06-17,-0.004624287233,-0.004624287233,0,0,-0.0008157700417,-0.003808517191,1.005307812,-0.0007101666903,8,8,0.001616984442
2015-06-18,0.004350026175,0.004350026175,0,0,0.007197811852,-0.002847785678,1.012984892,-0.005359236573,8,8,0.01039946457
2015-06-19,-0.0005198543439,-0.0005198543439,0,0,-0.002565370351,0.002045516007,1.018599555,-0.001004839321,8,8,-0.004439340807
2015-06-22,0.00112986309,0.00112986309,0,0,0.003033458583,-0.001903595493,1.014516069,-0.001525486696,8,8,0.00512327976
2015-06-23,0.001030886865,0.001030886865,0,0,0.00304718507,-0.002016298205,1.018302581,-0.0003951771093,8,8,0.0007077453198
2015-06-24,-0.002541786878,-0.002541786878,0,0,-0.005499857717,0.002958070839,1.022312176,0.0006350550856,8,8,-0.007262507871
2015-06-25,0.002455432009,0.002455432009,0,0,-0.0001754523591,0.002630884368,1.016437816,-0.001911590649,8,8,-0.003040516837
2015-06-26,-0.003470788464,-0.003470788464,0,0,-0.00357644706,0.0001056585955,1.011148672,0.000542509266,8,8,-0.0001906391137
2015-06-29,1.255822247e-07,1.255822247e-07,0,0,-0.009093961561,0.009094087143,1.010975448,-0.002938478034,8,8,-0.02097072477
2015-06-30,0.001677671285,0.001677671285,0,0,0.003096704961,-0.001419033675,0.992787275,-0.002938352083,8,8,0.002093622403
2015-07-01,0.002028490378,0.001502008687,0.0005264816909,0.5264816909,0.004687388689,-0.002658898311,0.9956326693,-0.001258569332,8,8,0.008015408818
2015-07-02,-0.0005164923215,-0.0005164923215,0,0,-0.0003555798798,-0.0001609124417,1,0,8,8,-0.0009154381737
2015-07-06,0.001188112551,0.001188112551,0,0,-0.002457384791,0.003645497343,1.000321991,-0.0005167592237,8,8,-0.002846117467
2015-07-07,-0.002688267857,-0.002688267857,0,0,0.0008813465591,-0.003569614416,0.9930392666,0.000670556631,8,8,0.00628855536
2015-07-08,0.000686089071,0.000686089071,0,0,-0.008459649492,0.009145738563,1.000178977,-0.002023149995,8,8,-0.01677656607
2015-07-09,0.0002744471329,0.0002744471329,0,0,0.001136729538,-0.0008622824054,0.9818999178,-0.00133614421,8,8,0.001808336063
2015-07-10,0.006023017049,0.006023017049,0,0,0.01013343191,-0.004110414861,0.9836289755,-0.001061405778,8,8,0.01259173631
2015-07-13,0.001871843537,0.001871843537,0,0,0.006934634106,-0.005062790569,0.9918986001,0.004931906315,8,8,0.01103730035
2015-07-14,0.001975636828,0.001975636828,0,0,0.004654937767,-0.002679300939,1.002020399,0.006791038092,8,8,0.0043379843
2015-07-15,-0.0006154556173,-0.0006154556173,0,0,-0.001664046496,0.001048590878,1.007364452,0.008749389304,8,8,-0.0003317553166
2015-07-16,0.01533961927,0.01533961927,0,0,0.01702086186,-0.001681242589,1.005270514,0.008138942845,8,8,0.008023947839
2015-07-17,0.001703866201,0.001703866201,0,0,7.709185379e-05,0.001626774348,1.008502573,0.02312385104,8,8,0.0008477575975
2015-07-20,0.001241233217,0.001241233217,0,0,-0.0003559587374,0.001597191955,1.005240096,0.02478548609,8,8,0.0005179223707
2015-07-21,0.0006836616932,0.0006836616932,0,0,0.0002754003652,0.0004082613279,1.002043176,0.02599445413,8,8,-0.003951579655
2015-07-22,-0.004447846339,-0.004447846339,0,0,-0.006032462383,0.001584616044,1.001225815,0.02665988948,8,8,-0.001794474657
2015-07-23,0.004166989847,0.004166989847,0,0,-0.003254685161,0.007421675008,0.9980479002,0.02231128028,8,8,-0.005629828149
2015-07-24,0.01196559428,0.01196559428,0,0,0.004102288343,0.007863305941,0.9832742463,0.0263683933,8,8,-0.01037227044
2015-07-27,-0.0009170119223,-0.0009170119223,0,0,-0.005592388719,0.004675376797,0.9679313548,0.03788072224,8,8,-0.005817038729
2015-07-28,-0.003759762471,-0.003759762471,0,0,0.006351046236,-0.01011080871,0.9585425843,0.03699763759,8,8,0.01228291124
2015-07-29,-0.001368916427,-0.001368916427,0,0,0.001948077549,-0.003316993976,0.9786840588,0.03336331325,8,8,0.006878984946
2015-07-30,0.004623047811,0.004623047811,0,0,0.002385589008,0.002237458804,0.9852979208,0.03203825452,8,8,0.0002371397902
2015-07-31,0.006400923031,0.006400923031,0,0,0.000993106246,0.005407816785,0.9809112514,0.03649259531,8,8,-0.00151764736
2015-08-03,0.001111675369,0.0001997925149,0.0009118828539,0.9118828539,-0.002566732332,0.003678407701,0.970285816,0.04262070648,8,8,-0.003373338273
2015-08-04,0.006925315719,0.006925315719,0,0,0.004660878328,0.002264437391,1,0,8,8,-0.001953961942
2015-08-05,-0.0008744849079,-0.0008744849079,0,0,-0.001210247805,0.0003357628972,0.9955022734,0.006877685575,8,8,0.003295145495
2015-08-06,-0.01031574185,-0.01031574185,0,0,-0.009266923509,-0.001048818342,0.9948262232,0.00600845497,8,8,-0.008187372127
2015-08-07,0.0008690498957,0.0008690498957,0,0,-0.003961646665,0.00483069656,0.9968917965,-0.004352182877,8,8,-0.001919943697
2015-08-10,-0.001421916892,-0.001421916892,0,0,0.005059275734,-0.006481192627,0.9872414911,-0.003480108593,8,8,0.01259917529
2015-08-11,-0.003590204183,-0.003590204183,0,0,-0.005357674945,0.001767470762,1.000204167,-0.004909005684,8,8,-0.0090229992
2015-08-12,-0.008305686361,-0.008305686361,0,0,-0.002600961224,-0.005704725137,0.9966572239,-0.008529833711,8,8,0.001197718966
2015-08-13,0.005755723023,0.005755723023,0,0,0.003307150123,0.002448572901,1.008134235,-0.01697652174,8,8,-0.001244116573
2015-08-14,0.0009760152296,0.0009760152296,0,0,0.0009721304035,3.884826074e-06,1.003218564,-0.0111565845,8,8,0.003642008373
2015-08-17,0.008775024226,0.008775024226,0,0,0.008439292608,0.0003357316185,1.003207663,-0.01017064257,8,8,0.005586992524
2015-08-18,-0.0007011905921,-0.0007011905921,0,0,-0.003653123803,0.002951933211,1.002514138,-0.00138347829,8,8,-0.002896603509
2015-08-19,0.003472196854,0.003472196854,0,0,-0.004412218001,0.007884414855,0.9966078935,-0.002086131658,8,8,-0.007905345042
2015-08-20,-0.01489646012,-0.01489646012,0,0,-0.02337051763,0.008474057512,0.9809053641,0.001381269157,8,8,-0.02088178835
2015-08-21,-0.00252050762,-0.00252050762,0,0,-0.01631468786,0.01379418024,0.9634122207,-0.0137195639,8,8,-0.0301021224
2015-08-24,-0.002550082594,-0.002550082594,0,0,-0.02234613308,0.01979605048,0.935661695,-0.01628110817,8,8,-0.04210677062
2015-08-25,0.01156853877,0.01156853877,0,0,0.002128102283,0.009440436488,0.8958038853,-0.01887933463,8,8,-0.01176823385
2015-08-26,0.005781685402,0.005781685402,0,0,0.02317055575,-0.01738887035,0.8783305501,-0.007227187855,8,8,0.03839400398
2015-08-27,0.01056566802,0.01056566802,0,0,0.02127155413,-0.01070588611,0.9136077834,-0.001437193055,8,8,0.02473506248
2015-08-28,-0.001603413812,-0.001603413812,0,0,0.001780535116,-0.003383948927,0.9356989393,0.00903303492,8,8,5.0238532e-05
2015-08-31,-0.002220837985,-0.002220837985,0,0,-0.003539993238,0.001319155253,0.9423744395,0.007441552998,8,8,-0.008079272605
2015-09-01,-0.007257531333,-0.008140400989,0.0008828696558,0.8828696558,-0.02069855794,0.01344102661,0.9396019948,0.005232335181,8,8,-0.02984742004
2015-09-02,0.004508634669,0.004508634669,0,0,0.01054097311,-0.006032338441,1,0,8,8,0.01898091678
2015-09-03,-0.00711129074,-0.00711129074,0,0,-0.004950735709,-0.002160555031,1.012010526,0.004488398121,8,8,0.0007160151756
2015-09-04,0.002557539217,0.002557539217,0,0,-0.006936622238,0.009494161455,1.016448607,-0.002641678362,8,8,-0.01513665262
2015-09-08,-0.004180463545,-0.004180463545,0,0,0.008015171613,-0.01219563516,0.9974667626,-8.392450465e-05,8,8,0.02513147078
2015-09-09,0.00799216376,0.00799216376,0,0,-0.0005483499071,0.008540513667,1.021949793,-0.004282290007,8,8,-0.01337193225
2015-09-10,0.0004620184704,0.0004620184704,0,0,0.003653268324,-0.003191249853,1.004830162,0.003680458922,8,8,0.005441936036
2015-09-11,0.002605439162,0.002605439162,0,0,0.002436143958,0.0001692952046,1.011207484,0.004140564375,8,8,0.004544353988
2015-09-14,2.41181782e-05,2.41181782e-05,0,0,-0.002194633821,0.002218751999,1.010840649,0.006728472911,8,8,-0.003710666438
2015-09-15,-0.001272987809,-0.001272987809,0,0,0.005061814037,-0.006334801845,1.006402991,0.006752428233,8,8,0.0124993324
2015-09-16,-0.001361867656,-0.001361867656,0,0,0.007864085331,-0.009225952987,1.019096904,0.005486424576,8,8,0.008666704353
2015-09-17,0.001859125056,0.001859125056,0,0,0.003043740061,-0.001184615004,1.037600017,0.00413018168,8,8,-0.002248079798
2015-09-18,0.006614002905,0.006614002905,0,0,-0.001734078908,0.008348081813,1.039895077,0.005978192529,8,8,-0.01634132641
2015-09-21,-0.002552368282,-0.002552368282,0,0,0.001337469005,-0.003889837287,1.023046484,0.01250945784,8,8,0.005167559801
2015-09-22,-0.002379286017,-0.002379286017,0,0,-0.00894864067,0.006569354654,1.030905039,0.009982568753,8,8,-0.01297968078
2015-09-23,0.002716169225,0.002716169225,0,0,-0.0009677013589,0.003683870584,1.017808702,0.007621416266,8,8,-0.001598738511
2015-09-24,-0.0006382109401,-0.0006382109401,0,0,0.002207939649,-0.002846150589,1.010412678,0.01030958292,8,8,-0.003615735366
2015-09-25,-0.003933812933,-0.003933812933,0,0,-0.001515040797,-0.002418772136,1.016115264,0.009677548296,8,8,-0.0002595613432
2015-09-28,-0.007969763246,-0.007969763246,0,0,-0.01656553365,0.008595770402,1.021035558,0.005766419379,8,8,-0.02509694065
2015-09-29,-0.008826199587,-0.008826199587,0,0,-0.004667690514,-0.004158509073,1.0038749,-0.002221045071,8,8,0.0005849187796
2015-09-30,0.004383713248,0.004383713248,0,0,0.01471455069,-0.01033083744,1.012300484,-0.01114561811,8,8,0.01865874455
2015-10-01,0.006143448193,0.005730495423,0.0004129527695,0.4129527695,0.003155745561,0.002987702632,1.032818293,-0.006732391984,8,8,0.0026092045
2015-10-02,-0.003738088702,-0.003738088702,0,0,0.00855167679,-0.01228976549,1,0,8,8,0.01493749022
2015-10-05,-0.003163291332,-0.003163291332,0,0,0.008780051234,-0.01194334257,1.024671756,-0.003752114439,8,8,0.01779501047
2015-10-06,-0.01205318454,-0.01205318454,0,0,-0.006760954705,-0.005292229838,1.048712533,-0.006937350633,8,8,-0.003426377918
2015-10-07,-0.008003228868,-0.008003228868,0,0,-0.002412104688,-0.00559112418,1.06002043,-0.01922222419,8,8,0.008190825429
2015-10-08,-0.001474157661,-0.001474157661,0,0,0.004272685806,-0.005746843466,1.071777127,-0.0274451025,8,8,0.009026370039
2015-10-09,-0.002005797732,-0.002005797732,0,0,-0.001739413711,-0.000266384021,1.08339375,-0.02896195464,8,8,0.0005964955524
2015-10-12,0.00391845922,0.00391845922,0,0,0.001998054088,0.001920405132,1.084095196,-0.03102999226,8,8,0.0009433155185
2015-10-13,-0.001251479576,-0.001251479576,0,0,-0.003050212022,0.001798732446,1.07994114,-0.02700571226,8,8,-0.006301726282
2015-10-14,0.005657349668,0.005657349668,0,0,-0.001267972183,0.006925321851,1.076439337,-0.02829259945,8,8,-0.004793931675
2015-10-15,0.001081285586,0.001081285586,0,0,0.00498222034,-0.003900934754,1.062236599,-0.02250791464,8,8,0.01535434445
2015-10-16,0.003192322867,0.003192322867,0,0,0.004647003165,-0.001454680298,1.069962819,-0.02140348577,8,8,0.004546498699
2015-10-19,0.008645929905,0.008645929905,0,0,0.004445953779,0.004199976126,1.072640288,-0.01815321199,8,8,0.0004916539745
2015-10-20,-0.01101192153,-0.01101192153,0,0,-0.01178941975,0.0007774982127,1.063689679,-0.009425787386,8,8,-0.001277725877
2015-10-21,-0.001785265158,-0.001785265158,0,0,-0.004696784388,0.00291151923,1.062826524,-0.02066527329,8,8,-0.00620380504
2015-10-22,-0.01595536486,-0.01595536486,0,0,-0.001570680483,-0.01438468438,1.057105433,-0.02249069029,8,8,0.01689354293
2015-10-23,0.0155674326,0.0155674326,0,0,0.01951811345,-0.003950680846,1.087267182,-0.03906942204,8,8,0.01096192947
2015-10-26,0.01653936225,0.01653936225,0,0,0.01112480082,0.005414561436,1.093709724,-0.02314173209,8,8,-0.002457525882
2015-10-27,0.00216646632,0.00216646632,0,0,-0.001118288437,0.003284754757,1.081532112,-0.006494947546,8,8,-0.001932585384
2015-10-28,-0.001453014254,-0.001453014254,0,0,0.005207658116,-0.00666067237,1.074800549,-0.004319123989,8,8,0.01137455811
2015-10-29,-0.001711692778,-0.001711692778,0,0,0.001642088495,-0.003353781273,1.088250123,-0.005780537446,8,8,-0.0005743999559
2015-10-30,0.004118597515,0.004118597515,0,0,0.003098483076,0.001020114438,1.095120503,-0.007505076609,8,8,-0.004309516561
2015-11-02,-0.0001001121622,-0.0008483996857,0.0007482875235,0.7482875235,0.008906843164,-0.009006955326,1.092698486,-0.003372588759,8,8,0.01183077192
2015-11-03,-0.005896890458,-0.005896890458,0,0,0.001170889289,-0.007067779747,1,0,8,8,0.002899506673
2015-11-04,0.005210562966,0.005210562966,0,0,0.004240645734,0.0009699172329,1.01421941,-0.005931870045,8,8,-0.003033242358
2015-11-05,0.006332413873,0.006332413873,0,0,0.004378734349,0.001953679524,1.012215923,-0.000717568145,8,8,-0.0009984622331
2015-11-06,0.009394564255,0.009394564255,0,0,0.008274405346,0.001120158909,1.008256282,0.005579513936,8,8,-0.0005232090746
2015-11-09,0.001387898948,0.001387898948,0,0,-0.005961145798,0.007349044745,1.005959973,0.01483471253,8,8,-0.009331415427
2015-11-10,0.001545585524,0.001545585524,0,0,0.002357901381,-0.0008123158571,0.9912739944,0.01620012734,8,8,0.002306505737
2015-11-11,0.007201432082,0.007201432082,0,0,0.001159229931,0.00604220215,0.992909585,0.01771832767,8,8,-0.003931766162
2015-11-12,0.003282736245,0.003282736245,0,0,-0.005862633904,0.009145370148,0.9809622795,0.02474158491,8,8,-0.0139593238
2015-11-13,-0.01389751544,-0.01389751544,0,0,-0.01522185121,0.001324335773,0.9627936778,0.02793262571,8,8,-0.01122865457
2015-11-16,-0.003684238731,-0.003684238731,0,0,0.008818455377,-0.01250269411,0.9595833147,0.0142329124,8,8,0.01520685147
2015-11-17,0.006376326687,0.006376326687,0,0,0.005741853675,0.0006344730122,0.9845317141,0.01058768121,8,8,-0.0007293623096
2015-11-18,0.003500689377,0.003500689377,0,0,0.0106649736,-0.007164284226,0.9833688139,0.01685652519,8,8,0.01586592694
2015-11-19,0.001474742785,0.001474742785,0,0,-0.0006711911683,0.002145933953,0.997705415,0.02028619888,8,8,-0.0008621592011
2015-11-20,0.01127541543,0.01127541543,0,0,0.01023681842,0.001038597005,0.9934232461,0.02172889713,8,8,0.003644028525
2015-11-23,0.0009637102584,0.0009637102584,0,0,0.001574084751,-0.0006103744922,0.991442541,0.03263632444,8,8,-0.001146563146
2015-11-24,-0.003455817351,-0.003455817351,0,0,-0.00188531376,-0.001570503592,0.9926703536,0.03356768518,8,8,0.001339294073
2015-11-25,0.002448511036,0.002448511036,0,0,0.001679389496,0.0007691215394,0.9957968355,0.03021628981,8,8,-0.0001432386404
2015-11-27,0.003477811528,0.003477811528,0,0,0.001716156575,0.001761654953,0.9942726159,0.03258501607,8,8,0.001146682159
2015-11-30,-0.004821119179,-0.004821119179,0,0,-0.00457140986,-0.0002497093184,0.9907813667,0.03593784256,8,8,-0.004151842382
2015-12-01,0.007489294854,0.006835395205,0.0006538996495,0.6538996495,0.009852670054,-0.0023633752,0.9912385453,0.03126746757,8,8,0.009535734598
2015-12-02,0.007610151779,0.007610151779,0,0,-0.0007887751174,0.008398926896,1,0,8,8,-0.01020495289
2015-12-03,-0.007257939086,-0.007257939086,0,0,-0.006771110132,-0.0004868289546,0.9833290149,0.007552674777,8,8,-0.01400282906
2015-12-04,0.007035431468,0.007035431468,0,0,0.01206063427,-0.005025202804,0.9841879097,0.000296890504,8,8,0.01950308686
2015-12-07,0.0001160496296,0.0001160496296,0,0,-0.005232661942,0.005348711572,0.994278568,0.007281096318,8,8,-0.006058650453
2015-12-08,0.008337448059,0.008337448059,0,0,0.003102886622,0.005234561437,0.98358305,0.007396287611,8,8,-0.006719523469
2015-12-09,-0.005827458514,-0.005827458514,0,0,-0.008369839764,0.00254238125,0.9733362349,0.01560364112,8,8,-0.007779631279
2015-12-10,-0.002928052583,-0.002928052583,0,0,0.00049109189,-0.003419144473,0.9680653747,0.009833486846,8,8,0.00258085396
2015-12-11,0.0008904034083,0.0008904034083,0,0,-0.0106733964,0.01156379981,0.9748299645,0.006925713114,8,8,-0.01938117601
2015-12-14,0.000215175962,0.000215175962,0,0,0.007115636942,-0.00690046098,0.951745331,0.007809163217,8,8,0.005052754728
2015-12-15,-0.005790677218,-0.005790677218,0,0,0.0003227528196,-0.006113430037,0.965553665,0.008022612906,8,8,0.01049772273
2015-12-16,0.002143139856,0.002143139856,0,0,0.00921415282,-0.007071012964,0.9776511098,0.002244935384,8,8,0.01463241839
2015-12-17,0.01116251599,0.01116251599,0,0,-0.003353131877,0.01451564787,0.9918106866,0.004378691093,8,8,-0.01523832163
2015-12-18,-0.004618744513,-0.004618744513,0,0,-0.009049369373,0.00443062486,0.96319028,0.01536964319,8,8,-0.01781519201
2015-12-21,0.0001667011178,0.0001667011178,0,0,0.003451001283,-0.003284300165,0.9541171089,0.01080078475,8,8,0.008249211536
2015-12-22,-0.004307445878,-0.004307445878,0,0,0.002217969714,-0.006525415592,0.9606922619,0.01096565788,8,8,0.009074165517
2015-12-23,-0.009049849594,-0.009049849594,0,0,0.0004951832082,-0.009545032802,0.9736295036,0.006687015957,8,8,0.01238332158
2015-12-24,0.0006048683102,0.0006048683102,0,0,-0.001676771252,0.002281639562,0.9926530806,-0.002384412209,8,8,-0.001650393201
2015-12-28,0.007819928157,0.007819928157,0,0,0.003828163799,0.003991764359,0.9880970013,-0.00177846816,8,8,-0.002285119724
2015-12-29,0.0005127940103,0.0005127940103,0,0,0.007249886624,-0.006737092614,0.9802677771,0.005994582791,8,8,0.0106721757
2015-12-30,-0.002322608544,-0.002322608544,0,0,-0.004644597411,0.002321988866,0.9937451698,0.006504041568,8,8,-0.007087972595
2015-12-31,-0.004630653475,-0.004630653475,0,0,-0.007403136069,0.002772482594,0.9890758195,0.004191167465,8,8,-0.01000328008
2016-01-04,-0.003014444527,-0.003554337873,0.0005398933461,0.5398933461,-0.01181596259,0.008801518064,0.9834542366,-0.0004415305855,8,8,-0.01397955052
2016-01-05,0.003053750726,0.003053750726,0,0,0.0007202279582,0.002333522768,1,0,8,8,0.001691263701
2016-01-06,0.00889258137,0.00889258137,0,0,0.0002340505583,0.008658530812,0.9953471631,0.003044453723,8,8,-0.01261407362
2016-01-07,-0.008327724637,-0.008327724637,0,0,-0.0165741986,0.008246473959,0.9782237485,0.01183181967,8,8,-0.02399148944
2016-01-08,0.0003998645391,0.0003998645391,0,0,-0.005842936718,0.006242801258,0.961409429,0.003533521229,8,8,-0.0109767463
2016-01-11,0.009705830626,0.009705830626,0,0,0.005001393017,0.004704437609,0.9489442418,0.003931813575,8,8,0.0009899369145
2016-01-12,0.004588118357,0.004588118357,0,0,0.005722980356,-0.001134861998,0.9401165849,0.0135065519,8,8,0.008068151702
2016-01-13,-0.005346888585,-0.005346888585,0,0,-0.02054126025,0.01519437167,0.9426494401,0.01801202893,8,8,-0.02494027948
2016-01-14,-0.009609602644,-0.009609602644,0,0,0.003515308565,-0.01312491121,0.9117890426,0.01273322348,8,8,0.01641668543
2016-01-15,-0.00802868589,-0.00802868589,0,0,-0.01429024116,0.006261555266,0.9374376658,0.003153928834,8,8,-0.02146581119
2016-01-19,0.01135104079,0.01135104079,0,0,0.00447552135,0.006875519436,0.9243068387,-0.004914211719,8,8,0.001330875374
2016-01-20,0.002854795049,0.002854795049,0,0,-0.001232667805,0.004087462855,0.9115596894,0.00636458441,8,8,-0.01281543542
2016-01-21,-0.003602826395,-0.003602826395,0,0,0.001395061979,-0.004997888375,0.9036597952,0.009193134944,8,8,0.00560216689
2016-01-22,0.007728335097,0.007728335097,0,0,0.009827041278,-0.00209870618,0.9133433631,0.005610522286,8,8,0.02051548735
2016-01-25,0.008014266438,0.008014266438,0,0,-0.003699809305,0.01171407574,0.9181731607,0.01323656081,8,8,-0.01511672225
2016-01-26,-0.00199292308,-0.00199292308,0,0,0.001536756065,-0.003529679145,0.8955818442,0.02108187151,8,8,0.01364337173
2016-01-27,-0.004984351218,-0.004984351218,0,0,-0.01201467492,0.007030323701,0.9024467864,0.0191270672,8,8,-0.01088310269
2016-01-28,0.01617336106,0.01617336106,0,0,0.02049508108,-0.004321720024,0.8878270295,0.01421356137,8,8,0.00520881186
2016-01-29,-0.002951062251,-0.002951062251,0,0,0.004944497765,-0.007895560015,0.89811824,0.02990328579,8,8,0.02437748907
2016-02-01,0.001786283546,0.001131582292,0.000654701254,0.654701254,0.003629997206,-0.00184371366,0.9136545493,0.02703199664,8,8,-0.0003615755275
2016-02-02,0.004442139831,0.004442139831,0,0,-0.01036258412,0.01480472395,1,0,8,8,-0.01802194688
2016-02-03,-0.01676335318,-0.01676335318,0,0,-0.008268115467,-0.008495237713,0.9705214997,0.004422494492,8,8,0.005994784545
2016-02-04,-0.008874442131,-0.008874442131,0,0,-0.001895987837,-0.006978454294,0.9872990649,-0.01255125989,8,8,0.001568198913
2016-02-05,-0.01503759085,-0.01503759085,0,0,-0.02575189193,0.01071430108,1.001267219,-0.02161754568,8,8,-0.01905021006
2016-02-08,-0.0009745137468,-0.0009745137468,0,0,-0.01326541839,0.01229090464,0.9795308099,-0.03721475682,8,8,-0.01346082122
2016-02-09,-0.0007784322781,-0.0007784322781,0,0,-0.0007730520564,-5.380221689e-06,0.9549050549,-0.03822652284,8,8,5.397977876e-05
2016-02-10,0.01116535844,0.01116535844,0,0,0.003313158358,0.007852200085,0.9548806931,-0.03903534149,8,8,-0.0008625561608
2016-02-11,0.0008937116167,0.0008937116167,0,0,-0.001585303549,0.002479015166,0.9398479125,-0.02756224074,8,8,-0.01300832245
2016-02-12,0.0008642792924,0.0008642792924,0,0,0.008196712025,-0.007332432732,0.9349480199,-0.02664471644,8,8,0.02061696487
2016-02-16,0.003761690789,0.003761690789,0,0,0.01226882822,-0.008507137436,0.9496563963,-0.02575817489,8,8,0.01687825706
2016-02-17,-0.001785007423,-0.001785007423,0,0,0.01045473621,-0.01223974363,0.9667955759,-0.02191405022,8,8,0.01633460242
2016-02-18,0.005671551092,0.005671551092,0,0,-0.001289087802,0.006960638894,0.9912594613,-0.02374143628,8,8,-0.004095902812
2016-02-19,0.005329430023,0.005329430023,0,0,0.003429766079,0.001899663944,0.9774659863,-0.01796797888,8,8,-0.0004684777244
2016-02-22,0.0003798514345,0.0003798514345,0,0,0.01071195365,-0.01033210221,0.9738062561,-0.01257154966,8,8,0.01447918322
2016-02-23,0.001628112727,0.001628112727,0,0,-0.004432114429,0.006060227156,0.9944725602,-0.01218706895,8,8,-0.01262948322
2016-02-24,0.0008910357763,0.0008910357763,0,0,0.002967157712,-0.002076121935,0.9823807919,-0.01054179299,8,8,0.004575652035
2016-02-25,-0.001406081233,-0.001406081233,0,0,0.006364050835,-0.007770132068,0.9865450246,-0.009642165704,8,8,0.01211156232
2016-02-26,-0.002733789147,-0.002733789147,0,0,-0.002000994855,-0.0007327942919,1.002088225,-0.01106380354,8,8,-0.002301060969
2016-02-29,-0.002120574167,-0.002120574167,0,0,-0.003496468698,0.001375894531,1.003563556,-0.0138354158,8,8,-0.00784248638
2016-03-01,0.005987376982,0.005074054203,0.0009133227789,0.9133227789,0.01597999254,-0.009992615559,1.000813492,-0.01598989773,8,8,0.0235064991
2016-03-02,-0.003434061703,-0.003434061703,0,0,0.002330068832,-0.005764130535,1,0,8,8,0.004492721118
2016-03-03,-0.01392017918,-0.01392017918,0,0,-0.002880269914,-0.01103990927,1.011567986,-0.003445895119,8,8,0.003919460338
2016-03-04,-0.01247208953,-0.01247208953,0,0,-0.000579478222,-0.01189261131,1.0341228,-0.01761122572,8,8,0.003253585916
2016-03-07,-0.003565044351,-0.003565044351,0,0,-0.004358636017,0.0007935916657,1.058639378,-0.0304632557,8,8,0.0007980936777
2016-03-08,0.01114062354,0.01114062354,0,0,-0.001293998868,0.01243462241,1.057256316,-0.03415004648,8,8,-0.01091753058
2016-03-09,0.003371175822,0.003371175822,0,0,0.006868842332,-0.00349766651,1.032030235,-0.02275590794,8,8,0.004939548776
2016-03-10,0.001183039549,0.001183039549,0,0,-0.0001664568889,0.001349496437,1.038894448,-0.01931960234,8,8,0.0008024781688
2016-03-11,-0.003613637126,-0.003613637126,0,0,0.006655348855,-0.01026898598,1.036152685,-0.01811513187,8,8,0.01613701432
2016-03-14,0.0001743612291,0.0001743612291,0,0,0.001465520051,-0.001291158821,1.056896259,-0.02180757366,8,8,-0.001282021298
2016-03-15,0.00118533468,0.00118533468,0,0,0.001484706311,-0.0002993716311,1.059468208,-0.02162944109,8,8,-0.001629654656
2016-03-16,-0.002400519405,-0.002400519405,0,0,0.004857330307,-0.007257849712,1.059995836,-0.02041990199,8,8,0.005787004812
2016-03-17,-0.007426602275,-0.007426602275,0,0,-0.0003637756539,-0.007062826621,1.074690832,-0.02287533408,8,8,0.006344201716
2016-03-18,-0.0068729125,-0.0068729125,0,0,0.001094921172,-0.007967833672,1.089481026,-0.03052866058,8,8,0.003929880064
2016-03-21,-0.0004077211354,-0.0004077211354,0,0,0.0007403559503,-0.001148077086,1.106146227,-0.03766040978,8,8,0.001418631668
2016-03-22,0.004976583772,0.004976583772,0,0,-0.0002454554854,0.005222039257,1.108486613,-0.03808365843,8,8,-0.0005375456738
2016-03-23,0.01175071266,0.01175071266,0,0,0.0008275414857,0.01092317117,1.097557034,-0.03294313041,8,8,-0.006599347239
2016-03-24,0.0002395487365,0.0002395487365,0,0,0.002424264685,-0.002184715949,1.07483137,-0.02094628399,8,8,-0.0004428732889
2016-03-28,-0.002242420286,-0.002242420286,0,0,-0.000635142989,-0.001607277297,1.079181834,-0.02070177617,8,8,0.0005906707007
2016-03-29,0.003776082717,0.003776082717,0,0,0.007620589161,-0.003844506444,1.082581571,-0.02299576262,8,8,0.009250238769
2016-03-30,0.00120235014,0.00120235014,0,0,0.001888901457,-0.0006865513171,1.089930997,-0.01914737782,8,8,0.004387845359
2016-03-31,-0.004323960233,-0.004323960233,0,0,-0.001662763168,-0.002661197065,1.091194452,-0.01792347738,8,8,-0.002427226894
2016-04-01,-0.001403974217,-0.002012914307,0.0006089400894,0.6089400894,0.004521599347,-0.005925573564,1.096935993,-0.02234405241,8,8,0.006812350897
2016-04-04,-0.005277237164,-0.005277237164,0,0,-0.003644347029,-0.001632890135,1,0,8,8,-0.003238063828
2016-04-05,-0.003868548929,-0.003868548929,0,0,-0.003665244393,-0.0002033045353,1.003283106,-0.005305234143,8,8,-0.00998819213
2016-04-06,-0.005520938845,-0.005520938845,0,0,0.004523363476,-0.01004430232,1.003704044,-0.009209410125,8,8,0.01092169204
2016-04-07,0.006760582858,0.006760582858,0,0,-0.003279855198,0.01004043806,1.023924736,-0.01481212581,8,8,-0.01196641424
2016-04-08,-0.001134024131,-0.001134024131,0,0,-0.0008562837997,-0.0002777403317,1.003818048,-0.007997475359,8,8,0.002696863962
2016-04-11,-0.001557051786,-0.001557051786,0,0,-0.001232117535,-0.0003249342505,1.004378494,-0.009141866587,8,8,-0.002347179524
2016-04-12,-0.004602196235,-0.004602196235,0,0,0.003344704407,-0.007946900642,1.005036204,-0.01071560312,8,8,0.009312663708
2016-04-13,-0.00745083753,-0.00745083753,0,0,0.003678276407,-0.01112911394,1.021026774,-0.01538862081,8,8,0.01010109048
2016-04-14,-0.00146600582,-0.00146600582,0,0,0.001409554042,-0.002875559862,1.043609933,-0.02301090888,8,8,4.787294779e-05
2016-04-15,0.005764726839,0.005764726839,0,0,0.002145187502,0.003619539336,1.049433522,-0.02451285069,8,8,-0.001105353359
2016-04-18,0.001225194369,0.001225194369,0,0,0.003887991675,-0.002662797305,1.041952598,-0.0186406655,8,8,0.007026834546
2016-04-19,-0.006719194799,-0.006719194799,0,0,-0.000767834014,-0.005951360785,1.047220339,-0.01739415991,8,8,0.003153969565
2016-04-20,-0.007242057725,-0.007242057725,0,0,-0.001193473646,-0.006048584079,1.059523007,-0.02427647306,8,8,0.000952909802
2016-04-21,0.0007004836972,0.0007004836972,0,0,-0.001892341711,0.002592825409,1.072142636,-0.03174845492,8,8,-0.00537828349
2016-04-22,-0.01631519451,-0.01631519451,0,0,-0.0106173023,-0.005697892209,1.066910116,-0.03102623785,8,8,0
2016-04-25,0.007649759788,0.007649759788,0,0,0.002598727729,0.005051032059,1.079604666,-0.04812662765,8,8,-0.001722922521
2016-04-26,-0.009012995124,-0.009012995124,0,0,-0.00356946118,-0.005443533944,1.06897496,-0.04016958022,8,8,0.001486281823
2016-04-27,0.002963772883,0.002963772883,0,0,0.000503733926,0.002460038957,1.080588371,-0.0496298893,8,8,0.002058003853
2016-04-28,0.006204487809,0.006204487809,0,0,-0.001308032227,0.007512520036,1.075444692,-0.04652821735,8,8,-0.009075909507
2016-04-29,0.009763799789,0.009763799789,0,0,0.005367225341,0.004396574448,1.06004709,-0.04007508417,8,8,-0.005398640709
2016-05-02,0.006331203012,0.005529591753,0.000801611259,0.801611259,0.006921039639,-0.0005898366273,1.050758347,-0.03001819275,8,8,0.007948481961
2016-05-03,0.003456880899,0.003456880899,0,0,-0.003118841007,0.006575721906,1,0,8,8,-0.008703222452
2016-05-04,0.006204880159,0.006204880159,0,0,-0.001040987076,0.007245867234,0.9868938625,0.003444972041,8,8,-0.005578368842
2016-05-05,0.0004270320145,0.0004270320145,0,0,0.0006035819916,-0.0001765499771,0.9725723136,0.009590345257,8,8,-0.0001949872982
2016-05-06,0.001803758893,0.001803758893,0,0,0.003037961503,-0.001234202609,0.9729369703,0.01001310136,8,8,0.003658745388
2016-05-09,0.004065396155,0.004065396155,0,0,0.0005251716505,0.003540224504,0.9754496584,0.01179558386,8,8,0.0008267113998
2016-05-10,-0.002861523979,-0.002861523979,0,0,0.004992296975,-0.007853820954,0.9684972805,0.01579675993,8,8,0.01243380621
2016-05-11,-0.0003328159989,-0.0003328159989,0,0,-0.004368908595,0.004036092596,0.9841595947,0.01297235666,8,8,-0.00935480725
2016-05-12,0.001145275424,0.001145275424,0,0,0.0005587520687,0.000586523355,0.9760794483,0.0126437487,8,8,0.0002903705285
2016-05-13,0.01039098727,0.01039098727,0,0,0.004832571533,0.005558415736,0.9749351078,0.01377324996,8,8,-0.008713904693
2016-05-16,0.002342736098,0.002342736098,0,0,0.005527773738,-0.00318503764,0.9641903737,0.02391572919,8,8,0.009865035099
2016-05-17,-0.00211887688,-0.00211887688,0,0,-0.005283935009,0.003165058129,0.9706292569,0.02619709242,8,8,-0.00933317833
2016-05-18,-0.007614190861,-0.007614190861,0,0,-0.001139023456,-0.006475167405,0.9642233343,0.02412934264,8,8,0.0002923576686
2016-05-19,0.009524403675,0.009524403675,0,0,0.004294931117,0.005229472558,0.9769985315,0.01664186613,8,8,-0.003464647276
2016-05-20,0.0004731993103,0.0004731993103,0,0,0.00301556262,-0.00254236331,0.9668552702,0.02591940294,8,8,0.006317075053
2016-05-23,-0.0005186763124,-0.0005186763124,0,0,-0.00111475327,0.0005960769575,0.9719532685,0.0263801192,8,8,-0.001362423965
2016-05-24,0.003008516417,0.003008516417,0,0,0.007666771679,-0.004658255262,0.9707459412,0.02587486357,8,8,0.01296244055
2016-05-25,-0.006476745253,-0.006476745253,0,0,0.0003534443304,-0.006830189583,0.9801222543,0.02879674451,8,8,0.006782891932
2016-05-26,0.005051504506,0.005051504506,0,0,0.00295638692,0.002095117586,0.9937421026,0.02246550259,8,8,0.0002866854567
2016-05-27,-0.001442487084,-0.001442487084,0,0,0.0003535588295,-0.001796045914,0.989604381,0.02737870345,8,8,0.004299307421
2016-05-31,0.003523362975,0.003523362975,0,0,0.0006364720414,0.002886890934,0.9931866446,0.02597368307,8,8,-0.001902309296
2016-06-01,-0.001148643164,-0.002054156932,0.0009055137683,0.9055137683,0.0002201489302,-0.001368792094,0.9874570561,0.02939348214,8,8,0.002048551872
2016-06-02,0.002869716061,0.002869716061,0,0,0.002263824316,0.0006058917451,1,0,8,8,0.003043981013
2016-06-03,0.01160400421,0.01160400421,0,0,0.004931106801,0.006672897413,0.998791684,0.002861504356,8,8,-0.002987018631
2016-06-06,-0.002118329589,-0.002118329589,0,0,0.002344879591,-0.004463209179,0.9856128379,0.01429957623,8,8,0.005088529487
2016-06-07,0.001510905323,0.001510905323,0,0,0.001609571726,-9.866640358e-05,0.994527664,0.01220710531,8,8,0.001561326673
2016-06-08,0.002965350733,0.002965350733,0,0,0.003156666217,-0.0001913154835,0.9947329549,0.01369731529,8,8,0.003259758179
2016-06-09,0.003723869991,0.003723869991,0,0,0.001621842188,0.002102027803,0.995130027,0.01661340146,8,8,-0.001365597937
2016-06-10,0.003787782278,0.003787782278,0,0,-0.005222954106,0.009010736384,0.9909596365,0.02026181907,8,8,-0.009477504448
2016-06-13,0.002340083983,0.002340083983,0,0,-0.001006997775,0.003347081759,0.9730402813,0.02395885044,8,8,-0.007711739617
2016-06-14,0.001367441048,0.001367441048,0,0,-0.0003632540671,0.001730695115,0.9664246868,0.02623753638,8,8,-0.001967018938
2016-06-15,0.0003966526244,0.0003966526244,0,0,-0.0001801385945,0.0005767912189,0.963013873,0.0275672808,8,8,-0.001393847648
2016-06-16,0.00321529408,0.00321529408,0,0,0.001945574535,0.001269719544,0.9618754127,0.02795284585,8,8,0.002984348638
2016-06-17,-0.0001572613217,-0.0001572613217,0,0,-0.001732305094,0.001575043773,0.9594663014,0.03106824639,8,8,-0.003724348118
2016-06-20,0.0003360220285,0.0003360220285,0,0,0.003139883955,-0.002803861926,0.956309343,0.03091584693,8,8,0.00644018576
2016-06-21,-0.0003482334209,-0.0003482334209,0,0,-0.0006072104085,0.0002589769876,0.9619298593,0.03124137117,8,8,0.002838722177
2016-06-22,1.188764246e-05,1.188764246e-05,0,0,-0.002139039386,0.002150927029,0.961398463,0.03090389952,8,8,-0.001631224215
2016-06-23,8.014214494e-06,8.014214494e-06,0,0,0.00704915233,-0.007041138116,0.9570971189,0.03091541965,8,8,0.01302248029
2016-06-24,0.006214954288,0.006214954288,0,0,-0.01519846292,0.02141341721,0.9711796261,0.03092318604,8,8,-0.03590886333
2016-06-27,0.007163699689,0.007163699689,0,0,-0.004897399457,0.01206109915,0.9287953255,0.03690875411,8,8,-0.0179099505
2016-06-28,-0.003376241488,-0.003376241488,0,0,0.007011384227,-0.01038762571,0.9053511631,0.04375897762,8,8,0.0180359842
2016-06-29,-0.004008240455,-0.004008240455,0,0,0.007228490026,-0.01123673048,0.9258761545,0.04051953989,8,8,0.01702733498
2016-06-30,0.002005640219,0.002005640219,0,0,0.005309480834,-0.003303840615,0.9481417551,0.03665823445,8,8,0.01364578616
2016-07-01,-0.00485009989,-0.005498389518,0.0006482896284,0.6482896284,-0.001417607817,-0.003432492072,0.9548400111,0.03858648406,8,8,0.00210054607
2016-07-05,0.006336750453,0.006336750453,0,0,0.0004972398525,0.0058395106,1,0,8,8,-0.007193395562
2016-07-06,0.004304949484,0.004304949484,0,0,0.004868249221,-0.0005632997362,0.9883945198,0.006296848893,8,8,0.005997918753
2016-07-07,-0.00597958859,-0.00597958859,0,0,-0.003007144417,-0.002972444173,0.989566037,0.01055635381,8,8,-0.0006202073094
2016-07-08,0.0002497593564,0.0002497593564,0,0,0.007480056412,-0.007230297056,0.995483921,0.004604297019,8,8,0.01489036575
2016-07-11,-0.001178439137,-0.001178439137,0,0,0.002014234708,-0.003192673845,1.009942032,0.004852844332,8,8,0.003527064089
2016-07-12,-0.004731734102,-0.004731734102,0,0,0.000836863226,-0.005568597328,1.016346643,0.003678740367,8,8,0.007263450571
2016-07-13,0.002011436033,0.002011436033,0,0,0.0006598744895,0.001351561544,1.027614502,-0.001057999909,8,8,-0.0001395062545
2016-07-14,-0.005811445291,-0.005811445291,0,0,0.0004367501404,-0.006248195431,1.024861372,0.0009515221981,8,8,0.005583445882
2016-07-15,0.000504952772,0.000504952772,0,0,-0.0003255579086,0.0008305106807,1.037576135,-0.004888331363,8,8,-0.001342005741
2016-07-18,-0.005105773617,-0.005105773617,0,0,0.001004890878,-0.006110664495,1.035896987,-0.004381166309,8,8,0.002687286292
2016-07-19,0.01064488849,0.01064488849,0,0,0.002002811214,0.008642077277,1.048365258,-0.009535626677,8,8,-0.001016309626
2016-07-20,-0.001148862518,-0.001148862518,0,0,0.001186346686,-0.002335209204,1.030753734,0.001097578216,8,8,0.004162590691
2016-07-21,0.004098440619,0.004098440619,0,0,-0.002676844776,0.006775285395,1.035464896,-5.134328785e-05,8,8,-0.003777068309
2016-07-22,0.001809799401,0.001809799401,0,0,0.001916644616,-0.0001068452154,1.021824877,0.004030578246,8,8,0.004485159588
2016-07-25,-0.004465107191,-0.004465107191,0,0,-0.001967076722,-0.002498030469,1.021998755,0.005829826829,8,8,-0.002715773727
2016-07-26,-0.0024095581,-0.0024095581,0,0,7.338490756e-05,-0.002482943008,1.027115891,0.001370840588,8,8,0.000461371925
2016-07-27,-0.006036899887,-0.006036899887,0,0,-0.001769016232,-0.004267883655,1.032159267,-0.001041226408,8,8,-0.001060996646
2016-07-28,0.002052209857,0.002052209857,0,0,0.001283665157,0.0007685447002,1.040942198,-0.007121115757,8,8,0.001154618814
2016-07-29,0.001301691997,0.001301691997,0,0,0.0009267122511,0.000374979746,1.039324406,-0.005058524746,8,8,0.001614486398
2016-08-01,-0.003921848531,-0.00485289585,0.0009310473185,0.9310473185,-0.003694683301,-0.0002271652303,1.0385243,-0.003751948867,8,8,-0.000829001933
2016-08-02,0.001316768936,0.001316768936,0,0,-0.002635777425,0.003952546361,1,0,8,8,-0.00640705778
2016-08-03,-0.002960134472,-0.002960134472,0,0,-1.916560688e-05,-0.002940968865,0.9921053028,0.001315037336,8,8,0.002922639637
2016-08-04,-0.0001351521374,-0.0001351521374,0,0,0.001154574804,-0.001289726942,0.9979812648,-0.001649981302,8,8,0.001063793998
2016-08-05,-0.007160159277,-0.007160159277,0,0,0.003335047337,-0.01049520661,1.000560794,-0.001785374737,8,8,0.008179231392
2016-08-08,0.001681948083,0.001681948083,0,0,0.001211989374,0.0004699587089,1.021706631,-0.009010047388,8,8,-0.0005962342332
2016-08-09,-0.0001524969019,-0.0001524969019,0,0,-2.594886654e-05,-0.0001265480353,1.020731843,-0.007315794519,8,8,0.0005965899405
2016-08-10,0.0009124336891,0.0009124336891,0,0,-0.002365212543,0.003277646232,1.02098814,-0.007469430486,8,8,-0.00247516847
2016-08-11,-0.001198048957,-0.001198048957,0,0,0.003452538036,-0.004650586993,1.014419691,-0.006551019426,8,8,0.004640717454
2016-08-12,0.004836769644,0.004836769644,0,0,0.00460748019,0.0002292894545,1.023749317,-0.007758363282,8,8,-0.0008689160007
2016-08-15,-9.991071289e-05,-9.991071289e-05,0,0,0.001159986966,-0.001259897679,1.023178629,-0.002907530582,8,8,0.002883626598
2016-08-16,-0.001207263349,-0.001207263349,0,0,-0.001610884653,0.0004036213037,1.025700992,-0.0030077418,8,8,-0.005157730128
2016-08-17,-0.001495521459,-0.001495521459,0,0,-0.0008430255921,-0.0006524958672,1.024923839,-0.004220099921,8,8,0.001881077875
2016-08-18,0.00126354806,0.00126354806,0,0,0.001487278008,-0.0002237299474,1.026268115,-0.005724182017,8,8,0.002243818486
2016-08-19,-0.002862872772,-0.002862872772,0,0,-0.001992529899,-0.0008703428724,1.026681861,-0.004455004845,8,8,-0.001461727802
2016-08-22,0.001468340124,0.001468340124,0,0,0.0001800490113,0.001288291113,1.028504151,-0.007338887919,8,8,-4.590211342e-05
2016-08-23,-0.0006484723055,-0.0006484723055,0,0,0.001865816583,-0.002514288888,1.025889554,-0.005861940472,8,8,0.002013309929
2016-08-24,-0.002098432409,-0.002098432409,0,0,-0.002841944409,0.0007435119994,1.030938194,-0.006514637339,8,8,-0.005114581096
2016-08-25,-0.003104788582,-0.003104788582,0,0,-0.001889360806,-0.001215427776,1.029513101,-0.0086311817,8,8,-0.000688656815
2016-08-26,0.0004640748315,0.0004640748315,0,0,0.0006256576687,-0.0001615828371,1.032043445,-0.01177252147,8,8,-0.001883570943
2016-08-29,0.001929511804,0.001929511804,0,0,0.002631600488,-0.0007020886839,1.032351597,-0.01130320111,8,8,0.004924448617
2016-08-30,-0.003899842305,-0.003899842305,0,0,-0.00229551478,-0.001604327525,1.033690768,-0.009355637492,8,8,-0.001648752406
2016-08-31,-0.001624338624,-0.001624338624,0,0,-0.002314375814,0.0006900371908,1.037043888,-0.01330737647,8,8,-0.002844024824
2016-09-01,0.0006613091285,-0.0002618606425,0.000923169771,0.923169771,0.001244614845,-0.0005833057162,1.035721838,-0.01495600871,8,8,4.589985722e-05
2016-09-02,-0.00358230985,-0.00358230985,0,0,-0.002024846397,-0.001557463453,1,0,8,8,0.004508114961
2016-09-06,0.001398842112,0.001398842112,0,0,0.003199933887,-0.001801091775,1.003126126,-0.003595188931,8,8,0.003022547287
2016-09-07,-0.002692096211,-0.002692096211,0,0,-0.002166463275,-0.0005256329353,1.006718911,-0.002193278768,8,8,-9.151707836e-05
2016-09-08,-0.002458036088,-0.002458036088,0,0,-0.002106504546,-0.000351531542,1.007791151,-0.00489856238,8,8,-0.002283147039
2016-09-09,-0.0009244675472,-0.0009244675472,0,0,-0.01199088655,0.01106641901,1.008515145,-0.00737472581,8,8,-0.02393452866
2016-09-12,-0.0004650048892,-0.0004650048892,0,0,0.00776555573,-0.008230560619,0.9863697057,-0.008306872791,8,8,0.01434718868
2016-09-13,0.001768765981,0.001768765981,0,0,-0.005567555854,0.007336321835,1.002832144,-0.008775958544,8,8,-0.0143753577
2016-09-14,0.001633176281,0.001633176281,0,0,0.002030234049,-0.0003970577678,0.9881804064,-0.006994820363,8,8,-0.0003752695438
2016-09-15,0.002553536478,0.002553536478,0,0,0.007194426869,-0.004640890392,0.9889924991,-0.00535290185,8,8,0.00999304394
2016-09-16,0.003666467599,0.003666467599,0,0,0.002583151155,0.001083316444,0.9982786753,-0.002792235298,8,8,-0.003865655551
2016-09-19,0.001926993057,0.001926993057,0,0,-0.0008921876692,0.002819180726,0.9961262455,0.0008710386663,8,8,0.000187696922
2016-09-20,-0.001807438253,-0.001807438253,0,0,-0.0008659845459,-0.0009414537068,0.9905061785,0.002792650306,8,8,4.643520443e-05
2016-09-21,0.006228530736,0.006228530736,0,0,0.006544295708,-0.000315764972,0.9923753048,0.0009869959872,8,8,0.0112453995
2016-09-22,-0.001746087913,-0.001746087913,0,0,0.002910578811,-0.004656666724,0.9930501222,0.007170862784,8,8,0.006301901455
2016-09-23,0.003628160807,0.003628160807,0,0,-0.0009224471212,0.004550607928,1.00236759,0.005434263573,8,8,-0.005479272632
2016-09-26,0.001465994599,0.001465994599,0,0,-0.00352421178,0.00499020638,0.9932907162,0.009029663309,8,8,-0.008102371034
2016-09-27,0.002920959928,0.002920959928,0,0,0.006055371415,-0.003134411487,0.9833347347,0.01048029385,8,8,0.006207862738
2016-09-28,-0.00052039431,-0.00052039431,0,0,0.001190876002,-0.001711270312,0.9896338368,0.01336222326,8,8,0.004963596106
2016-09-29,-0.002332000465,-0.002332000465,0,0,-0.005058234628,0.002726234163,0.9930527621,0.01284851525,8,8,-0.009046973178
2016-09-30,0.001048484675,0.001048484675,0,0,0.005244097654,-0.00419561298,0.9875713101,0.01054109663,8,8,0.007546329248
2016-10-03,0.0003585054799,-0.0004250577609,0.0007835632408,0.7835632408,0.001482366763,-0.001123861284,0.9959667648,0.01157744253,8,8,-0.00240428668
2016-10-04,0.002412717046,0.002412717046,0,0,0.0002216937207,0.002191023325,1,0,8,8,-0.005097778526
2016-10-05,0.004694986537,0.004694986537,0,0,0.005743268377,-0.00104828184,0.9956285005,0.002406909854,8,8,0.004425181751
2016-10-06,-6.16458004e-05,-6.16458004e-05,0,0,-0.0009585012977,0.0008968554973,0.9977356951,0.007068708897,8,8,0.0006956389488
2016-10-07,0.002165762029,0.002165762029,0,0,-0.0008104870274,0.002976249056,0.9959417339,0.00700749508,8,8,-0.003429603872
2016-10-10,0.001357037666,0.001357037666,0,0,0.002980670857,-0.001623633191,0.9900108699,0.009153432951,8,8,0.005208400245
2016-10-11,-0.004057497698,-0.004057497698,0,0,-0.007712181673,0.003654683975,0.9932672728,0.01049622684,8,8,-0.01262973632
2016-10-12,-0.004071291447,-0.004071291447,0,0,-0.001999917555,-0.002071373892,0.985900697,0.006464960706,8,8,0.001312256614
2016-10-13,-0.002481530276,-0.002481530276,0,0,-0.003131924919,0.0006503946426,0.990002743,0.002403454423,8,8,-0.003275841737
2016-10-14,0.001600841944,0.001600841944,0,0,0.0004709105946,0.001129931349,0.9886738476,-7.827008283e-05,8,8,0.0005166833498
2016-10-17,0.001956507257,0.001956507257,0,0,-0.002504198363,0.00446070562,0.9864356992,0.00152013836,8,8,-0.003472242549
2016-10-18,-0.008485236796,-0.008485236796,0,0,0.005155543097,-0.01364077989,0.9775581955,0.003469856817,8,8,0.006262481765
2016-10-19,-0.003749278138,-0.003749278138,0,0,0.0006576911694,-0.004406969308,1.004881173,-0.00505830086,8,8,0.00266694333
2016-10-20,0.001658408149,0.001658408149,0,0,0.001011145493,0.0006472626556,1.013746652,-0.008840725337,8,8,-0.001866669151
2016-10-21,-0.005892166266,-0.005892166266,0,0,-0.0004593255963,-0.005432840669,1.01243151,-0.007170425696,8,8,0.0004673316977
2016-10-24,0.003911779387,0.003911779387,0,0,0.00657237412,-0.002660594733,1.023435276,-0.01314001512,8,8,0.004252830959
2016-10-25,0.00513006418,0.00513006418,0,0,0.0007566539021,0.004373410278,1.028644415,-0.009192277566,8,8,-0.003350499987
2016-10-26,-2.01519281e-05,-2.01519281e-05,0,0,-0.0004444574297,0.0004243055016,1.019796039,-0.004041480333,8,8,-0.00200760433
2016-10-27,-0.0006122302035,-0.0006122302035,0,0,-0.001466891232,0.0008546610286,1.01894781,-0.004061714112,8,8,-0.00266690282
2016-10-28,-0.007747359879,-0.007747359879,0,0,-0.008437556227,0.000690196348,1.017249048,-0.004676807599,8,8,-0.002955634711
2016-10-31,0.006057690902,0.006057690902,0,0,0.0009827229923,0.00507496791,1.015992556,-0.01252117351,8,8,4.721231015e-05
2016-11-01,0.002993628107,0.002209682416,0.0007839456911,0.7839456911,-0.003662553559,0.006656181666,1.00580744,-0.006424564586,8,8,-0.007245531583
2016-11-02,-0.0006556186782,-0.0006556186782,0,0,-0.002396976862,0.001741358184,1,0,8,8,-0.006018576042
2016-11-03,-0.0007846623338,-0.0007846623338,0,0,-0.0006221452834,-0.0001625170504,0.9965149988,-0.000656048796,8,8,-0.004576997201
2016-11-04,-0.001914721021,-0.001914721021,0,0,-0.002737819858,0.0008230988364,0.9968375514,-0.001441842489,8,8,-0.001101512067
2016-11-07,0.003974260958,0.003974260958,0,0,0.01429097458,-0.01031671362,0.9951821289,-0.003363002723,8,8,0.0220570131
2016-11-08,-0.00191360409,-0.00191360409,0,0,0.001229355911,-0.003142960001,1.01575295,0.0006088385522,8,8,0.004503940268
2016-11-09,0.0006937121345,0.0006937121345,0,0,0.001295321929,-0.0006016097944,1.022081124,-0.00130726713,8,8,0.0106021445
2016-11-10,-0.004721939273,-0.004721939273,0,0,-0.01088180201,0.006159862735,1.023268202,-0.0006131296597,8,8,0.002495405801
2016-11-11,0.01545566584,0.01545566584,0,0,0.0188329026,-0.003377236763,1.01100042,-0.005360380323,8,8,-0.002305144239
2016-11-14,-0.006127414076,-0.006127414076,0,0,-0.009114733741,0.002987319665,1.017484657,0.009941630987,8,8,0.0007857492866
2016-11-15,0.006632955873,0.006632955873,0,0,0.008781702861,-0.002148746988,1.011580979,0.003837732286,8,8,0.007802690088
2016-11-16,0.006678592019,0.006678592019,0,0,0.007211934458,-0.0005333424391,1.015773846,0.01040169418,8,8,-0.001878514662
2016-11-17,-0.00536199537,-0.00536199537,0,0,-0.0003294629699,-0.0050325324,1.016728806,0.01696697072,8,8,0.005140910792
2016-11-18,-7.602039044e-05,-7.602039044e-05,0,0,0.0008093792146,-0.000885399605,1.026938314,0.01166753663,8,8,-0.002237533029
2016-11-21,0.003893707319,0.003893707319,0,0,0.004819913452,-0.0009262061332,1.028711295,0.0115923975,8,8,0.007551356714
2016-11-22,-0.0004799448668,-0.0004799448668,0,0,0.002903905137,-0.003383850004,1.030445163,0.01542604033,8,8,0.001953071238
2016-11-23,0.0003924219507,0.0003924219507,0,0,-6.16263664e-05,0.0004540483171,1.037230732,0.01495327221,8,8,0.000544362163
2016-11-25,-0.0003695071533,-0.0003695071533,0,0,0.00147105458,-0.001840561734,1.036308387,0.01533967454,8,8,0.003715348096
2016-11-28,-0.002010011821,-0.002010011821,0,0,-0.003239902047,0.001229890226,1.040004292,0.01497570101,8,8,-0.004694780908
2016-11-29,0.003631862231,0.003631862231,0,0,-0.0009410323184,0.004572894549,1.037620129,0.01299180287,8,8,0.001950147712
2016-11-30,-0.007287392008,-0.007287392008,0,0,-0.005172016688,-0.00211537532,1.028371299,0.01656350872,8,8,-0.002399053965
2016-12-01,-0.005680212439,-0.006473164277,0.0007929518385,0.7929518385,-0.01129625508,0.00561604264,1.032841378,0.009344211644,8,8,-0.003675210482
2016-12-02,0.0003243213941,0.0003243213941,0,0,0.0003200907419,4.230652184e-06,1,0,8,8,0.000500515817
2016-12-05,-0.003684325307,-0.003684325307,0,0,0.00485736958,-0.008541694888,0.9999915414,0.0003242162438,8,8,0.006008945551
2016-12-06,0.007785189662,0.007785189662,0,0,0.006420996594,0.001364193069,1.017138073,-0.003372534578,8,8,0.003167219376
2016-12-07,0.002247435523,0.002247435523,0,0,0.008209016998,-0.005961581475,1.014298372,0.004378567109,8,8,0.01308093262
2016-12-08,-0.0007381870429,-0.0007381870429,0,0,0.0005117608016,-0.001249947845,1.026162736,0.00661114451,8,8,0.002448676162
2016-12-09,-0.002328629752,-0.002328629752,0,0,0.001163366173,-0.003491995925,1.028683805,0.005877296011,8,8,0.006040439
2016-12-12,-0.005839410148,-0.005839410148,0,0,-0.004464404935,-0.001375005213,1.035751048,0.003556949076,8,8,-0.00114764218
2016-12-13,-0.00178696452,-0.00178696452,0,0,0.004363263912,-0.006150228431,1.038727203,-0.002295867584,8,8,0.006673898384
2016-12-14,0.00256995186,0.00256995186,0,0,0.001449440001,0.001120511859,1.051119007,-0.004090141041,8,8,-0.008254453333
2016-12-15,0.007081600193,0.007081600193,0,0,0.00520241556,0.001879184633,1.048752692,-0.001516292382,8,8,0.004117311987
2016-12-16,-0.004031594656,-0.004031594656,0,0,-0.002948314283,-0.001083280372,1.044677931,0.005526173659,8,8,-0.001955915749
2016-12-19,0.003025549513,0.003025549513,0,0,0.003593615142,-0.0005680656285,1.047034114,0.001500628931,8,8,0.002177533719
2016-12-20,0.000734003251,0.000734003251,0,0,0.005338743958,-0.004604740707,1.048024944,0.004512525574,8,8,0.003857556997
2016-12-21,0.001992228279,0.001992228279,0,0,0.0006873612532,0.001304867026,1.057192446,0.005242680681,8,8,-0.002782499018
2016-12-22,6.269196224e-05,6.269196224e-05,0,0,-0.0004424964609,0.0005051884231,1.054474187,0.007220524028,8,8,-0.001727698027
2016-12-23,0.000686254779,0.000686254779,0,0,0.002378287228,-0.001692032449,1.053460458,0.00728275942,8,8,0.001464410278
2016-12-27,0.005783405719,0.005783405719,0,0,0.007459293306,-0.001675887587,1.05680554,0.007963549175,8,8,0.002481076347
2016-12-28,-0.007685119864,-0.007685119864,0,0,-0.01005897498,0.002373855119,1.059811402,0.01366790784,8,8,-0.008264351496
2016-12-29,5.838108826e-05,5.838108826e-05,0,0,-0.0005703406585,0.0006287217467,1.05549014,0.006029122502,8,8,-0.0002228277297
2016-12-30,-0.002523852694,-0.002523852694,0,0,-0.005170928946,0.002647076252,1.05422953,0.006087148216,8,8,-0.00365520504
2017-01-03,-0.003016821854,-0.0038299145,0.000813092646,0.813092646,0.002414026647,-0.005430848501,1.049059196,0.00357231151,8,8,0.007650021731
2017-01-04,-0.001363269954,-0.001363269954,0,0,0.004549131142,-0.005912401096,1,0,8,8,0.005949072747
2017-01-05,-0.003768039757,-0.003768039757,0,0,-0.003407406412,-0.000360633345,1.011840945,-0.001365130996,8,8,-0.0007943681969
2017-01-06,0.0003104100844,0.0003104100844,0,0,0.002105540997,-0.001795130913,1.012609725,-0.005152585902,8,8,0.003577733528
2017-01-09,0.003020238544,0.003020238544,0,0,0.001350862632,0.001669375912,1.01619496,-0.004840673224,8,8,-0.003300845811
2017-01-10,0.003674326644,0.003674326644,0,0,0.001775446598,0.001898880046,1.012817496,-0.001814953089,8,8,0
2017-01-11,0.002306664255,0.002306664255,0,0,0.00247718762,-0.0001705233644,1.008986716,0.001852566621,8,8,0.002826359955
2017-01-12,-0.002446383159,-0.002446383159,0,0,-0.004244400109,0.00179801695,1.009306296,0.004149659006,8,8,-0.002510206663
2017-01-13,0.0002489362304,0.0002489362304,0,0,0.00310363757,-0.002854701339,1.005724266,0.001707452931,8,8,0.002295556407
2017-01-17,-0.01053330754,-0.01053330754,0,0,-0.009738190824,-0.0007951167149,1.011430823,0.001955902267,8,8,-0.003523632813
2017-01-18,0.003792163831,0.003792163831,0,0,0.00392395219,-0.0001317883594,1.013159672,-0.008668715518,8,8,0.00220990131
2017-01-19,0.003197204558,0.003197204558,0,0,0.001570117755,0.001627086803,1.013372537,-0.004858128867,8,8,-0.00370435084
2017-01-20,-0.001174833054,-0.001174833054,0,0,0.001002200736,-0.00217703379,1.010086116,-0.001655630919,8,8,0.003674044639
2017-01-23,1.198782432e-05,1.198782432e-05,0,0,-5.550903553e-05,6.749685985e-05,1.014457169,-0.002833793206,8,8,-0.002602107193
2017-01-24,0.005975393083,0.005975393083,0,0,0.007767516807,-0.001792123724,1.014322003,-0.002821771555,8,8,0.006411687803
2017-01-25,0.0009175765767,0.0009175765767,0,0,0.004003164494,-0.003085587917,1.017799889,0.003134889332,8,8,0.008655526533
2017-01-26,0.004403384278,0.004403384278,0,0,0.002170953946,0.002232430332,1.02394909,0.00404875087,8,8,-0.001045285491
2017-01-27,0.0031593753,0.0031593753,0,0,0.004824392302,-0.001665017002,1.019398809,0.008415080315,8,8,-0.001569993833
2017-01-30,-0.005270845364,-0.005270845364,0,0,-0.005946711119,0.0006758657553,1.02265726,0.01153800273,8,8,-0.006201631492
2017-01-31,-0.007407358491,-0.007407358491,0,0,-0.005768354352,-0.001639004139,1.021418422,0.006300365623,8,8,-8.767923044e-05
2017-02-01,0.005415722828,0.004628616237,0.0007871065909,0.7871065909,0.003112710285,0.002303012543,1.024880731,-0.001115253954,8,8,0.0003952920068
2017-02-02,-0.001393962697,-0.001393962697,0,0,-0.0004367329936,-0.0009572297039,1,0,8,8,0.0006590267515
2017-02-03,0.008518485377,0.008518485377,0,0,0.009304317399,-0.0007858320213,1.001917132,-0.001395908542,8,8,0.006892974871
2017-02-06,-0.001141878388,-0.001141878388,0,0,0.0007247715114,-0.001866649899,1.003459328,0.00706241575,8,8,-0.001787876327
2017-02-07,0.0009938852917,0.0009938852917,0,0,0.0008054295372,0.0001884557546,1.00720085,0.005927305625,8,8,4.388494621e-05
2017-02-08,-0.005632402112,-0.005632402112,0,0,-0.001792699751,-0.003839702361,1.006817163,0.006914318876,8,8,0.001310144214
2017-02-09,-0.002688166513,-0.002688166513,0,0,0.002517441195,-0.005205607708,1.014578681,0.001289177933,8,8,0.005932765342
2017-02-10,-0.001009380733,-0.001009380733,0,0,0.0008151485431,-0.001824529276,1.025057254,-0.001402759431,8,8,0.003946244464
2017-02-13,-0.004592716895,-0.004592716895,0,0,-0.0003060326152,-0.00428668428,1.028735318,-0.002414577392,8,8,0.005442700335
2017-02-14,0.002147142224,0.002147142224,0,0,0.00346529323,-0.001318151006,1.037480825,-0.007039625293,8,8,0.003995015555
2017-02-15,-0.00106911923,-0.00106911923,0,0,0.002572561062,-0.003641680293,1.040031174,-0.00488200072,8,8,0.005220499081
2017-02-16,-0.0004342716099,-0.0004342716099,0,0,-0.003252011376,0.002817739766,1.047365174,-0.005957489216,8,8,-0.0008513217511
2017-02-17,-0.003817520763,-0.003817520763,0,0,-0.0005952021509,-0.003222318612,1.041747824,-0.006394537792,8,8,0.001576290942
2017-02-21,0.003154229204,0.003154229204,0,0,0.006689544374,-0.00353531517,1.048377142,-0.0102511927,8,8,0.00595524458
2017-02-22,-0.002537219674,-0.002537219674,0,0,-0.001662725966,-0.0008744937082,1.055273428,-0.007074648429,8,8,-0.0008880771096
2017-02-23,-0.003291889065,-0.003291889065,0,0,-0.005642037941,0.002350148876,1.057167461,-0.009636317558,8,8,0.0006772423256
2017-02-24,-0.005042486479,-0.005042486479,0,0,-0.002500827703,-0.002541658776,1.05264045,-0.0129709054,8,8,0.001268960593
2017-02-27,0.008878386645,0.008878386645,0,0,0.005432392467,0.003445994179,1.058016314,-0.01810468451,8,8,0.001562915741
2017-02-28,0.0003283712427,0.0003283712427,0,0,-0.0009079448347,0.001236316077,1.050674419,-0.009145104095,8,8,-0.002699261766
2017-03-01,0.004190380627,0.003492112833,0.0006982677943,0.6982677943,0.01107050499,-0.006880124364,1.048185964,-0.008813838641,8,8,0.01399733217
2017-03-02,-0.009537239225,-0.009537239225,0,0,-0.008938765468,-0.0005984737574,1,0,8,8,-0.006297141177
2017-03-03,0.003172297648,0.003172297648,0,0,0.001442106348,0.0017301913,1.001208473,-0.009629074007,8,8,0.0006292725202
2017-03-06,0.0005640468261,0.0005640468261,0,0,-0.000405241858,0.0009692886841,0.9977552115,-0.006436358315,8,8,-0.002977986488
2017-03-07,0.0009207331987,0.0009207331987,0,0,0.0001074385799,0.0008132946188,0.9958189925,-0.005869001098,8,8,-0.002986806841
2017-03-08,-0.003664765982,-0.003664765982,0,0,-0.002501527852,-0.00116323813,0.9941977456,-0.004943716055,8,8,-0.001856366016
2017-03-09,-0.002207481762,-0.002207481762,0,0,-0.001009404102,-0.00119807766,0.996511437,-0.008640146152,8,8,0.001268092128
2017-03-10,-0.002352891862,-0.002352891862,0,0,0.0004621154272,-0.002815007289,0.9989051756,-0.01087162683,8,8,0.003504119446
2017-03-13,0.002767560228,0.002767560228,0,0,0.003243238219,-0.0004756779908,1.004545886,-0.01325570794,8,8,0.000505049112
2017-03-14,-0.002557429091,-0.002557429091,0,0,-0.001192006839,-0.001365422253,1.00548207,-0.01045920124,8,8,-0.003826675067
2017-03-15,-0.001192837565,-0.001192837565,0,0,0.002940151295,-0.00413298886,1.008233972,-0.0130500048,8,8,0.008653358766
2017-03-16,0.001333509856,0.001333509856,0,0,0.0001055546235,0.001227955233,1.016519655,-0.01425985205,8,8,-0.001966683396
2017-03-17,0.0006430271777,0.0006430271777,0,0,-0.0008132082804,0.001456235458,1.014045016,-0.01290912774,8,8,-0.001756354759
2017-03-20,-8.317988517e-05,-8.317988517e-05,0,0,0.001178698061,-0.001261877946,1.011125391,-0.0122582182,8,8,-0.001096796863
2017-03-21,-0.01239318959,-0.01239318959,0,0,-0.01448756036,0.002094370764,1.013650282,-0.01234242473,8,8,-0.01283966896
2017-03-22,0.004883954445,0.004883954445,0,0,0.000953875162,0.003930079283,1.009580271,-0.02504601432,8,8,0.002353108477
2017-03-23,-0.00135027526,-0.00135027526,0,0,-0.001226072464,-0.0001242027967,1.001711752,-0.02006406788,8,8,-0.001066974266
2017-03-24,-0.001441450592,-0.001441450592,0,0,-0.001170475862,-0.0002709747299,1.001962808,-0.0214432975,8,8,-0.0007265496453
2017-03-27,-0.0007668682472,-0.0007668682472,0,0,-7.211749071e-05,-0.0006947507565,1.002508373,-0.02291778294,8,8,-0.001026192231
2017-03-28,0.002771676714,0.002771676714,0,0,0.004842455577,-0.002070778863,1.003900866,-0.02370282813,8,8,0.007276964141
2017-03-29,-0.001427026415,-0.001427026415,0,0,-0.001101110909,-0.0003259155058,1.008020195,-0.02087329739,8,8,0.0009348834556
2017-03-30,0.005538274028,0.005538274028,0,0,0.005461673195,7.660083306e-05,1.008684418,-0.02233219243,8,8,0.003183799064
2017-03-31,-0.002344558607,-0.002344558607,0,0,-0.003340323426,0.0009957648194,1.008484229,-0.01670142135,8,8,-0.002327391015
2017-04-03,-0.000333447115,-0.001113866101,0.0007804189858,0.7804189858,-0.0009353310553,0.0006018839403,1.006507957,-0.01909073932,8,8,-0.001739362625
2017-04-04,-0.007450067129,-0.007450067129,0,0,-0.004585456478,-0.002864610651,1,0,8,8,0.0006374481563
2017-04-05,-0.003511234066,-0.003511234066,0,0,-0.00446164225,0.000950408184,1.005772225,-0.007505987238,8,8,-0.002972588311
2017-04-06,0.001458085687,0.001458085687,0,0,0.001539175463,-8.108977628e-05,1.00388505,-0.01105604165,8,8,0.002811402207
2017-04-07,-0.0005494904578,-0.0005494904578,0,0,-0.0005913892231,4.189876534e-05,1.004041337,-0.0095839817,8,8,-0.001019530078
2017-04-10,-0.004557600458,-0.004557600458,0,0,-0.002240374887,-0.002317225572,1.003959715,-0.01013904347,8,8,0.0005953453401
2017-04-11,0.0009603265554,0.0009603265554,0,0,-0.000236074353,0.001196400908,1.008633514,-0.01476393203,8,8,-0.00118998223
2017-04-12,-0.005933956674,-0.005933956674,0,0,-0.006005496317,7.153964343e-05,1.006234725,-0.01379036222,8,8,-0.004381776069
2017-04-13,-0.0001909838359,-0.0001909838359,0,0,-0.003965934734,0.003774950898,1.006128009,-0.01984206082,8,8,-0.006494922633
2017-04-17,0.006506831827,0.006506831827,0,0,0.009915986229,-0.003409154402,0.9985778357,-0.02003687138,8,8,0.008859891522
2017-04-18,-0.006990417696,-0.006990417696,0,0,-0.006726347554,-0.0002640701423,1.00536126,-0.013442571,8,8,-0.002984270213
2017-04-19,-0.0006015484528,-0.0006015484528,0,0,-0.002025809938,0.001424261486,1.005930859,-0.02057682933,8,8,-0.001838512492
2017-04-20,0.006804336022,0.006804336022,0,0,0.009652487246,-0.002848151224,1.003084191,-0.02119112527,8,8,0.008139209826
2017-04-21,-0.0008017006741,-0.0008017006741,0,0,-0.001195135393,0.0003934347192,1.008721152,-0.01428955829,8,8,-0.003187029389
2017-04-24,0.004884138119,0.004884138119,0,0,0.009905750264,-0.005021612144,1.007940649,-0.01510336735,8,8,0.01099797017
2017-04-25,0.00632692089,0.00632692089,0,0,0.00827978467,-0.00195286378,1.017896464,-0.01016955969,8,8,0.005818532973
2017-04-26,-0.002901295895,-0.002901295895,0,0,-0.002664480539,-0.0002368153553,1.021665118,-0.003818479586,8,8,-0.0006288436524
2017-04-27,-9.57546958e-05,-9.57546958e-05,0,0,0.001637152814,-0.00173290751,1.022203167,-0.006739328266,8,8,0.0008391831329
2017-04-28,-0.003827653362,-0.003827653362,0,0,-0.003925955737,9.83023751e-05,1.02567144,-0.006835737516,8,8,-0.002179676987
2017-05-01,0.001514459247,0.0008588968666,0.0006555623807,0.6555623807,0.003033070473,-0.001518611226,1.025572719,-0.01070436347,8,8,0.002520340493
2017-05-02,-0.002360162674,-0.002360162674,0,0,-0.00123089335,-0.001129269323,1,0,8,8,0.0003773371807
2017-05-03,-0.00154261047,-0.00154261047,0,0,-0.0001119474949,-0.001430662975,1.002263882,-0.00236574622,8,8,-0.001214707806
2017-05-04,-0.004944145036,-0.004944145036,0,0,-0.003658971197,-0.001285173839,1.005133126,-0.003914395076,8,8,0.001173870159
2017-05-05,0.002800320628,0.002800320628,0,0,0.004821033266,-0.002020712638,1.00774175,-0.008902555639,8,8,0.003936883657
2017-05-08,-0.0004216283968,-0.0004216283968,0,0,0.0009712296616,-0.001392858058,1.011750271,-0.006085194515,8,8,-0.0001664847871
2017-05-09,0.006104013034,0.006104013034,0,0,0.003975297008,0.002128716026,1.014542118,-0.00650956753,8,8,-0.0009183952523
2017-05-10,0.01212110124,0.01212110124,0,0,0.01247743747,-0.0003563362339,1.010222289,-0.0004030940052,8,8,0.001796259957
2017-05-11,0.002774836055,0.002774836055,0,0,0.002929604434,-0.0001547683788,1.010804005,0.01157767308,8,8,-0.002043030587
2017-05-12,0.002094175393,0.002094175393,0,0,0.00227335898,-0.0001791835871,1.011082789,0.01431279348,8,8,-0.001670979291
2017-05-15,0.001077274645,0.001077274645,0,0,0.003474418485,-0.00239714384,1.011417247,0.01637268161,8,8,0.0055236901
2017-05-16,0.003099565101,0.003099565101,0,0,0.002260329072,0.0008392360293,1.016194089,0.01743117809,8,8,-0.0009156556486
2017-05-17,-0.019161184,-0.019161184,0,0,-0.0226937791,0.0035325951,1.014470764,0.02046730345,8,8,-0.01774400738
2017-05-18,0.005311563065,0.005311563065,0,0,0.007432812077,-0.002121249012,1.007550245,0.001331635152,8,8,0.004028532565
2017-05-19,0.0006302177763,0.0006302177763,0,0,0.00319893043,-0.002568712654,1.011730436,0.006608098883,8,8,0.006504255984
2017-05-22,0.002182109704,0.002182109704,0,0,0.004280087195,-0.002097977491,1.016857238,0.007233757816,8,8,0.005077419431
2017-05-23,-0.001733827165,-0.001733827165,0,0,-0.000319936746,-0.001413890419,1.021007352,0.009395365801,8,8,0.002212625829
2017-05-24,0.001239980582,0.001239980582,0,0,0.004424858592,-0.00318487801,1.023876531,0.007674845491,8,8,0.002332753152
2017-05-25,-0.00136427976,-0.00136427976,0,0,0.001369009947,-0.002733289707,1.030208829,0.008903785553,8,8,0.00477958941
2017-05-26,0.003753346329,0.003753346329,0,0,0.003777640641,-2.429431162e-05,1.035724146,0.00754980584,8,8,-0.0002065881102
2017-05-30,-6.571399193e-05,-6.571399193e-05,0,0,0.000298114124,-0.000363828116,1.035638969,0.01126088616,8,8,-0.0008689295817
2017-05-31,-0.003813182294,-0.003813182294,0,0,-0.003727290783,-8.589151084e-05,1.036369015,0.0111959079,8,8,-0.000248669356
2017-06-01,-0.002975294604,-0.004021222838,0.001045928234,1.045928234,0.0008509124773,-0.003826207081,1.036680668,0.007410985043,8,8,0.007952164692
2017-06-02,0.01200647441,0.01200647441,0,0,0.01041660273,0.001589871677,1,0,8,8,0.003328552368
2017-06-05,-0.0001339141948,-0.0001339141948,0,0,6.403892872e-06,-0.0001403180877,0.9968579812,0.01186402925,8,8,-0.0007369113163
2017-06-06,-0.001473779233,-0.001473779233,0,0,-0.0001322345207,-0.001341544712,0.9971382342,0.01173168609,8,8,-0.003197179812
2017-06-07,0.00656015705,0.00656015705,0,0,0.003154677724,0.003405479326,0.9998210599,0.01027304706,8,8,0.001850311887
2017-06-08,0.005286189094,0.005286189094,0,0,0.002820825071,0.002465364023,0.9930556572,0.01672349535,8,8,0.0004924231564
2017-06-09,-0.02377813599,-0.02377813599,0,0,-0.01661650784,-0.007161628149,0.9881873729,0.02189394889,8,8,-0.001517647913
2017-06-12,-0.009556194647,-0.009556194647,0,0,-0.005541436189,-0.004014758458,1.002571781,-0.001930080822,8,8,-0.0002056225929
2017-06-13,0.006232327942,0.006232327942,0,0,0.007332369532,-0.00110004159,1.010703584,-0.01159709961,8,8,0.004889996111
2017-06-14,0.001273390828,0.001273390828,0,0,-0.0009518683032,0.002225259131,1.012823745,-0.005331543739,8,8,-0.00126730131
2017-06-15,-0.003184464646,-0.003184464646,0,0,-0.002174604476,-0.001009860171,1.008362578,-0.004052991868,8,8,-0.001924708823
2017-06-16,-0.003234192538,-0.003234192538,0,0,0.0005237949508,-0.003757987489,1.010415466,-0.007260577567,8,8,0.000218924864
2017-06-19,0.005565407357,0.005565407357,0,0,0.006515239031,-0.0009498316735,1.017989623,-0.01052882234,8,8,0.008324921344
2017-06-20,0.0006645550731,0.0006645550731,0,0,-0.001349557915,0.002014112988,1.019779207,-0.004935944445,8,8,-0.0067440196
2017-06-21,0.01043867773,0.01043867773,0,0,0.006700463315,0.003738214414,1.015740521,-0.004268552684,8,8,-0.0002470808339
2017-06-22,0.0004041542999,0.0004041542999,0,0,0.0002762907829,0.000127863517,1.008178717,0.006106382487,8,8,-0.0004526598972
2017-06-23,0.002572782031,0.002572782031,0,0,0.004450125077,-0.001877343046,1.007919789,0.006507906588,8,8,0.001194192572
2017-06-26,-0.00352276367,-0.00352276367,0,0,-0.004286409072,0.0007636454025,1.011644516,0.009057385939,8,8,0.0006581960244
2017-06-27,-0.008709870105,-0.008709870105,0,0,-0.01178397618,0.003074106074,1.010152992,0.005554188362,8,8,-0.008056316932
2017-06-28,0.006478036864,0.006478036864,0,0,0.007705554025,-0.001227517161,1.004039967,-0.00318340882,8,8,0.008950357095
2017-06-29,-0.005865152289,-0.005865152289,0,0,-0.009588487231,0.003723334942,1.006453198,0.003273422691,8,8,-0.008789049333
2017-06-30,-0.0007948045307,-0.0007948045307,0,0,-0.0005676910095,-0.0002271135211,0.9990006666,-0.002607020169,8,8,0.001864761271
2017-07-03,-0.01310017953,-0.01375830846,0.0006581289386,0.6581289386,-0.007020332567,-0.006079846959,0.9994544601,-0.003404530636,8,8,0.001695527741
2017-07-05,0.005800280888,0.005800280888,0,0,0.001098393519,0.004701887369,1,0,8,8,0.002311820299
2017-07-06,-0.0005154482676,-0.0005154482676,0,0,-0.005177137369,0.004661689101,0.9906504552,0.005766831645,8,8,-0.009144233899
2017-07-07,0.006603699998,0.006603699998,0,0,0.007731420041,-0.001127720043,0.9813174472,0.00525409159,8,8,0.00648520093
2017-07-10,0.004878182838,0.004878182838,0,0,0.005424575337,-0.0005463924996,0.9836806553,0.01178,8,8,0.001073793578
2017-07-11,0.003408972839,0.003408972839,0,0,0.002903936641,0.0005050361983,0.9848473577,0.01657731566,8,8,-0.0007426928814
2017-07-12,0.008005068806,0.008005068806,0,0,0.008886294881,-0.0008812260745,0.9838921963,0.01991838726,8,8,0.007515015497
2017-07-13,-0.002864136293,-0.002864136293,0,0,-0.001373056488,-0.001491079805,0.985768572,0.02770170204,8,8,0.001679811411
2017-07-14,0.003803273897,0.003803273897,0,0,0.004458336494,-0.000655062597,0.9887184197,0.02490890825,8,8,0.004664367321
2017-07-17,0.0006656080014,0.0006656080014,0,0,-0.00125784256,0.001923450562,0.9900663253,0.0286033956,8,8,-0.0001221860391
2017-07-18,0.01661432793,0.01661432793,0,0,0.01412821347,0.002486114462,0.9862285906,0.02924953488,8,8,0.0005294898685
2017-07-19,-0.0003249864767,-0.0003249864767,0,0,0.002218267768,-0.002543254244,0.9815626852,0.04511431872,8,8,0.005413947008
2017-07-20,0.000811435925,0.000811435925,0,0,0.00153873182,-0.0007272958952,0.9866448535,0.0448038929,8,8,0.0004453979185
2017-07-21,0.002664670527,0.002664670527,0,0,0.0006470884087,0.002017582118,0.988109094,0.04557834492,8,8,-0.0008903282051
2017-07-24,0.006423706083,0.006423706083,0,0,0.004307887991,0.002115818092,0.9841162547,0.04811480535,8,8,-0.0002430654867
2017-07-25,-0.005197708676,-0.005197708676,0,0,-0.0004095207431,-0.004788187932,0.9800130091,0.05419040817,8,8,0.002430961297
2017-07-26,0.006236857374,0.006236857374,0,0,0.004488433963,0.001748423411,0.9895349909,0.04924867979,8,8,4.030423453e-05
2017-07-27,-0.006586269058,-0.006586269058,0,0,-0.0073201301,0.0007338610415,0.9861246824,0.0551416267,8,8,-0.0009295853798
2017-07-28,-0.00364198999,-0.00364198999,0,0,-0.0004428524716,-0.003199137519,0.984555237,0.04887727654,8,8,-0.00117298812
2017-07-31,-0.01009581063,-0.01009581063,0,0,-0.007500867319,-0.002594943316,0.9909204444,0.04540063521,8,8,-0.0005671312863
2017-08-01,-7.330902874e-05,-0.0009891103268,0.000915801298,0.915801298,0.001946215627,-0.002019524656,0.9960706611,0.03566489055,8,8,0.0022290463
2017-08-02,0.003922928505,0.003922928505,0,0,0.004506527857,-0.0005835993516,1,0,8,8,0.000484982095
2017-08-03,0.006311372247,0.006311372247,0,0,0.004689292531,0.001622079716,1.001162638,0.003907599273,8,8,-0.001939626577
2017-08-04,2.720043644e-05,2.720043644e-05,0,0,0.001646109856,-0.001618909419,0.9979315332,0.01015488029,8,8,0.001821973776
2017-08-07,0.004032180553,0.004032180553,0,0,0.003820944753,0.0002112358,1.00116932,0.01018180378,8,8,0.001859320894
2017-08-08,9.233975667e-05,9.233975667e-05,0,0,0.0007755444015,-0.0006832046448,1.000743849,0.01415690115,8,8,-0.002461036075
2017-08-09,0.001536895284,0.001536895284,0,0,0.0004367625104,0.001100132773,1.002110064,0.01424792526,8,8,-4.047232481e-05
2017-08-10,-0.004710858686,-0.004710858686,0,0,-0.01010516895,0.005394310262,0.9999099366,0.01576059815,8,8,-0.01411547207
2017-08-11,0.001275457484,0.001275457484,0,0,-0.0001464189956,0.00142187648,0.9890698256,0.0111020396,8,8,0.001477132003
2017-08-14,0.007169056716,0.007169056716,0,0,0.009409293744,-0.002240237028,0.9862436183,0.01236173023,8,8,0.00991330577
2017-08-15,0.001387286994,0.001387286994,0,0,0.0006265915187,0.0007606954752,0.9907901185,0.01939176627,8,8,-0.0001220563866
2017-08-16,0.00204307691,0.00204307691,0,0,0.0004464412693,0.001596635641,0.9892835943,0.02075026669,8,8,0.001744608067
2017-08-17,-0.002127002178,-0.002127002178,0,0,-0.00847015549,0.006343153312,0.9861186836,0.02274686999,8,8,-0.01559108717
2017-08-18,0.0005643588118,0.0005643588118,0,0,-0.0009227313201,0.001487090132,0.9733757471,0.02066381981,8,8,-0.00156295861
2017-08-21,0.001270085296,0.001270085296,0,0,-0.00109500171,0.002365087005,0.9704182616,0.02121620507,8,8,0.0007827388046
2017-08-22,0.003084899433,0.003084899433,0,0,0.007175864738,-0.004090965305,0.9657316114,0.02245776708,8,8,0.01045683248
2017-08-23,0.003357648417,0.003357648417,0,0,0.001804526569,0.001553121849,0.9739937686,0.02546411229,8,8,-0.00358525697
2017-08-24,0.0002564340461,0.0002564340461,0,0,5.94817501e-05,0.000196952296,0.9709849472,0.02872531121,8,8,-0.002330596871
2017-08-25,-0.002831610904,-0.002831610904,0,0,-0.001118785255,-0.001712825649,0.9705985822,0.02897431526,8,8,0.002336041242
2017-08-28,0.003804185184,0.003804185184,0,0,0.002162463871,0.001641721313,0.9739504713,0.02621694053,8,8,4.070378641e-05
2017-08-29,0.003057186324,0.003057186324,0,0,0.002424986724,0.0006321996002,0.9707781939,0.0299073526,8,8,0.001145187081
2017-08-30,0.002323502938,0.002323502938,0,0,0.003137001201,-0.0008134982626,0.9696067126,0.03286406735,8,8,0.004737557172
2017-08-31,0.004299604113,0.004299604113,0,0,0.004555282248,-0.0002556781351,0.9713003928,0.03510600139,8,8,0.006015985727
2017-09-01,-0.002242570862,-0.003130206175,0.000887635313,0.887635313,0.0008139366367,-0.003056507498,0.9719324285,0.03923690236,8,8,0.001414221768
2017-09-05,0.0007280138364,0.0007280138364,0,0,-0.004688503471,0.005416517307,1,0,8,8,-0.007182326508
2017-09-06,-0.00459477624,-0.00459477624,0,0,-0.0006067360098,-0.00398804023,0.9891748462,0.0007274842178,8,8,0.003413901221
2017-09-07,0.008430996735,0.008430996735,0,0,0.003887342013,0.004543654722,0.9971377754,-0.003885143387,8,8,-0.0001213807023
2017-09-08,-0.001820257828,-0.001820257828,0,0,-0.003513512354,0.001693254527,0.9881503702,0.004507847699,8,8,-0.001174627088
2017-09-11,0.00412340462,0.00412340462,0,0,0.01067325058,-0.006549845963,0.9847360768,0.002692490899,8,8,0.010665956
2017-09-12,-0.006088735361,-0.006088735361,0,0,-8.936608431e-05,-0.005999369277,0.9978446561,0.006787906235,8,8,0.003370466728
2017-09-13,-0.002285645291,-0.002285645291,0,0,0.0002757106625,-0.002561355953,1.009903696,0.0007034540193,8,8,0.0004797574715
2017-09-14,-0.0008773116394,-0.0008773116394,0,0,0.001319767183,-0.002197078822,1.015060831,-0.001585815884,8,8,-0.0003196615504
2017-09-15,0.004500202115,0.004500202115,0,0,0.005703455754,-0.001203253639,1.019472072,-0.002465290351,8,8,0.001346377449
2017-09-18,0.003946487062,0.003946487062,0,0,0.006629858848,-0.002683371786,1.021780562,0.002025795276,8,8,0.002126952546
2017-09-19,-0.001595621289,-0.001595621289,0,0,0.0004216770315,-0.00201729832,1.027040591,0.005948805454,8,8,0.001000950791
2017-09-20,-0.00521859063,-0.00521859063,0,0,-0.001822794032,-0.003395796598,1.031124851,0.0043601413,8,8,0.0003599903471
2017-09-21,-0.003880297205,-0.003880297205,0,0,-0.002866568635,-0.00101372857,1.038115352,-0.0008629527274,8,8,-0.002679429488
2017-09-22,-0.005773605816,-0.005773605816,0,0,-0.004544875984,-0.001228729833,1.040299182,-0.004761726848,8,8,0.0002005531849
2017-09-25,-0.01460778684,-0.01460778684,0,0,-0.01331233938,-0.001295447464,1.043004935,-0.01059651275,8,8,-0.002044559963
2017-09-26,0.002344641074,0.002344641074,0,0,0.000325183576,0.002019457498,1.046271758,-0.02557793664,8,8,0.0006024905986
2017-09-27,0.0003808519819,0.0003808519819,0,0,0.004012766116,-0.003631914134,1.042134054,-0.02317894925,8,8,0.003894508047
2017-09-28,0.002234016434,0.002234016434,0,0,0.001316357944,0.0009176584895,1.049379076,-0.02278941787,8,8,0.001199653721
2017-09-29,0.001801219036,0.001801219036,0,0,0.00280318285,-0.001001963815,1.047437783,-0.02050958269,8,8,0.00351502826
2017-10-02,-0.006167398768,-0.006727607565,0.0005602087969,0.5602087969,-0.001857141182,-0.004310257586,1.049352815,-0.01867472638,8,8,0.004338759071
2017-10-03,0.002932374703,0.002932374703,0,0,0.002186779615,0.0007455950876,1,0,8,8,0.002140171506
2017-10-04,0.003292336914,0.003292336914,0,0,0.00333340713,-4.10702164e-05,0.9985131698,0.002923801023,8,8,0.001186391239
2017-10-05,-0.0012120758,-0.0012120758,0,0,0.001121884125,-0.002333959925,0.9985999197,0.006195739475,8,8,0.005925271946
2017-10-06,0.00194957929,0.00194957929,0,0,0.00126302199,0.0006865573002,1.003271805,0.004989711583,8,8,-0.001138903175
2017-10-09,0.0006983642581,0.0006983642581,0,0,-0.001252984387,0.001951348645,1.001894996,0.0069257885,8,8,-0.001651170376
2017-10-10,0.00393891399,0.00393891399,0,0,0.00460824277,-0.0006693287801,0.9979937001,0.007618832038,8,8,0.002638179556
2017-10-11,0.003821400069,0.003821400069,0,0,0.002806775885,0.001014624184,0.9993349771,0.01151239968,8,8,0.001571195499
2017-10-12,0.00337412759,0.00337412759,0,0,0.0008722264336,0.002501901157,0.9973159854,0.01527542623,8,8,-0.00149008867
2017-10-13,0.002201004494,0.002201004494,0,0,0.002088193292,0.0001128112015,0.9923380355,0.01858683945,8,8,0.001217203277
2017-10-16,-0.000923436128,-0.000923436128,0,0,0.001144283588,-0.002067719716,0.9921297356,0.02074219029,8,8,0.001333650455
2017-10-17,0.004900351473,0.004900351473,0,0,0.004658840646,0.0002415108262,0.996261723,0.01983707243,8,8,0.000705113896
2017-10-18,0.0006316555668,0.0006316555668,0,0,0.001817648284,-0.001185992717,0.9957992863,0.02461679297,8,8,0.0009786272085
2017-10-19,-0.003412073757,-0.003412073757,0,0,-0.001738546071,-0.001673527686,0.9981724261,0.02523251028,8,8,0.0002738788881
2017-10-20,-0.002504009919,-0.002504009919,0,0,0.001653353777,-0.004157363696,1.001524684,0.02189514437,8,8,0.005160407833
2017-10-23,-0.00394425135,-0.00394425135,0,0,-0.004523815104,0.0005795637534,1.009864111,0.01943981193,8,8,-0.003889607312
2017-10-24,0.00444670933,0.00444670933,0,0,0.005597925662,-0.001151216332,1.008739454,0.01555692099,8,8,0.001756936256
2017-10-25,-0.005056164613,-0.005056164613,0,0,-0.007170037311,0.002113872698,1.010993004,0.01991507378,8,8,-0.004949905815
2017-10-26,-0.002061665604,-0.002061665604,0,0,0.001489930116,-0.003551595721,1.006799639,0.01493442005,8,8,0.001292663189
2017-10-27,0.01103795955,0.01103795955,0,0,0.006214605883,0.004823353666,1.013931552,0.01289934859,8,8,0.008176252101
2017-10-30,0.006302313954,0.006302313954,0,0,0.0004006751018,0.005901638852,1.004238066,0.0236759737,8,8,-0.003725248391
2017-10-31,0.002959809983,0.002959809983,0,0,0.002866470504,9.333947916e-05,0.9924821676,0.02979053832,8,8,0.001558024753
2017-11-01,-0.00577507126,-0.006678206458,0.0009031351981,0.9031351981,-0.001544462765,-0.004230608495,0.9923182252,0.03265369956,8,8,0.001322240544
2017-11-02,0.002660132404,0.002660132404,0,0,0.0007691067053,0.001891025698,1,0,8,8,0.0003886241937
2017-11-03,-0.001147345351,-0.001147345351,0,0,0.002185775948,-0.003333121299,0.9962279827,0.002653074873,8,8,0.003338373945
2017-11-06,-0.001099682118,-0.001099682118,0,0,0.0001783511756,-0.001278033294,1.00289755,0.001507459098,8,8,0.001547708763
2017-11-07,0.001151685828,0.001151685828,0,0,0.001692216079,-0.0005405302515,1.00545962,0.0004082258989,8,8,-0.0006954162995
2017-11-08,-0.005240569765,-0.005240569765,0,0,-0.001836481157,-0.003404088608,1.006533157,0.001558117265,8,8,0.001700916881
2017-11-09,-0.003382826961,-0.003382826961,0,0,-0.004017302469,0.0006344755087,1.013411618,-0.003701852315,8,8,-0.003627720107
2017-11-10,0.003013487932,0.003013487932,0,0,0.00346093919,-0.0004474512584,1.012183883,-0.007108726869,8,8,-0.0003098504077
2017-11-13,0.0006088901219,0.0006088901219,0,0,0.0006119667142,-3.076592238e-06,1.013039491,-0.004082935062,8,8,0.0009297716455
2017-11-14,0.0003864620079,0.0003864620079,0,0,0.0004615407444,-7.507873648e-05,1.013037706,-0.003471930915,8,8,-0.00232247281
2017-11-15,-0.003701897129,-0.003701897129,0,0,-0.004765024298,0.001063127169,1.013182769,-0.003084276952,8,8,-0.00500538436
2017-11-16,-0.001465558627,-0.001465558627,0,0,0.003715046264,-0.005180604891,1.011097597,-0.006811389142,8,8,0.008501152219
2017-11-17,-0.002291617135,-0.002291617135,0,0,-0.001820841931,-0.0004707752038,1.021490302,-0.008289095926,8,8,-0.002938558314
2017-11-20,0.002732133362,0.002732133362,0,0,0.002288779684,0.0004433536776,1.022483375,-0.0106050157,8,8,0.00170619191
2017-11-21,0.001137133626,0.001137133626,0,0,0.004514410321,-0.003377276695,1.021537824,-0.007851431177,8,8,0.006542811423
2017-11-22,-0.001793489907,-0.001793489907,0,0,-0.001906021828,0.0001125319213,1.028260242,-0.00670667117,8,8,-0.0008845419441
2017-11-24,-0.002354993319,-0.002354993319,0,0,0.0006119056445,-0.002966898963,1.028085549,-0.00851543342,8,8,0.002309552384
2017-11-27,-0.002141016105,-0.002141016105,0,0,0.0004692254734,-0.002610241579,1.034099651,-0.01089608695,8,8,-0.0004989446743
2017-11-28,0.001913281801,0.001913281801,0,0,0.004557977686,-0.002644695884,1.0394045,-0.01306507559,8,8,0.01014465609
2017-11-29,0.002665873522,0.002665873522,0,0,0.001838210346,0.0008276631757,1.044608543,-0.01113049801,8,8,-0.0006088202173
2017-11-30,0.007994065001,0.007994065001,0,0,0.00922916686,-0.001235101859,1.042839013,-0.008442118871,8,8,0.008755035751
2017-12-01,-0.002843952327,-0.003645791172,0.0008018388457,0.8018388457,-0.00294492245,0.0001009701233,1.044949885,-0.0004445005039,8,8,-0.002075528266
2017-12-04,-0.006596952027,-0.006596952027,0,0,-0.00265684334,-0.003940108687,1,0,8,8,-0.001209989571
2017-12-05,-0.0002748004186,-0.0002748004186,0,0,-0.001967942965,0.001693142547,1.007932548,-0.006640760808,8,8,-0.003596336731
2017-12-06,0.0009546290253,0.0009546290253,0,0,0.001196935801,-0.0002423067759,1.004547513,-0.006917462148,8,8,0.0001898382883
2017-12-07,0.004795819666,0.004795819666,0,0,0.003500616638,0.001295203027,1.005027327,-0.005957146258,8,8,0.003152841121
2017-12-08,0.001226614013,0.001226614013,0,0,0.003289375606,-0.002062761594,1.00242529,-0.001155783662,8,8,0.005453160271
2017-12-11,-0.005606426707,-0.005606426707,0,0,0.0007843564096,-0.006390783117,1.006542787,7.074357568e-05,8,8,0.003013109864
2017-12-12,-0.002135524696,-0.002135524696,0,0,0.001294855803,-0.003430380499,1.019433305,-0.005566893512,8,8,0.001764885895
2017-12-13,-0.003152684768,-0.003152684768,0,0,0.0005353112741,-0.003687996042,1.026350338,-0.007718902114,8,8,-0.0001123047428
2017-12-14,-0.005030341103,-0.005030341103,0,0,-0.002954119972,-0.002076221132,1.033832995,-0.01090596997,8,8,-0.004086321554
2017-12-15,0.001449486766,0.001449486766,0,0,0.005965510255,-0.004516023488,1.038177483,-0.01601688145,8,8,0.008327503171
2017-12-18,0.007669681844,0.007669681844,0,0,0.006383596485,0.001286085359,1.047141199,-0.01454631,8,8,0.006341159218
2017-12-19,0.0003217558706,0.0003217558706,0,0,-0.001280581413,0.001602337284,1.0442298,-0.006824288036,8,8,-0.0038403946
2017-12-20,0.002799330421,0.002799330421,0,0,-6.584149644e-05,0.002865171917,1.041011929,-0.00650044061,8,8,-0.0005240235694
2017-12-21,0.00105032318,0.00105032318,0,0,0.002185789155,-0.001135465975,1.035183096,-0.003690778481,8,8,0.002059636444
2017-12-22,0.004034995235,0.004034995235,0,0,0.0007200794942,0.00331491574,1.037414731,-0.002637684879,8,8,-0.0002616428129
2017-12-26,0.001044410746,0.001044410746,0,0,-3.009537051e-05,0.001074506117,1.030661182,0.001391694873,8,8,-0.001195893238
2017-12-27,0.003743683767,0.003743683767,0,0,0.001354800378,0.00238888339,1.028482422,0.002433563979,8,8,0.0004863198158
2017-12-28,0.0007737330845,0.0007737330845,0,0,0.00136112899,-0.0005873959054,1.023616244,0.006154208337,8,8,0.002057467076
2017-12-29,-0.002577893904,-0.002577893904,0,0,-0.004094706537,0.001516812633,1.024771869,0.006922585188,8,8,-0.003770636892
2018-01-02,0.0009583792832,0.0002993724167,0.0006590068665,0.6590068665,0.005203649988,-0.004245270705,1.021794427,0.004355920385,8,8,0.007157275345
2018-01-03,0.006733252338,0.006733252338,0,0,0.008636930166,-0.001903677827,1,0,8,8,0.006325088929
2018-01-04,-0.0001663208442,-0.0001663208442,0,0,0.00215313649,-0.002319457334,1.003781891,0.006688218873,8,8,0.004214813333
2018-01-05,0.007433414189,0.007433414189,0,0,0.008436409674,-0.001002995486,1.008422207,0.006522982937,8,8,0.006664408167
2018-01-08,0.0007828391962,0.0007828391962,0,0,0.004412462322,-0.003629623126,1.010351253,0.01385341892,8,8,0.001828550665
2018-01-09,0.001668023941,0.001668023941,0,0,0.001256520406,0.0004115035346,1.017596723,0.01462480925,8,8,0.002263543523
2018-01-10,0.00148553855,0.00148553855,0,0,0.0007411031547,0.0007444353952,1.016745784,0.01626570161,8,8,-0.001529868426
2018-01-11,0.003410150897,0.003410150897,0,0,0.005702917501,-0.002292766603,1.015234282,0.01772490912,8,8,0.007295842432
2018-01-12,0.003794109339,0.003794109339,0,0,0.007362708926,-0.003568599586,1.019752456,0.02106323122,8,8,0.006518856157
2018-01-16,-0.004655253571,-0.004655253571,0,0,-0.001931335481,-0.00272391809,1.026788019,0.02476338557,8,8,-0.00341839996
2018-01-17,0.003124184942,0.003124184942,0,0,0.008227272728,-0.005103087785,1.032386623,0.02020217826,8,8,0.00953212172
2018-01-18,0.001666449948,0.001666449948,0,0,-0.0008105642794,0.002477014227,1.042460145,0.0232537143,8,8,-0.001681090787
2018-01-19,-0.002819746404,-0.002819746404,0,0,0.002658930831,-0.005478677235,1.037443719,0.02487870513,8,8,0.004549776372
2018-01-22,0.00536478943,0.00536478943,0,0,0.007065893927,-0.001701104497,1.048537938,0.02212133528,8,8,0.008130934966
2018-01-23,0.00633781096,0.00633781096,0,0,0.007958282512,-0.001620471552,1.051662986,0.0273394543,8,8,0.002122552735
2018-01-24,0.0009099141139,0.0009099141139,0,0,0.0009324453345,-2.253122061e-05,1.05455815,0.03346516934,8,8,-0.0003884311211
2018-01-25,0.00898452739,0.00898452739,0,0,0.007283149575,0.001701377814,1.054553573,0.03434383351,8,8,0.0004239355991
2018-01-26,0.009169655835,0.009169655835,0,0,0.01538370154,-0.006214045704,1.050695344,0.04294254246,8,8,0.0115775501
2018-01-29,0.004668674528,0.004668674528,0,0,0.0008443928934,0.003824281635,1.062549874,0.05163868928,8,8,-0.006629778028
2018-01-30,-0.004254798107,-0.004254798107,0,0,-0.009316962869,0.005062164761,1.054646186,0.05604570466,8,8,-0.01025705618
2018-01-31,-0.000782704657,-0.000782704657,0,0,0.0009845262071,-0.001767230864,1.044712097,0.05201220799,8,8,0.0004968270677
2018-02-01,-0.002847086012,-0.003783109438,0.0009360234264,0.9360234264,-0.001603701252,-0.00124338476,1.048284351,0.05126963232,8,8,-0.001134970343
2018-02-02,-0.001203791885,-0.001203791885,0,0,-0.01026281215,0.009059020267,1,0,8,8,-0.02177022982
2018-02-05,-0.004880532757,-0.004880532757,0,0,-0.0233879151,0.01850738234,0.9818601228,-0.001205242747,8,8,-0.04182232153
2018-02-06,0.00516674974,0.00516674974,0,0,0.01199060866,-0.006823858921,0.9445748539,-0.006115623002,8,8,0.01970215942
2018-02-07,0.005037978703,0.005037978703,0,0,0.003025629614,0.002012349089,0.9584373157,-0.0009439958722,8,8,-0.005424815234
2018-02-08,-0.00266806702,-0.00266806702,0,0,-0.02143613614,0.01876806912,0.9546411346,0.004073460821,8,8,-0.03750915166
2018-02-09,0.0009307984965,0.0009307984965,0,0,0.005111448507,-0.004180650011,0.9168832352,0.001409153518,8,8,0.01502189297
2018-02-12,0.001361971764,0.001361971764,0,0,0.008118689754,-0.00675671799,0.9253140528,0.002337776016,8,8,0.01468432285
2018-02-13,0.0007684357421,0.0007684357421,0,0,0.002193869661,-0.001425433919,0.9389106907,0.003694715682,8,8,0.002487200774
2018-02-14,0.005408943855,0.005408943855,0,0,0.008405038129,-0.002996094274,0.9418062767,0.004459724412,8,8,0.01349642397
2018-02-15,-0.00118110518,-0.00118110518,0,0,0.007136636029,-0.008317741209,0.9480793014,0.009815576366,8,8,0.01276036981
2018-02-16,0.001575368645,0.001575368645,0,0,0.001780006099,-0.0002046374546,0.964673059,0.008644681464,8,8,0.0002925785689
2018-02-20,-0.002301959315,-0.002301959315,0,0,-0.007515803478,0.005213844164,0.9651372555,0.01020397509,8,8,-0.006261106508
2018-02-21,-0.002289012404,-0.002289012404,0,0,-0.005363163428,0.003074151023,0.9546050699,0.00792024786,8,8,-0.004974122332
2018-02-22,-0.000182334824,-0.000182334824,0,0,0.003635741277,-0.003818076101,0.9483385141,0.005644154997,8,8,0.001296055356
2018-02-23,0.0006384548182,0.0006384548182,0,0,0.007575228855,-0.006936774036,0.9559666375,0.005462816234,8,8,0.01593915955
2018-02-26,0.0004574896419,0.0004574896419,0,0,0.005629423392,-0.00517193375,0.969859429,0.006097378152,8,8,0.01161246907
2018-02-27,0.002627489465,0.002627489465,0,0,-0.005947867479,0.008575356944,0.9802123491,0.006551870381,8,8,-0.01248674853
2018-02-28,-0.001065013822,-0.001065013822,0,0,-0.008392516826,0.007327503004,0.963158436,0.009155304381,8,8,-0.01012993613
2018-03-01,-0.003801871181,-0.00468622527,0.0008843540888,0.8843540888,-0.009154815301,0.00535294412,0.948448527,0.008098916017,8,8,-0.01454041247
2018-03-02,-0.003792541731,-0.003792541731,0,0,0.001920143245,-0.005712684976,1,0,8,8,0.005154609055
2018-03-05,0.007381765804,0.007381765804,0,0,0.009277362799,-0.001895596994,1.011468866,-0.003806979861,8,8,0.01155804716
2018-03-06,0.00511949848,0.00511949848,0,0,0.004420170999,0.0006993274802,1.015148239,0.003548591075,8,8,0.00253495007
2018-03-07,-0.001926027549,-0.001926027549,0,0,-0.002877409113,0.0009513815646,1.013679552,0.00862393931,8,8,-0.0003666249744
2018-03-08,-0.0005216519035,-0.0005216519035,0,0,0.00281297386,-0.003334625763,1.011799515,0.006710837018,8,8,0.0048393003
2018-03-09,0.008187826698,0.008187826698,0,0,0.01285681572,-0.004668989026,1.018478406,0.0061924154,8,8,0.0174023599
2018-03-12,-0.01124142395,-0.01124142395,0,0,-0.005140591211,-0.006100832744,1.027590478,0.0142634554,8,8,-0.001255313471
2018-03-13,-0.001781534294,-0.001781534294,0,0,-0.003407184135,0.001625649841,1.040244549,0.003056389615,8,8,-0.006462871098
2018-03-14,0.001938993505,0.001938993505,0,0,-0.001851258376,0.003790251881,1.037059272,0.001277130573,8,8,-0.005131244837
2018-03-15,-0.003675729142,-0.003675729142,0,0,-0.001935383678,-0.001740345464,1.02942172,0.003209900102,8,8,-0.001089827838
2018-03-16,0.004095887132,0.004095887132,0,0,0.001341996325,0.002753890806,1.033023797,-0.000467547618,8,8,0.001084570113
2018-03-19,-0.001534291127,-0.001534291127,0,0,-0.009558224743,0.008023933616,1.027403773,0.003613538866,8,8,-0.01353044305
2018-03-20,0.01560028408,0.01560028408,0,0,0.007868179451,0.007732104631,1.011373356,0.002082442812,8,8,0.001700887186
2018-03-21,0.0009789698338,0.0009789698338,0,0,0.0007585863287,0.0002203835051,0.9959719846,0.01741110865,8,8,-0.001919321659
2018-03-22,-0.01824351453,-0.01824351453,0,0,-0.02336305758,0.005119543048,0.9955355881,0.01837209276,8,8,-0.02499711452
2018-03-23,-0.002507957001,-0.002507957001,0,0,-0.01024259438,0.007734637377,0.9850232739,0.0001309675429,8,8,-0.02131465543
2018-03-26,0.006749775194,0.006749775194,0,0,0.01586918979,-0.009119414595,0.9694774499,-0.002382965834,8,8,0.0273588934
2018-03-27,-0.01104065002,-0.01104065002,0,0,-0.0178649055,0.006824255482,0.9877986355,0.004337531993,8,8,-0.01701187122
2018-03-28,-0.002029218702,-0.002029218702,0,0,-0.006103027935,0.004073809232,0.973861539,-0.006777951007,8,8,-0.002954663277
2018-03-29,0.00776475101,0.00776475101,0,0,0.01056670452,-0.002801953511,0.9656442051,-0.008825077723,8,8,0.01277778807
2018-04-02,-0.008008924955,-0.008913438548,0.0009045135935,0.9045135935,-0.01850585317,0.01049692822,0.9714696432,-0.001052156975,8,8,-0.02158479069
2018-04-03,-0.004859160999,-0.004859160999,0,0,0.006391866866,-0.01125102787,1,0,8,8,0.01281738542
2018-04-04,-0.0004470228927,-0.0004470228927,0,0,0.008025606398,-0.00847262929,1.022611931,-0.004882887737,8,8,0.01069857181
2018-04-05,-0.004526646145,-0.004526646145,0,0,0.003422682753,-0.007949328898,1.03957488,-0.005332294287,8,8,0.00789242322
2018-04-06,-0.005417903268,-0.005417903268,0,0,-0.01370846833,0.008290565066,1.055725789,-0.0099037713,8,8,-0.02228590283
2018-04-09,0.000778550673,0.000778550673,0,0,0.001627113201,-0.0008485625283,1.039357896,-0.01540513812,8,8,0.00492832473
2018-04-10,0.007641905515,0.007641905515,0,0,0.01662792451,-0.008986019,1.041023083,-0.01461520876,8,8,0.01590039984
2018-04-11,-0.0009878380971,-0.0009878380971,0,0,-0.002198612185,0.001210774088,1.058547705,-0.006920418066,8,8,-0.005242575798
2018-04-12,0.01109581036,0.01109581036,0,0,0.00983009042,0.001265719936,1.056181655,-0.007916075965,8,8,0.008227537503
2018-04-13,-0.009487095673,-0.009487095673,0,0,-0.004652311517,-0.004834784155,1.053061455,0.003144839844,8,8,-0.002933199248
2018-04-16,5.134847366e-05,5.134847366e-05,0,0,0.00260779331,-0.002556444836,1.063331859,-0.006403001719,8,8,0.008221815075
2018-04-17,0.01750180224,0.01750180224,0,0,0.01729755378,0.0002042484641,1.068441234,-0.006351327114,8,8,0.01069804965
2018-04-18,-5.537767506e-06,-5.537767506e-06,0,0,0.002035635803,-0.002041173571,1.066862522,0.0109586785,8,8,0.0007405434941
2018-04-19,-0.001014356935,-0.001014356935,0,0,-0.003455132479,0.002440775544,1.070945263,0.01095320139,8,8,-0.005547661331
2018-04-20,0.002181129171,0.002181129171,0,0,-0.005350502902,0.007531632072,1.066130792,0.009948936228,8,8,-0.008479262495
2018-04-23,-0.004095882083,-0.004095882083,0,0,-0.002856937851,-0.001238944232,1.050956385,0.01210366574,8,8,-0.0001499935522
2018-04-24,-0.008877178025,-0.008877178025,0,0,-0.01356673244,0.004689554419,1.053654034,0.008040717488,8,8,-0.0134675451
2018-04-25,0.001830221691,0.001830221691,0,0,0.0006808501115,0.00114937158,1.044671482,-0.0008439524532,8,8,0.002471994225
2018-04-26,0.006436079937,0.006436079937,0,0,0.01420027536,-0.007764195425,1.042295329,0.0009844674443,8,8,0.01016546184
2018-04-27,0.0033642182,0.0033642182,0,0,0.004661260827,-0.001297042627,1.057453942,0.007373093562,8,8,0.0009386783656
2018-04-30,-0.002896540977,-0.002896540977,0,0,-0.005763034528,0.002866493551,1.05984669,0.01070131022,8,8,-0.007690528714
2018-05-01,0.01039278828,0.009835697275,0.0005570910005,0.5570910005,0.007135849025,0.00325693925,1.0542709,0.007827441748,8,8,0.001777234823
2018-05-02,-0.001488988644,-0.001488988644,0,0,-0.004744922503,0.003255933859,1,0,8,8,-0.006717665014
2018-05-03,0.009561732309,0.009561732309,0,0,0.004148156685,0.005413575624,0.9934784217,-0.001491209037,8,8,-0.002203610506
2018-05-04,0.001405782839,0.001405782839,0,0,0.008044329495,-0.006638546656,0.9828155833,0.007994085962,8,8,0.01294618614
2018-05-07,0.006011022141,0.006011022141,0,0,0.008816950777,-0.002805928636,0.9960981617,0.009386673177,8,8,0.003383186549
2018-05-08,0.001581622292,0.001581622292,0,0,-0.0002042357552,0.001785858048,1.001699801,0.01530569246,8,8,0
2018-05-09,-0.001195023038,-0.001195023038,0,0,0.006016914698,-0.007211937736,0.9981310413,0.01686064758,8,8,0.009666009148
2018-05-10,-0.002970863195,-0.002970863195,0,0,0.002667747006,-0.005638610201,1.012569938,0.01568436772,8,8,0.009350637304
2018-05-11,-0.006179164268,-0.006179164268,0,0,-0.002665754473,-0.003513409795,1.023918216,0.01275138715,8,8,0.003051262288
2018-05-14,0.00202180835,0.00202180835,0,0,0.0002850449542,0.001736763396,1.031137439,0.006613086231,8,8,0.0004765526092
2018-05-15,-0.001127378615,-0.001127378615,0,0,-0.005266240267,0.004138861651,1.027608094,0.008617471705,8,8,-0.006886966999
2018-05-16,0.000622870276,0.000622870276,0,0,0.002366614397,-0.001743744121,1.019352188,0.007498546791,8,8,0.004204782022
2018-05-17,-0.001723433642,-0.001723433642,0,0,-0.003240710437,0.001517276795,1.022825459,0.008116361626,8,8,-0.0008448497044
2018-05-18,0.003918973785,0.003918973785,0,0,0.0008246611736,0.003094312611,1.019825073,0.006403964793,8,8,-0.002499715515
2018-05-21,0.0006628924938,0.0006628924938,0,0,0.005486190375,-0.004823297881,1.013583215,0.01028264118,8,8,0.007518577281
2018-05-22,0.002981204692,0.002981204692,0,0,-0.002371504071,0.005352708764,1.023214422,0.01093828276,8,8,-0.002780037834
2018-05-23,0.003578334983,0.003578334983,0,0,0.007748859482,-0.004170524499,1.012471824,0.01387811396,8,8,0.002750702154
2018-05-24,0.005144053512,0.005144053512,0,0,0.001663472172,0.003480581339,1.020738663,0.01739420664,8,8,-0.002048691345
2018-05-25,0.0008196838328,0.0008196838328,0,0,0.0005335605025,0.0002861233302,1.013706991,0.02242291548,8,8,-0.002382122141
2018-05-29,-0.001193841675,-0.001193841675,0,0,-0.003987709894,0.002793868218,1.013123986,0.02322356333,8,8,-0.01150109283
2018-05-30,-0.003764401727,-0.003764401727,0,0,0.006497307653,-0.01026170938,1.007545258,0.02205605309,8,8,0.01334483064
2018-05-31,0.001596085604,0.001596085604,0,0,-0.001676560224,0.003272645828,1.028174738,0.01836076867,8,8,-0.006126148232
2018-06-01,0.002278345536,0.001475474467,0.0008028710686,0.8028710686,0.008569241629,-0.006290896093,1.021594979,0.01992505219,8,8,0.009817848079
2018-06-04,-0.0008661317245,-0.0008661317245,0,0,0.003905035511,-0.004771167235,1,0,8,8,0.004751070253
2018-06-05,0.005074931393,0.005074931393,0,0,0.002319149334,0.00275578206,1.009550607,-0.000866882559,8,8,0.0007276665105
2018-06-06,-0.004754373337,-0.004754373337,0,0,0.004985003166,-0.009739376503,1.004018648,0.004186801106,8,8,0.008360601248
2018-06-07,-0.005504895901,-0.005504895901,0,0,-0.004095395982,-0.001409499919,1.02360965,-0.000570283572,8,8,-0.0001079010463
2018-06-08,-0.00120430711,-0.00120430711,0,0,0.0008771634855,-0.002081470595,1.026574942,-0.006108807824,8,8,0.002956270957
2018-06-11,-0.002292549096,-0.002292549096,0,0,0.001781080844,-0.004073629939,1.030774946,-0.00732193279,8,8,0.001329966475
2018-06-12,-0.002192888995,-0.002192888995,0,0,0.001354057857,-0.003546946852,1.039011642,-0.009636574205,8,8,0.001292341347
2018-06-13,0.00272900849,0.00272900849,0,0,0.002991978316,-0.0002629698261,1.046206862,-0.01185546091,8,8,-0.003190219309
2018-06-14,0.004591597895,0.004591597895,0,0,0.004279571126,0.0003120267691,1.046605615,-0.009101614038,8,8,0.002517318277
2018-06-15,-0.009624345644,-0.009624345644,0,0,-0.005020422557,-0.004603923087,1.045771397,-0.004489402611,8,8,-0.001275839286
2018-06-18,0.005148760811,0.005148760811,0,0,0.002009576231,0.003139184581,1.055513525,-0.01425090388,8,8,-0.002056811121
2018-06-19,-0.000282082756,-0.000282082756,0,0,-0.00260503322,0.002322950464,1.048982954,-0.00905551837,8,8,-0.003833015167
2018-06-20,0.007648250504,0.007648250504,0,0,0.003925384074,0.003722866429,1.044349563,-0.009340235845,8,8,0.001706030202
2018-06-21,-0.004765619417,-0.004765619417,0,0,-0.006644892434,0.001879273017,1.036623723,-0.001679142836,8,8,-0.006268437845
2018-06-22,-0.003033346908,-0.003033346908,0,0,-0.001706056033,-0.001327290875,1.03302255,-0.006475622606,8,8,0.001822838521
2018-06-25,-0.0142841533,-0.0142841533,0,0,-0.01368572747,-0.0005984258288,1.035785682,-0.009537901278,8,8,-0.01361291633
2018-06-26,0.006598741654,0.006598741654,0,0,0.007227468922,-0.0006287272684,1.037518453,-0.02416726347,8,8,0.002213991633
2018-06-27,-0.003305612226,-0.003305612226,0,0,-0.005370269194,0.002064656968,1.038521713,-0.01745335166,8,8,-0.008284095909
2018-06-28,0.00396686605,0.00396686605,0,0,0.005706260918,-0.001739394867,1.034506464,-0.02082781256,8,8,0.005717520767
2018-06-29,0.01083662911,0.01083662911,0,0,0.009246386649,0.001590242457,1.037835167,-0.01679432567,8,8,0.001439545087
2018-07-02,0.002680393015,0.002013674432,0.0006667185831,0.6667185831,0.001204279626,0.001476113389,1.034283168,-0.00589382734,8,8,0.002138139599
2018-07-03,0.000841005802,0.000841005802,0,0,-0.005094181175,0.005935186977,1,0,8,8,-0.003530964612
2018-07-05,0.0006579576827,0.0006579576827,0,0,0.004294462083,-0.003636504401,0.9881396007,0.0008402991056,8,8,0.008157649237
2018-07-06,0.005006482557,0.005006482557,0,0,0.006680217461,-0.001673734904,0.9954156258,0.001497271647,8,8,0.008458398235
2018-07-09,0.003272654895,0.003272654895,0,0,0.006750782364,-0.003478127469,0.9987692573,0.006471355476,8,8,0.009004123143
2018-07-10,-0.004298363603,-0.004298363603,0,0,0.002462999306,-0.006761362909,1.005706836,0.009712225608,8,8,0.003598594398
2018-07-11,0.0001026074477,0.0001026074477,0,0,-0.00228641565,0.002389023097,1.019312574,0.00543723321,8,8,-0.007314372042
2018-07-12,0.007992079404,0.007992079404,0,0,0.008313753136,-0.0003216737313,1.014533037,0.005539272287,8,8,0.009065542138
2018-07-13,-0.001692281123,-0.001692281123,0,0,0.0001970129161,-0.001889294039,1.015056055,0.01342406549,8,8,0.0007875288399
2018-07-16,-0.0007728561091,-0.0007728561091,0,0,-0.001121302812,0.0003484467029,1.018866571,0.0117516715,8,8,-0.0008941028416
2018-07-17,-0.006399891138,-0.006399891138,0,0,0.0003788588996,-0.006778750037,1.018183731,0.010987307,8,8,0.004045171223
2018-07-18,0.0009264556478,0.0009264556478,0,0,-0.0003208676862,0.001247323334,1.03194568,0.00461696393,8,8,0.002104027479
2018-07-19,-0.004127509481,-0.004127509481,0,0,-0.005492196134,0.001364686653,1.029423773,0.005538288599,8,8,-0.003771645156
2018-07-20,0.001234922043,0.001234922043,0,0,0.0007094954725,0.0005254265703,1.026805038,0.001416626257,8,8,-0.001142812545
2018-07-23,0.003230213584,0.003230213584,0,0,0.0009763736876,0.002253839897,1.025722419,0.002648277883,8,8,0.001859356853
2018-07-24,-0.0008884463399,-0.0008884463399,0,0,0.0003019103878,-0.001190356728,1.021146432,0.005859563824,8,8,0.005032117004
2018-07-25,0.004569086989,0.004569086989,0,0,0.00778556808,-0.003216481091,1.023548067,0.004975537983,8,8,0.008522611134
2018-07-26,-0.003455089703,-0.003455089703,0,0,-0.001964073639,-0.001491016064,1.029844666,0.009501213103,8,8,-0.002359060602
2018-07-27,-0.005284299651,-0.005284299651,0,0,-0.006331292417,0.001046992766,1.032940511,0.006067085726,8,8,-0.006776409448
2018-07-30,-0.01493311666,-0.01493311666,0,0,-0.01489290402,-4.021263316e-05,1.031010393,0.000786944525,8,8,-0.005223723429
2018-07-31,-0.0005889348351,-0.0005889348351,0,0,0.002085166558,-0.002674101393,1.03156214,-0.01436062096,8,8,0.004929370843
2018-08-01,0.003703345904,0.002652220846,0.001051125058,1.051125058,0.001532261477,0.002171084428,1.036932093,-0.0149583653,8,8,-0.001670553598
2018-08-02,0.008010589196,0.008010589196,0,0,0.008135344919,-0.0001247557231,1,0,8,8,0.005447619328
2018-08-03,-0.003354883648,-0.003354883648,0,0,0.0002319730556,-0.003586856704,1.000247529,0.007946929608,8,8,0.004284658121
2018-08-06,0.002689804547,0.002689804547,0,0,0.004529608105,-0.001839803558,1.007446223,0.004607503598,8,8,0.003667252403
2018-08-07,0.00275804676,0.00275804676,0,0,0.00235805634,0.0003999904202,1.011095984,0.007277732467,8,8,0.003302375256
2018-08-08,-1.135283325e-05,-1.135283325e-05,0,0,-0.0009908462756,0.0009794934424,1.010267685,0.01000817621,8,8,-0.0004201433955
2018-08-09,0.003185154184,0.003185154184,0,0,0.002718741716,0.0004664124689,1.008308792,0.00999693687,8,8,-0.001366492769
2018-08-10,0.001701008875,0.001701008875,0,0,-0.001638727774,0.003339736649,1.007352548,0.01314023737,8,8,-0.006699922743
2018-08-13,0.001810214744,0.001810214744,0,0,-0.001664335086,0.00347454983,1.000671932,0.01481604402,8,8,-0.003743491981
2018-08-14,0.001169239876,0.001169239876,0,0,0.003096657644,-0.001927417768,0.9937341748,0.01659621605,8,8,0.006380994645
2018-08-15,-0.007851846765,-0.007851846765,0,0,-0.009027774844,0.001175928079,0.9975918261,0.01774470811,8,8,-0.007467406169
2018-08-16,-0.009120981097,-0.009120981097,0,0,0.002760210164,-0.01188119126,0.9952022991,0.009971153313,8,8,0.00809080342
2018-08-17,-0.004263541442,-0.004263541442,0,0,-0.0007815226869,-0.003482018755,1.01913925,0.0008579980002,8,8,0.00352074009
2018-08-20,0.004710548104,0.004710548104,0,0,0.004811356636,-0.0001008085321,1.026215057,-0.003420125288,8,8,0.002140279897
2018-08-21,0.001385063233,0.001385063233,0,0,0.002677588481,-0.001292525248,1.02629282,0.001284372717,8,8,0.002345050704
2018-08-22,0.004591423077,0.004591423077,0,0,0.003739959022,0.0008514640557,1.028837928,0.002665743726,8,8,-0.0005936333709
2018-08-23,0.002962046292,0.002962046292,0,0,0.0003129160709,0.002649130221,1.027010981,0.007223998371,8,8,-0.001328172647
2018-08-24,0.005793092077,0.005793092077,0,0,0.007527959765,-0.001734867688,1.021648597,0.01015596223,8,8,0.006019098803
2018-08-27,-0.003003875689,-0.003003875689,0,0,0.002200280754,-0.005204156443,1.024973658,0.01585719213,8,8,0.007894846632
2018-08-28,0.002444327381,0.002444327381,0,0,0.001111226088,0.001333101293,1.035488574,0.01289204254,8,8,0.0004835189043
2018-08-29,0.006633764797,0.006633764797,0,0,0.007130375046,-0.0004966102484,1.032742338,0.01529897422,8,8,0.005380694414
2018-08-30,0.001815235907,0.001815235907,0,0,-0.001324984732,0.003140220639,1.03351324,0.02178820121,8,8,-0.004048748646
2018-08-31,0.001679794258,0.001679794258,0,0,0.0004780618084,0.00120173245,1.027183454,0.02356066895,8,8,3.467026794e-05
2018-09-04,-7.245814384e-05,-0.0007325760392,0.0006601178953,0.6601178953,-0.0009362672756,0.0008638091317,1.024738434,0.02519813552,8,8,-0.001722648897
2018-09-05,-0.008261577714,-0.008261577714,0,0,-0.007135764252,-0.001125813462,1,0,8,8,-0.002691132299
2018-09-06,0.001955915364,0.001955915364,0,0,-0.002135986746,0.00409190211,1.002270384,-0.008330399961,8,8,-0.003009710498
2018-09-07,-0.00470087062,-0.00470087062,0,0,-0.0001514852622,-0.004549385358,0.9940981232,-0.006362040983,8,8,-0.001943452849
2018-09-10,-0.0005009305444,-0.0005009305444,0,0,0.002999354097,-0.003500284641,1.003211993,-0.01111516254,8,8,0.001738281491
2018-09-11,0.008814133609,0.008814133609,0,0,0.005338214138,0.003475919471,1.010217681,-0.01162191486,8,8,0.003297709591
2018-09-12,0.003131383924,0.003131383924,0,0,0.002248307456,0.0008830764681,1.003237308,-0.00278324932,8,8,0.0002417737164
2018-09-13,0.001719885053,0.001719885053,0,0,0.005201533424,-0.003481648371,1.001466562,0.0003470478642,8,8,0.005914662526
2018-09-14,-0.001161934417,-0.001161934417,0,0,0.0005994398688,-0.001761374286,1.008415386,0.002063384134,8,8,0.0001718502225
2018-09-17,-0.004191799087,-0.004191799087,0,0,-0.005917140292,0.001725341205,1.011952022,0.0009024983608,8,8,-0.005294091857
2018-09-18,0.003077631173,0.003077631173,0,0,0.005015701639,-0.001938070466,1.008537125,-0.003303146854,8,8,0.005426028665
2018-09-19,-0.01088950518,-0.01088950518,0,0,-0.004548565649,-0.006340939531,1.01237518,-0.0002248237573,8,8,0.00106588928
2018-09-20,-0.001913092024,-0.001913092024,0,0,0.004838689647,-0.006751781671,1.025332922,-0.01123669094,8,8,0.008103661342
2018-09-21,-0.003199539948,-0.003199539948,0,0,-0.001223442537,-0.001976097411,1.038910925,-0.01317498793,8,8,-0.0009137803668
2018-09-24,0.005066560976,0.005066560976,0,0,0.003178028827,0.001888532149,1.043000703,-0.016427087,8,8,-0.003322020203
2018-09-25,0.003857403499,0.003857403499,0,0,0.003633386799,0.0002240166994,1.039025911,-0.01130325738,8,8,-0.0009279224724
2018-09-26,0.0009215105432,0.0009215105432,0,0,-0.00269238658,0.003613897123,1.038429639,-0.007417242585,8,8,-0.0029922905
2018-09-27,0.00546024195,0.00546024195,0,0,0.005101812338,0.000358429612,1.031173119,-0.006489751667,8,8,0.002794715537
2018-09-28,0.001694446672,0.001694446672,0,0,-0.000431717622,0.002126164294,1.030290864,-0.001023918872,8,8,0.0001029309712
2018-10-01,0.002727318463,0.002179848636,0.000547469827,0.547469827,0.005255762728,-0.002528444265,1.025994489,0.0006693935491,8,8,0.003474388937
2018-10-02,-0.005199196988,-0.005199196988,0,0,-0.004761097195,-0.000438099793,1,0,8,8,-0.0005831564927
2018-10-03,-0.0008316605161,-0.0008316605161,0,0,0.0006024633179,-0.001434123834,1.000880779,-0.005226369915,8,8,0.0005491318867
2018-10-04,-0.0099017359,-0.0099017359,0,0,-0.009731239327,-0.0001704965728,1.003752147,-0.006063072849,8,8,-0.007815600478
2018-10-05,-0.001734816881,-0.001734816881,0,0,-0.004129702851,0.002394885969,1.004134075,-0.01612446898,8,8,-0.005597391808
2018-10-08,-0.005352349606,-0.005352349606,0,0,-0.004203210996,-0.001149138609,0.9993431633,-0.0178903223,8,8,0
2018-10-09,0.007495224821,0.007495224821,0,0,0.004716643776,0.002778581045,1.001650273,-0.02336774424,8,8,-0.001458741466
2018-10-10,-0.01305458816,-0.01305458816,0,0,-0.02836017352,0.01530558536,0.9961221765,-0.01575443638,8,8,-0.03166342052
2018-10-11,0.004312709487,0.004312709487,0,0,-0.006113683789,0.01042639328,0.9650548107,-0.02919008913,8,8,-0.02202670465
2018-10-12,0.01205067969,0.01205067969,0,0,0.0159377282,-0.003887048508,0.9444416313,-0.02477055145,8,8,0.0138884345
2018-10-15,-0.00682224512,-0.00682224512,0,0,-0.007682071761,0.0008598266406,0.9527847047,-0.01256841383,8,8,-0.005617422864
2018-10-16,0.008685910904,0.008685910904,0,0,0.01336908764,-0.004683176738,0.950728912,-0.01952385548,8,8,0.02186647253
2018-10-17,-0.001702526975,-0.001702526975,0,0,0.001540306531,-0.003242833506,0.9604388897,-0.01074461778,8,8,0.0001780511076
2018-10-18,-0.0009733731675,-0.0009733731675,0,0,-0.009437353885,0.008463980717,0.9668681488,-0.0124683725,8,8,-0.01444104474
2018-10-19,-0.005296431144,-0.005296431144,0,0,-0.003467514948,-0.001828916196,0.9498914131,-0.01345484225,8,8,-0.0005424422414
2018-10-22,0.009473962071,0.009473962071,0,0,0.002533820194,0.006940141877,0.9533019122,-0.01885111703,8,8,-0.004488523346
2018-10-23,-0.002444231742,-0.002444231742,0,0,-0.005026830589,0.002582598846,0.9399901594,-0.009289149909,8,8,-0.005091126282
2018-10-24,-0.01440830784,-0.01440830784,0,0,-0.02181117937,0.007402871528,0.9346652685,-0.01176213103,8,8,-0.03029856499
2018-10-25,0.01083643677,0.01083643677,0,0,0.01541107986,-0.004574643097,0.9186879565,-0.02655302299,8,8,0.01794058891
2018-10-26,-0.002902021209,-0.002902021209,0,0,-0.01040919132,0.00750717011,0.9286108468,-0.01554810022,8,8,-0.01758704478
2018-10-29,-0.01350089428,-0.01350089428,0,0,-0.01033516611,-0.003165728166,0.913345032,-0.01850381991,8,8,-0.005540682778
2018-10-30,-0.00491272201,-0.00491272201,0,0,0.005415583925,-0.01032830594,0.9185772078,-0.03244271991,8,8,0.01481850514
2018-10-31,0.006834959787,0.006834959787,0,0,0.01165997129,-0.004825011501,0.9389338185,-0.03753986485,8,8,0.01068104885
2018-11-01,0.004478341664,0.003834231785,0.0006441098785,0.6441098785,0.006841161183,-0.002362819519,0.9489328832,-0.03049646296,8,8,0.01064158091
2018-11-02,-0.009304442158,-0.009304442158,0,0,-0.008128340439,-0.001176101719,1,0,8,8,-0.005922837141
2018-11-05,-0.00808832418,-0.00808832418,0,0,-0.001452268221,-0.006636055959,1.002374295,-0.009391827877,8,8,0.005517176102
2018-11-06,-0.003992033367,-0.003992033367,0,0,-0.0009353593855,-0.003056673981,1.015773992,-0.01762269009,8,8,0.006327943825
2018-11-07,0.008639643435,0.008639643435,0,0,0.01778040234,-0.009140758901,1.021975065,-0.02170135599,8,8,0.02140869189
2018-11-08,-0.001865788951,-0.001865788951,0,0,-0.002701153962,0.0008353650112,1.03991176,-0.01294983064,8,8,-0.001814987407
2018-11-09,-0.003883896565,-0.003883896565,0,0,-0.007498189013,0.003614292447,1.038312513,-0.01484331408,8,8,-0.009768096772
2018-11-12,-0.007037933232,-0.007037933232,0,0,-0.01655450696,0.009516573729,1.031205125,-0.01880022879,8,8,-0.01868553095
2018-11-13,0.004165618299,0.004165618299,0,0,0.002037299881,0.002128318418,1.012258251,-0.02602129818,8,8,-0.001870999303
2018-11-14,-0.004568645101,-0.004568645101,0,0,-0.006972644518,0.002403999418,1.00796842,-0.02176501514,8,8,-0.006836951105
2018-11-15,0.0007109720193,0.0007109720193,0,0,0.006875519615,-0.006164547595,1.003174927,-0.02645452156,8,8,0.01043717447
2018-11-16,-0.01133150005,-0.01133150005,0,0,-0.009048365091,-0.002283134955,1.015493007,-0.0257252596,8,8,0.00260056483
2018-11-19,-0.01332039517,-0.01332039517,0,0,-0.0195015623,0.00618116713,1.020289183,-0.03748148105,8,8,-0.01691485661
2018-11-20,0.001211575772,0.001211575772,0,0,-0.007547916452,0.008759492225,1.008033863,-0.05148771291,8,8,-0.01850611694
2018-11-21,0.002328817893,0.002328817893,0,0,0.002134370306,0.0001944475877,0.990526357,-0.05021529749,8,8,0.003407664504
2018-11-23,0.002478254577,0.002478254577,0,0,-0.003371634418,0.005849888995,0.9901603765,-0.04777521981,8,8,-0.00667869994
2018-11-26,0.003682702647,0.003682702647,0,0,0.01239023448,-0.008707531829,0.9785138467,-0.04518498534,8,8,0.01614415953
2018-11-27,0.001034855499,0.001034855499,0,0,0.002406997946,-0.001372142447,0.995943848,-0.04135000293,8,8,0.003364671126
2018-11-28,0.01111228763,0.01111228763,0,0,0.02038532947,-0.00927304184,0.998689489,-0.04027347021,8,8,0.02302537084
2018-11-29,-0.001321908476,-0.001321908476,0,0,-0.001073185969,-0.000248722507,1.017046151,-0.02884069647,8,8,-0.00218508783
2018-11-30,0.0004459982055,0.0004459982055,0,0,0.007152969672,-0.006706971466,1.017566818,-0.03020252992,8,8,0.006095274594
2018-12-03,0.008703750299,0.007395181689,0.001308568609,1.308568609,0.01022342568,-0.001519675384,1.030966949,-0.02974326627,8,8,0.01324143925
2018-12-04,0.01875007979,0.01875007979,0,0,-0.007984534165,0.02673461395,1,0,8,8,-0.03240258227
2018-12-06,-0.0005020164762,-0.0005020164762,0,0,0.0003880904057,-0.0008901068819,0.9475148724,0.01840498485,8,8,-0.001517076522
2018-12-07,0.006701374122,0.006701374122,0,0,-0.00833179787,0.01503317199,0.9492696187,0.01791196048,8,8,-0.02323610402
2018-12-10,-0.00350517493,-0.00350517493,0,0,0.003472428545,-0.006977603475,0.9197411195,0.02444948942,8,8,0.00189706854
2018-12-11,0.001732364759,0.001732364759,0,0,0.0002937628455,0.001438601914,0.933463103,0.02101798621,8,8,0.000227328926
2018-12-12,-0.004935333335,-0.004935333335,0,0,0.001017879082,-0.005953212417,0.9307059417,0.02271100722,8,8,0.005035305272
2018-12-13,0.005822273219,0.005822273219,0,0,0.006147060728,-0.0003247875086,0.9423277347,0.01786383788,8,8,-0.0003389170411
2018-12-14,-0.006765576358,-0.006765576358,0,0,-0.01366846055,0.006902884192,0.9433073896,0.02354900237,8,8,-0.01846469862
2018-12-17,-0.004315658342,-0.004315658342,0,0,-0.01106477602,0.006749117675,0.9290214102,0.01689774903,8,8,-0.01961847495
2018-12-18,-0.006958582947,-0.006958582947,0,0,-0.002986934827,-0.00397164812,0.9151570215,0.01263662605,8,8,-0.001096470748
2018-12-19,0.008563508382,0.008563508382,0,0,-0.005609081961,0.01417259034,0.9225614552,0.0057178311,8,8,-0.01497585587
2018-12-20,-0.005701952022,-0.005701952022,0,0,-0.008102171854,0.002400219832,0.8951144627,0.01416007952,8,8,-0.01627802807
2018-12-21,0.00607348032,0.00607348032,0,0,-0.003455703996,0.009529184316,0.8896850123,0.008506631907,8,8,-0.02048922081
2018-12-24,-0.004530311418,-0.004530311418,0,0,-0.01619847256,0.01166816114,0.8714076468,0.01449209477,8,8,-0.02642301211
2018-12-26,-0.005149465783,-0.005149465783,0,0,0.02250028852,-0.0276497543,0.8473799079,0.01000711872,8,8,0.05052489345
2018-12-27,-0.0009481826999,-0.0009481826999,0,0,0.002617292928,-0.003565475628,0.9021756735,0.004882796734,8,8,0.007677075868
2018-12-28,0.002530471398,0.002530471398,0,0,0.003393711104,-0.0008632397054,0.9092205493,0.003938348307,8,8,-0.001289842069
2018-12-31,0.001004888285,0.001004888285,0,0,0.005238429775,-0.004233541491,0.9111718059,0.00645249186,8,8,0.008758900761
2019-01-02,-0.006156164384,-0.00704015796,0.0008839935763,0.8839935763,-0.006274649495,0.0001184851113,0.9197195617,0.007449893833,8,8,0.001040396656
2019-01-03,0.003077022043,0.003077022043,0,0,-0.008119033055,0.0111960551,1,0,8,8,-0.02386300509
2019-01-04,-0.0110796004,-0.0110796004,0,0,0.01055822893,-0.02163782933,0.9776765795,0.003067583023,8,8,0.03349588447
2019-01-07,-0.01019441649,-0.01019441649,0,0,0.0008813293352,-0.01107574582,1.021186981,-0.008101781884,8,8,0.0078848203
2019-01-08,0.001137329225,0.001137329225,0,0,0.004220300995,-0.003082971769,1.043784834,-0.01848463847,8,8,0.009395327106
2019-01-09,-0.006501776917,-0.006501776917,0,0,-0.002296325398,-0.004205451519,1.049894031,-0.01732760206,8,8,0.004673401931
2019-01-10,-0.00309489338,-0.00309489338,0,0,-0.00131995637,-0.001774937011,1.058686501,-0.02398532622,8,8,0.003527559476
2019-01-11,-0.001171757417,-0.001171757417,0,0,0.002794898434,-0.003966655851,1.062429588,-0.02716429018,8,8,0.0003861002589
2019-01-14,-0.00371297769,-0.00371297769,0,0,-0.003550310142,-0.0001626675475,1.070445445,-0.02836928952,8,8,-0.006100993429
2019-01-15,-0.003217241615,-0.003217241615,0,0,0.00550941367,-0.008726655285,1.071034529,-0.0322018319,8,8,0.01146088514
2019-01-16,-0.006495597228,-0.006495597228,0,0,-0.0003162185484,-0.00617937868,1.088773446,-0.03553339302,8,8,0.002419877271
2019-01-17,-0.001192067058,-0.001192067058,0,0,0.002447421474,-0.003639488532,1.101793412,-0.04230377856,8,8,0.007586866329
2019-01-18,-0.001583336824,-0.001583336824,0,0,0.005147203172,-0.006730539996,1.109202566,-0.04354775746,8,8,0.01331006578
2019-01-22,0.01127951336,0.01127951336,0,0,-0.001921188115,0.01320070147,1.122858172,-0.04520266533,8,8,-0.01351079988
2019-01-23,0.008386664188,0.008386664188,0,0,0.004314330413,0.004072333775,1.095380918,-0.03354478314,8,8,0.002092696935
2019-01-24,-0.01219341842,-0.01219341842,0,0,-0.00498733324,-0.007206085175,1.086510715,-0.02494888107,8,8,0.0005314386738
2019-01-25,-0.00974598459,-0.00974598459,0,0,-0.001547541467,-0.008198443122,1.10216867,-0.03760078154,8,8,0.008461353114
2019-01-28,0.01217440622,0.01217440622,0,0,-0.00205194378,0.01422635,1.119732467,-0.04781274844,8,8,-0.007600341703
2019-01-29,0.008502954306,0.008502954306,0,0,0.002590396154,0.005912558151,1.090181857,-0.03520968521,8,8,-0.001326801566
2019-01-30,-0.008711987976,-0.008711987976,0,0,0.003163558027,-0.011875546,1.077696094,-0.02648155941,8,8,0.01583061721
2019-01-31,-0.007454616964,-0.007454616964,0,0,0.004477464347,-0.01193208131,1.10233876,-0.03550284777,8,8,0.008782876104
2019-02-01,-0.000600207574,-0.001481435404,0.0008812278304,0.8812278304,0.001398934115,-0.001999141689,1.127150783,-0.04328010132,8,8,0.000481319745
2019-02-04,-0.006646647882,-0.006646647882,0,0,0.002439070708,-0.00908571859,1,0,8,8,0.007035433152
2019-02-05,-0.002284251064,-0.002284251064,0,0,0.001158577119,-0.003442828183,1.018293024,-0.00669112141,8,8,0.004191668631
2019-02-06,0.0005913414631,0.0005913414631,0,0,0.0009717427432,-0.0003804012801,1.025236327,-0.008995921417,8,8,-0.001318274595
2019-02-07,0.005607748144,0.005607748144,0,0,-0.003979477102,0.009587225246,1.025981765,-0.008399612914,8,8,-0.009532786578
2019-02-08,0.001611507166,0.001611507166,0,0,0.00216845121,-0.0005569440442,1.006769354,-0.002776296001,8,8,0.001221717206
2019-02-11,0.002180799594,0.002180799594,0,0,0.0009340194217,0.001246780172,1.007870559,-0.00116291479,8,8,0.0005542699948
2019-02-12,-0.005933439672,-0.005933439672,0,0,0.003542967303,-0.009476406975,1.005365298,0.001015669832,8,8,0.01285951653
2019-02-13,0.0006679624626,0.0006679624626,0,0,0.0004356393817,0.0002323230809,1.024463263,-0.004947123298,8,8,0.003247165614
2019-02-14,-0.0002414285998,-0.0002414285998,0,0,-0.0001009383117,-0.0001404902881,1.023982597,-0.004276304424,8,8,-0.002218164523
2019-02-15,0.0008697461558,0.0008697461558,0,0,0.005229344915,-0.004359598759,1.024269437,-0.004518823997,8,8,0.0108973403
2019-02-19,0.001324584405,0.001324584405,0,0,0.00197367073,-0.0006490863245,1.032959968,-0.003645906828,8,8,0.001730414368
2019-02-20,-0.004774568413,-0.004774568413,0,0,-0.002103459996,-0.002671108417,1.034212823,-0.002318251703,8,8,0.002015155472
2019-02-21,0.002503658659,0.002503658659,0,0,-0.001481827678,0.003985486337,1.039744804,-0.007126847738,8,8,-0.003555484651
2019-02-22,-0.0001537792801,-0.0001537792801,0,0,0.002719810723,-0.002873590003,1.031694479,-0.004611643099,8,8,0.00620000032
2019-02-25,-0.003777996775,-0.003777996775,0,0,0.0001531810839,-0.003931177859,1.037447418,-0.004766155315,8,8,0.001361181625
2019-02-26,-0.0004383939198,-0.0004383939198,0,0,-0.000608139386,0.0001697454661,1.045481603,-0.008576554285,8,8,-0.0007153636721
2019-02-27,0.001968341502,0.001968341502,0,0,0.001356524762,0.0006118167398,1.045161911,-0.009018902036,8,8,-0.0004299040789
2019-02-28,0.00836350601,0.00836350601,0,0,0.004386878332,0.003976627678,1.043851961,-0.007036709886,8,8,-0.001862273047
2019-03-01,-0.009734477694,-0.01053008328,0.0007956055839,0.7956055839,-0.005719950919,-0.004014526775,1.035600957,0.001315791494,8,8,0.00624382468
2019-03-04,-0.003110347338,-0.003110347338,0,0,-0.001642525764,-0.001467821573,1,0,8,8,-0.003637356544
2019-03-05,-0.0003749226196,-0.0003749226196,0,0,0.0009203681337,-0.001295290753,1.002944803,-0.003120051782,8,8,-0.001360586412
2019-03-06,0.001748999877,0.001748999877,0,0,-0.002702163838,0.004451163715,1.00553746,-0.003496285238,8,8,-0.006056491718
2019-03-07,0.003491444736,0.003491444736,0,0,-0.003646601905,0.007138046641,0.9966410076,-0.001744234695,8,8,-0.008365419513
2019-03-08,-0.001809175693,-0.001809175693,0,0,-0.001008684059,-0.0008004916336,0.982426272,0.001741130979,8,8,-0.0020003023
2019-03-11,-0.009453102961,-0.009453102961,0,0,0.003108549789,-0.01256165275,0.9839983054,-6.816804226e-05,8,8,0.01450125699
2019-03-12,-0.005552267747,-0.005552267747,0,0,-0.002415774117,-0.00313649363,1.009208661,-0.00961213551,8,8,0.003771283881
2019-03-13,-0.002338213616,-0.002338213616,0,0,0.003160994656,-0.005499208271,1.015568087,-0.01524907018,8,8,0.006619181394
2019-03-14,0.000400496224,0.000400496224,0,0,-0.001007752752,0.001408248977,1.026628767,-0.017628503,8,8,-0.0006399836257
2019-03-15,0.00564357451,0.00564357451,0,0,0.008053799808,-0.002410225298,1.023802736,-0.01722110978,8,8,0.00494090617
2019-03-18,-0.001810858145,-0.001810858145,0,0,-0.001130291037,-0.0006805671076,1.028462556,-0.01151256327,8,8,0.003625583004
2019-03-19,-0.001846820792,-0.001846820792,0,0,0.001804149991,-0.003650970783,1.029877795,-0.01334759201,8,8,0.0002479982398
2019-03-20,-0.0003293439679,-0.0003293439679,0,0,5.12847724e-05,-0.0003806287403,1.037248528,-0.01522252608,8,8,-0.003009999073
2019-03-21,-0.007615339202,-0.007615339202,0,0,0.002179630773,-0.009794969974,1.038022308,-0.01555699365,8,8,0.01129458278
2019-03-22,0.007525048929,0.007525048929,0,0,-0.005333899499,0.01285894843,1.058054351,-0.02335015218,8,8,-0.01924636127
2019-03-25,0.003457294241,0.003457294241,0,0,0.001068261553,0.002389032689,1.032094938,-0.015706908,8,8,-0.0007518358496
2019-03-26,0.0006155347842,0.0006155347842,0,0,0.004181076277,-0.003565541493,1.027222756,-0.01220740915,8,8,0.007453905593
2019-03-27,0.0005726093309,0.0005726093309,0,0,-0.001585138044,0.002157747375,1.034332706,-0.01158474355,8,8,-0.005229353098
2019-03-28,0.002169291658,0.002169291658,0,0,0.003579559339,-0.001410267681,1.030000033,-0.01100583218,8,8,0.003790603656
2019-03-29,-0.0001246059172,-0.0001246059172,0,0,0.003785897486,-0.003910503404,1.032749525,-0.008817412982,8,8,0.006305793825
2019-04-01,-0.005796888792,-0.006491051282,0.0006941624901,0.6941624901,0.002193311608,-0.0079902004,1.040575588,-0.008943133266,8,8,0.01185923826
2019-04-02,-0.001642347404,-0.001642347404,0,0,-0.0001698720359,-0.001472475369,1,0,8,8,0.0004898041247
2019-04-03,-0.00263792474,-0.00263792474,0,0,0.001220373278,-0.003858298018,1.002949795,-0.001645049147,8,8,0.001573803249
2019-04-04,-0.0001769612841,-0.0001769612841,0,0,0.0006294772093,-0.0008064384934,1.010694603,-0.004294301932,8,8,0.002653272591
2019-04-05,-0.003435360785,-0.003435360785,0,0,0.0006137071269,-0.004049067912,1.012309658,-0.004472054596,8,8,0.004840481602
2019-04-08,-0.00532160694,-0.00532160694,0,0,-0.002471312393,-0.002850294547,1.020478144,-0.007934673848,8,8,0.0007620977874
2019-04-09,0.004391410992,0.004391410992,0,0,-0.002025318892,0.006416729885,1.026318791,-0.01332720292,8,8,-0.005124806533
2019-04-10,-0.004345591768,-0.004345591768,0,0,-0.0003953853411,-0.003950206426,1.013426371,-0.008896722765,8,8,0.00341108511
2019-04-11,0.001364559246,0.001364559246,0,0,0.0002370524553,0.00112750679,1.021419866,-0.01330011139,8,8,-0.0002774492109
2019-04-12,0.001312433907,0.001312433907,0,0,0.00514509705,-0.003832663144,1.019138736,-0.01191928757,8,8,0.006766100792
2019-04-15,0.004413744891,0.004413744891,0,0,-0.0006549213642,0.005068666255,1.02676893,-0.01059295111,8,8,-0.0006556168136
2019-04-16,-0.0008735783643,-0.0008735783643,0,0,0.001152028601,-0.002025606965,1.016558512,-0.006152052631,8,8,0.000656046929
2019-04-17,-0.006008659961,-0.006008659961,0,0,-0.003877443836,-0.002131216125,1.020627746,-0.007031773801,8,8,-0.002447121068
2019-04-18,0.001558988684,0.001558988684,0,0,0.0008778422701,0.0006811464142,1.025040639,-0.01311926295,8,8,0.001968741852
2019-04-22,-0.004126725434,-0.004126725434,0,0,-0.001959545989,-0.002167179446,1.02364149,-0.01154227998,8,8,0.0008622817829
2019-04-23,-0.003179950749,-0.003179950749,0,0,-0.0001266082015,-0.003053342548,1.028091775,-0.01573393505,8,8,0.008991807599
2019-04-24,0.006140026165,0.006140026165,0,0,0.0008849878769,0.005255038288,1.034307557,-0.01897422289,8,8,-0.002219482321
2019-04-25,0.00351674279,0.00351674279,0,0,0.0007610299008,0.002755712889,1.023652255,-0.01275587532,8,8,-0.0006159894831
2019-04-26,0.003208789798,0.003208789798,0,0,0.001610540425,0.001598249372,1.018077256,-0.009206754741,8,8,0.00465649456
2019-04-29,-0.001772636052,-0.001772636052,0,0,-0.0005566835547,-0.001215952497,1.014833161,-0.005978780294,8,8,0.001567813429
2019-04-30,0.00646319742,0.00646319742,0,0,0.005403836779,0.001059360642,1.017295725,-0.007765181186,8,8,0.0005103829294
2019-05-01,-0.002810107534,-0.003714536234,0.0009044287005,0.9044287005,-0.003610775722,0.0008006681889,1.015079541,-0.001293622826,8,8,-0.007516568298
2019-05-02,-0.003756563468,-0.003756563468,0,0,-0.002579453466,-0.001177110002,1,0,8,8,-0.002158485064
2019-05-03,-0.001512367968,-0.001512367968,0,0,0.003965018977,-0.005477386945,1.002363097,-0.003770728449,8,8,0.009787674955
2019-05-06,-0.0056207528,-0.0056207528,0,0,-0.006015681232,0.000394928432,1.013338043,-0.005291098504,8,8,-0.004115494442
2019-05-07,0.002845336392,0.002845336392,0,0,-0.007918709806,0.0107640462,1.012619115,-0.01097353081,8,8,-0.01669946872
2019-05-08,-0.002838765652,-0.002838765652,0,0,-0.002539845352,-0.0002989202993,0.9911162998,-0.008105132588,8,8,-0.00138933468
2019-05-09,0.002339113145,0.002339113145,0,0,-0.001092072867,0.003431186013,0.9916905519,-0.01097505385,8,8,-0.00302551685
2019-05-10,0.003186585586,0.003186585586,0,0,0.002949110776,0.00023747481,0.9848635856,-0.008615787398,8,8,0.005023194181
2019-05-13,0.005966959391,0.005966959391,0,0,-0.01054117954,0.01650813893,0.9844382249,-0.005411956151,8,8,-0.02513013938
2019-05-14,-0.001297636992,-0.001297636992,0,0,0.004250658417,-0.005548295409,0.951710091,0.000551711202,8,8,0.009043775159
2019-05-15,0.003565583528,0.003565583528,0,0,0.003402911794,0.0001626717336,0.9627583557,-0.0007468949885,8,8,0.005857157504
2019-05-16,0.004249846975,0.004249846975,0,0,0.005939166672,-0.001689319697,0.9625664845,0.002808673977,8,8,0.009261596983
2019-05-17,0.0030241199,0.0030241199,0,0,-0.003400503791,0.00642462369,0.9660892395,0.007028650264,8,8,-0.006465014747
2019-05-20,-0.002420776996,-0.002420776996,0,0,-0.005983903031,0.003563126035,0.9533809736,0.01002246104,8,8,-0.006612478799
2019-05-21,-0.001585402986,-0.001585402986,0,0,0.003589061828,-0.005174464814,0.9461243005,0.007620130681,8,8,0.009015752628
2019-05-22,0.007995959013,0.007995959013,0,0,0.0001833020674,0.007812656945,0.9564041131,0.006044310363,8,8,-0.003071495549
2019-05-23,0.003793142801,0.003793142801,0,0,-0.00506785016,0.008860992961,0.9412485732,0.01392889451,8,8,-0.0122182427
2019-05-24,0.0003554947396,0.0003554947396,0,0,-0.0002802358436,0.0006357305832,0.9238155657,0.01765506911,8,8,0.002267855131
2019-05-28,-0.0002125036876,-0.0002125036876,0,0,-0.004638706045,0.004426202358,0.9225716299,0.01800416346,8,8,-0.009300419767
2019-05-29,-0.003622720007,-0.003622720007,0,0,-0.005200886011,0.001578166005,0.9137008863,0.01779544137,8,8,-0.006710292641
2019-05-30,0.004730484256,0.004730484256,0,0,0.002778168147,0.001952316109,0.910219304,0.01422425185,8,8,0.002730737593
2019-05-31,-0.002365974233,-0.002365974233,0,0,-0.007919455486,0.005553481253,0.9067557621,0.01886549319,8,8,-0.01347518486
2019-06-03,0.004663990187,0.003428885984,0.001235104203,1.235104203,0.001683073929,0.002980916258,0.8954013219,0.01653864897,8,8,-0.002542909241
2019-06-04,0.007003873321,0.007003873321,0,0,0.01767292993,-0.01066905661,1,0,8,8,0.02170672645
2019-06-05,0.006417435119,0.006417435119,0,0,0.008134231746,-0.001716796627,1.021189703,0.00695516026,8,8,0.008662080548
2019-06-06,-0.001374363122,-0.001374363122,0,0,0.004818672428,-0.00619303555,1.024466286,0.01328732483,8,8,0.006502676475
2019-06-07,0.005950536821,0.005950536821,0,0,0.009276001082,-0.003325464261,1.036903075,0.01192935698,8,8,0.01000723589
2019-06-10,-0.004015650864,-0.004015650864,0,0,0.0006521584469,-0.004667809311,1.043296367,0.0177741282,8,8,0.004588747267
2019-06-11,0.0005022673564,0.0005022673564,0,0,0.001461938486,-0.00095967113,1.052844189,0.01381394933,8,8,-0.0002421233797
2019-06-12,-0.003650321059,-0.003650321059,0,0,-0.004436533133,0.0007862120744,1.054736039,0.01430902973,8,8,-0.001765342319
2019-06-13,-0.0004000415198,-0.0004000415198,0,0,0.001782990458,-0.002183031978,1.053358391,0.01069775892,8,8,0.004125670726
2019-06-14,-0.006659838071,-0.006659838071,0,0,-0.006328150649,-0.0003316874218,1.057747556,0.01030183857,8,8,-0.001104619345
2019-06-17,0.004157189156,0.004157189156,0,0,0.007171968127,-0.003014778972,1.058802546,0.003666418249,8,8,0.0003801988494
2019-06-18,0.006118284571,0.006118284571,0,0,0.00733509115,-0.001216806579,1.064563701,0.007791217838,8,8,0.01047109603
2019-06-19,0.003769544525,0.003769544525,0,0,0.005764495778,-0.001994951253,1.066589898,0.01382491763,8,8,0.002257276823
2019-06-20,0.006209880466,0.006209880466,0,0,0.007754650634,-0.001544770168,1.070314746,0.01752838811,8,8,0.009554638772
2019-06-21,-0.002027878769,-0.002027878769,0,0,-0.001004837227,-0.001023041542,1.072951267,0.02359176653,8,8,-0.001453577641
2019-06-24,0.001372080209,0.001372080209,0,0,0.0006709865146,0.0007010936941,1.075149745,0.02160770557,8,8,-0.001224497914
2019-06-25,0.002416299211,0.002416299211,0,0,-0.01180593877,0.01422223798,1.073646509,0.02294829887,8,8,-0.009808338498
2019-06-26,0.001475944201,0.001475944201,0,0,0.00395659631,-0.002480652109,1.045093075,0.02530345736,8,8,-0.0009973964233
2019-06-27,0.0008530548666,0.0008530548666,0,0,0.004070205545,-0.003217150678,1.04998061,0.02673993491,8,8,0.003546154171
2019-06-28,-0.00161923793,-0.00161923793,0,0,-9.618220728e-05,-0.001523055722,1.056366828,0.0275694715,8,8,0.005145813709
2019-07-01,0.005058720045,0.004233677633,0.0008250424126,0.8250424126,0.009125235044,-0.004066514999,1.059509299,0.02599232132,8,8,0.009078438898
2019-07-02,0.006391784199,0.006391784199,0,0,0.003227713498,0.003164070701,1,0,8,8,0.002604440261
2019-07-03,0.001999754665,0.001999754665,0,0,0.004865510466,-0.002865755801,0.9937120498,0.006351188771,8,8,0.007994845243
2019-07-05,0.002872255376,0.002872255376,0,0,-0.001079751887,0.003952007263,0.9994446719,0.008334276926,8,8,-0.001137522204
2019-07-08,0.002728325517,0.002728325517,0,0,-0.002360278003,0.00508860352,0.9915648852,0.01117443647,8,8,-0.005495112178
2019-07-09,0.004217063019,0.004217063019,0,0,0.003544177577,0.0006728854417,0.9814383205,0.01386493393,8,8,0.001246685148
2019-07-10,0.0003431735933,0.0003431735933,0,0,0.004705691664,-0.004362518071,0.980176148,0.01800606424,8,8,0.004778089301
2019-07-11,-0.004267938021,-0.004267938021,0,0,-0.0005750192414,-0.003692918779,0.9889049917,0.01834294302,8,8,0.002344066227
2019-07-12,-0.004742156888,-0.004742156888,0,0,0.003235961257,-0.007978118145,0.9962749309,0.01413533373,8,8,0.00447695107
2019-07-15,-0.004143400492,-0.004143400492,0,0,-0.001334838434,-0.002808562058,1.012289446,0.009437933001,8,8,0.0003325462996
2019-07-16,0.001102389084,0.001102389084,0,0,-0.002478846346,0.00358123543,1.017981073,0.005316561151,8,8,-0.003225233649
2019-07-17,-0.003046450329,-0.003046450329,0,0,-0.006076335212,0.003029884883,1.010806689,0.006411881846,8,8,-0.006804737531
2019-07-18,-0.004161446254,-0.004161446254,0,0,-0.004204595893,4.314963916e-05,1.004761424,0.003375715467,8,8,0.003660952792
2019-07-19,-0.008019534078,-0.008019534078,0,0,-0.006156418921,-0.001863115157,1.004694661,-0.0007890142269,8,8,-0.005554815331
2019-07-22,0.003820656679,0.003820656679,0,0,0.003753491713,6.716496522e-05,1.008488969,-0.008879759842,8,8,0.002455969583
2019-07-23,-0.00234137273,-0.00234137273,0,0,0.001872773149,-0.004214145879,1.008322841,-0.005039847635,8,8,0.007150394162
2019-07-24,-0.0004804738743,-0.0004804738743,0,0,0.002420213521,-0.002900687395,1.016790445,-0.007398543113,8,8,0.004699176864
2019-07-25,0.00844113073,0.00844113073,0,0,-0.001306691356,0.009747822086,1.02260268,-0.007882804469,8,8,-0.004776767604
2019-07-26,-0.00176688971,-0.00176688971,0,0,0.001066370398,-0.002833260108,1.003081028,0.0005536528057,8,8,0.006700036155
2019-07-29,0.0001628511041,0.0001628511041,0,0,-0.00112373522,0.001286586325,1.008763032,-0.001215384355,8,8,-0.001821439399
2019-07-30,-0.002397711248,-0.002397711248,0,0,-0.00329986819,0.0009021569412,1.006188851,-0.001052361872,8,8,-0.00245476886
2019-07-31,-0.002631296576,-0.002631296576,0,0,-0.007988073001,0.005356776425,1.004395076,-0.003458365282,8,8,-0.01094022843
2019-08-01,0.005848695169,0.004973089998,0.0008756051709,0.8756051709,-0.002325918503,0.008174613671,0.9936648532,-0.006105727839,8,8,-0.008707988512
2019-08-02,-0.002172758498,-0.002172758498,0,0,-0.005449177953,0.003276419455,1,0,8,8,-0.007529541076
2019-08-05,-0.001415995432,-0.001415995432,0,0,-0.01508226999,0.01366627456,0.9934328924,-0.002177489657,8,8,-0.03007267633
2019-08-06,0.003522254764,0.003522254764,0,0,0.00717865462,-0.003656399856,0.9660522734,-0.003598580663,8,8,0.01402250188
2019-08-07,0.001492369816,0.001492369816,0,0,-0.0006687534933,0.00216112331,0.9734585588,-7.605800294e-05,8,8,0.0005906170921
2019-08-08,0.001866639851,0.001866639851,0,0,0.01054647637,-0.008679836521,0.9691823036,0.001414201302,8,8,0.0196201765
2019-08-09,0.0004110834023,0.0004110834023,0,0,-0.002011735393,0.002422818796,0.9865670511,0.003274728415,8,8,-0.006811201963
2019-08-12,0.003443046853,0.003443046853,0,0,-0.006091669122,0.009534715975,0.9817289245,0.003684297264,8,8,-0.01217384088
2019-08-13,0.002516690978,0.002516690978,0,0,0.008900667089,-0.006383976112,0.9627876165,0.007102888538,8,8,0.01555203037
2019-08-14,0.002444092186,0.002444092186,0,0,-0.01594969717,0.01839378936,0.9756169334,0.009595430782,8,8,-0.02956758456
2019-08-15,0.001077344953,0.001077344953,0,0,0.0003771348699,0.0007002100835,0.9389784968,0.01201016901,8,8,0.002641604993
2019-08-16,0.0004779914892,0.0004779914892,0,0,0.007449639463,-0.006971647974,0.9376452542,0.01307342937,8,8,0.01475510611
2019-08-19,-0.005775499518,-0.005775499518,0,0,0.003394107639,-0.009169607157,0.9516116794,0.01354494649,8,8,0.01204789812
2019-08-20,0.001234796531,0.001234796531,0,0,-0.004644375927,0.005879172458,0.969776337,0.007814580074,8,8,-0.007662753738
2019-08-21,0.00147824291,0.00147824291,0,0,0.003766178632,-0.002287935723,0.9580697673,0.009038216247,8,8,0.008135553724
2019-08-22,-0.004449673455,-0.004449673455,0,0,-0.002612031931,-0.001837641524,0.9627007761,0.01050093622,8,8,-0.0003076603379
2019-08-23,-0.00306130318,-0.00306130318,0,0,-0.01488083038,0.0118195272,0.9662257749,0.006078309258,8,8,-0.02568771744
2019-08-26,0.0006172983114,0.0006172983114,0,0,0.006296530051,-0.005679231739,0.9424104213,0.00302627041,8,8,0.01105873656
2019-08-27,0.004979649145,0.004979649145,0,0,-0.0004081964882,0.005387845633,0.9537974056,0.00364132094,8,8,-0.003923484137
2019-08-28,-0.004151663792,-0.004151663792,0,0,0.001359970192,-0.005511633985,0.9433040403,0.008578253393,8,8,0.00704133417
2019-08-29,0.00134114794,0.00134114794,0,0,0.00813465888,-0.006793510939,0.9541369001,0.004445043928,8,8,0.01277255819
2019-08-30,-0.00186419302,-0.00186419302,0,0,2.563743296e-05,-0.001889830453,0.967767151,0.005778442123,8,8,-0.000443957089
2019-09-03,0.0008126282982,-0.0001833053596,0.0009959336578,0.9959336578,-0.005984789374,0.006797417672,0.9714936706,0.003921559647,8,8,-0.005847511193
2019-09-04,0.001903416567,0.001903416567,0,0,0.005273514109,-0.003370097542,1,0,8,8,0.01135075852
2019-09-05,-0.00421707002,-0.00421707002,0,0,0.003920797128,-0.008137867147,1.00672739,0.001899800456,8,8,0.0128554237
2019-09-06,-0.0003015276831,-0.0003015276831,0,0,0.0004349156132,-0.0007364432963,1.023100541,-0.002327083036,8,8,0.0007723058499
2019-09-09,-0.009127194954,-0.009127194954,0,0,-0.003508663923,-0.005618531031,1.024580839,-0.002629403557,8,8,0.0005030572978
2019-09-10,-0.01330028435,-0.01330028435,0,0,-0.005510930182,-0.007789354171,1.03614783,-0.01186489169,8,8,-0.0002347402674
2019-09-11,-0.005666185077,-0.005666185077,0,0,0.003944548168,-0.009610733245,1.052423789,-0.02550439171,8,8,0.007111091661
2019-09-12,0.005488298868,0.005488298868,0,0,0.003282769102,0.002205529766,1.072053524,-0.03134820149,8,8,0.003463741374
2019-09-13,-0.006342038574,-0.006342038574,0,0,-0.002635269819,-0.003706768756,1.067273249,-0.02571875044,8,8,-0.0006636797339
2019-09-16,-0.009527329009,-0.009527329009,0,0,-0.003308169427,-0.006219159582,1.075163476,-0.03226541753,8,8,-0.003089237992
2019-09-17,0.002775745863,0.002775745863,0,0,0.003006261409,-0.0002305155462,1.088444435,-0.04219474981,8,8,0.002532288993
2019-09-18,0.005307186872,0.005307186872,0,0,0.000760095212,0.00454709166,1.08865937,-0.03930988968,8,8,0.0005983382439
2019-09-19,0.0001607187452,0.0001607187452,0,0,-0.0008214106571,0.0009821294023,1.079145149,-0.03382319678,8,8,-6.667925415e-05
2019-09-20,0.0004894720537,0.0004894720537,0,0,-0.004916713383,0.005406185437,1.077168487,-0.03365706872,8,8,-0.004724663674
2019-09-23,0.004248263379,0.004248263379,0,0,0.0020403559,0.002207907479,1.066323653,-0.03315136999,8,8,-0.000235064865
2019-09-24,0.008344341675,0.008344341675,0,0,-0.002225798661,0.01057014034,1.06164595,-0.02878083803,8,8,-0.007846513938
2019-09-25,-0.0002363782882,-0.0002363782882,0,0,0.004098613696,-0.004334991984,1.040170473,-0.02026737843,8,8,0.00591493797
2019-09-26,-0.001007254092,-0.001007254092,0,0,0.001728772553,-0.002736026645,1.048852004,-0.02050860451,8,8,-0.002083535402
2019-09-27,-0.004517430124,-0.004517430124,0,0,-0.002983985233,-0.00153344489,1.054378831,-0.02153755238,8,8,-0.005387086919
2019-09-30,0.004774440219,0.004774440219,0,0,0.003226428314,0.001548011905,1.057706405,-0.02617321819,8,8,0.004638021985
2019-10-01,0.004868237492,0.004442577204,0.0004256602879,0.4256602879,-0.003864566713,0.008732804204,1.054350887,-0.02129709626,8,8,-0.01189523621
2019-10-02,0.001232360508,0.001232360508,0,0,-0.008516572255,0.009748932763,1,0,8,8,-0.0176642898
2019-10-03,0.000496450567,0.000496450567,0,0,0.003315090375,-0.002818639808,0.9805261333,0.001230843665,8,8,0.008192715754
2019-10-04,0.002461428862,0.002461428862,0,0,0.006493177941,-0.004031749079,0.9861702787,0.001726437141,8,8,0.01353206011
2019-10-07,-0.004359302689,-0.004359302689,0,0,-0.002519516093,-0.001839786597,0.9942479351,0.004177583179,8,8,-0.004314520756
2019-10-08,0.002736023214,0.002736023214,0,0,-0.003900175299,0.006636198514,0.9979184342,-0.0001825151486,8,8,-0.01552493887
2019-10-09,0.001295759283,0.001295759283,0,0,0.005146764689,-0.003851005406,0.9846879313,0.002546540671,8,8,0.009496443615
2019-10-10,-0.006160553815,-0.006160553815,0,0,0.0005766520088,-0.006737205824,0.9923997902,0.003837327702,8,8,0.006763208129
2019-10-11,-0.007484238907,-0.007484238907,0,0,-0.0005723605751,-0.006911878332,1.005910614,-0.002337627192,8,8,0.0103672248
2019-10-14,-0.004367931851,-0.004367931851,0,0,-0.001817339245,-0.002550592606,1.019883182,-0.0098959296,8,8,-0.001113421102
2019-10-15,-0.003135513207,-0.003135513207,0,0,-0.0003863527874,-0.00274916042,1.025093976,-0.01432643836,8,8,0.009900201071
2019-10-16,0.002274380191,0.002274380191,0,0,0.001143893439,0.001130486752,1.030688521,-0.01751687596,8,8,-0.001606241163
2019-10-17,-0.002895457646,-0.002895457646,0,0,0.001022625562,-0.003918083208,1.028363039,-0.01520790721,8,8,0.002949080887
2019-10-18,0.006795325829,0.006795325829,0,0,0.0006266837596,0.006168642069,1.036304323,-0.01815593459,8,8,-0.004377338298
2019-10-21,-0.004709890689,-0.004709890689,0,0,0.0008344996662,-0.005544390355,1.023805274,-0.01128393078,8,8,0.006779374334
2019-10-22,-0.001253872749,-0.001253872749,0,0,-0.0009689878452,-0.0002848849036,1.03505918,-0.01606950709,8,8,-0.003266654053
2019-10-23,-0.001596911471,-0.001596911471,0,0,0.0002187973394,-0.001815708811,1.03567368,-0.01734512842,8,8,0.002909308256
2019-10-24,-0.007067537102,-0.007067537102,0,0,0.0008216090969,-0.007889146199,1.039367965,-0.01897233703,8,8,0.001634094722
2019-10-25,-0.01495207528,-0.01495207528,0,0,-0.001639955822,-0.01331211946,1.055538779,-0.02622522187,8,8,0.004094981528
2019-10-28,-0.00260118781,-0.00260118781,0,0,0.0002404167706,-0.00284160458,1.083410174,-0.04180232871,8,8,0.005636570598
2019-10-29,-0.004006323338,-0.004006323338,0,0,-0.003117397848,-0.0008889254905,1.089325736,-0.04451931963,8,8,-0.0002964000264
2019-10-30,0.005017465109,0.005017465109,0,0,0.005532210024,-0.0005147449154,1.091470045,-0.04872083438,8,8,0.003066963214
2019-10-31,0.002432441985,0.002432441985,0,0,-0.0002552079394,0.002687649924,1.092037739,-0.04348518388,8,8,-0.002663219102
2019-11-01,-0.008608430421,-0.009462994257,0.0008545638353,0.8545638353,-2.652633196e-06,-0.008605777788,1.086452149,-0.04095312579,8,8,0.009264023562
2019-11-04,-0.008789970698,-0.008789970698,0,0,-0.004082813974,-0.004707156723,1,0,8,8,0.004017689792
2019-11-05,-0.003769421047,-0.003769421047,0,0,-0.003001417817,-0.00076800323,1.009497799,-0.00886791945,8,8,-0.001106523916
2019-11-06,0.002736742917,0.002736742917,0,0,0.002312362883,0.0004243800343,1.011075554,-0.01268515619,8,8,0.0002282562624
2019-11-07,-0.003359166198,-0.003359166198,0,0,-0.001076776886,-0.002282389312,1.010198882,-0.009921261333,8,8,0.00351651347
2019-11-08,-0.003076957627,-0.003076957627,0,0,-0.0008541649284,-0.002222792699,1.014813421,-0.01332518906,8,8,0.002466405434
2019-11-11,-0.0005352625898,-0.0005352625898,0,0,-0.00187150782,0.00133624523,1.019318449,-0.01645277116,8,8,-0.001909723527
2019-11-12,0.0001156471541,0.0001156471541,0,0,-0.0001691749347,0.0002848220888,1.016654873,-0.01699713168,8,8,0.002107814068
2019-11-13,0.01155478966,0.01155478966,0,0,0.006141921308,0.005412868351,1.016083369,-0.01687953246,8,8,0.000323597005
2019-11-14,0.006514271302,0.006514271302,0,0,0.001551361097,0.004962910204,1.005197575,-0.005263919318,8,8,0.001455824304
2019-11-15,-0.003374542499,-0.003374542499,0,0,0.001505719114,-0.004880261613,0.9953023566,0.001242259568,8,8,0.007236368023
2019-11-18,0.003773976228,0.003773976228,0,0,0.002852102054,0.0009218741737,1.005080023,-0.002139502774,8,8,0.0007374404472
2019-11-19,-0.008350517866,-0.008350517866,0,0,-0.004992483916,-0.00335803395,1.003224106,0.001628328182,8,8,-0.0002882244308
2019-11-20,-0.001300035936,-0.001300035936,0,0,-0.002021140302,0.0007211043655,1.010023879,-0.006778796143,8,8,-0.003718660174
2019-11-21,-0.005687349576,-0.005687349576,0,0,-0.001832222968,-0.003855126608,1.008592841,-0.008089348523,8,8,-0.001608986071
2019-11-22,-0.0009212329775,-0.0009212329775,0,0,-1.634104672e-05,-0.0009048919308,1.016396346,-0.01385549917,8,8,0.002223701533
2019-11-25,-0.006392048201,-0.006392048201,0,0,7.721535567e-05,-0.006469263557,1.018222918,-0.01479035751,8,8,0.007750377116
2019-11-26,0.007079184724,0.007079184724,0,0,0.004791417531,0.002287767193,1.031361912,-0.02131867571,8,8,0.002265584915
2019-11-27,-0.002161271548,-0.002161271548,0,0,-3.068889721e-05,-0.002130582651,1.026598084,-0.01413939559,8,8,0.004457511757
2019-11-29,0.001083372542,0.001083372542,0,0,-0.0007105970122,0.001793969554,1.030926089,-0.01633597362,8,8,-0.00370859557
2019-12-02,0.003797818952,0.002641946165,0.001155872787,1.155872787,-0.001347372096,0.005145191049,1.027308565,-0.01523609471,8,8,-0.008494673034
2019-12-03,0.003009043629,0.003009043629,0,0,-0.00276074021,0.005769783838,1,0,8,8,-0.006706660627
2019-12-04,0.0003037309004,0.0003037309004,0,0,0.002849911811,-0.002546180911,0.9884950512,0.003000016448,8,8,0.00617024306
2019-12-05,0.002315130929,0.002315130929,0,0,-0.0004111957484,0.002726326678,0.9935893601,0.003302744203,8,8,0.001797808883
2019-12-06,-0.0002260313463,-0.0002260313463,0,0,0.006080780964,-0.00630681231,0.9881641084,0.005604899058,8,8,0.009134439283
2019-12-09,0.003145437989,0.003145437989,0,0,0.001107389165,0.002038048823,1.000777909,0.005380083779,8,8,-0.003144228024
2019-12-10,0.003851616675,0.003851616675,0,0,0.002250912333,0.001600704342,0.996712153,0.008498789352,8,8,-0.001115409393
2019-12-11,0.0002324237051,0.0002324237051,0,0,0.000707387312,-0.0004749636069,0.9935356425,0.01230301951,8,8,0.002839175079
2019-12-12,-0.002127376947,-0.002127376947,0,0,0.004320788405,-0.006448165352,0.9944868511,0.01253253036,8,8,0.008618499744
2019-12-13,0.005098449578,0.005098449578,0,0,0.002968611609,0.002129837969,1.007398922,0.01042733629,8,8,0.0005993058491
2019-12-16,0.001456458128,0.001456458128,0,0,0.007474619479,-0.006018161351,1.003123322,0.01544702996,8,8,0.006870235806
2019-12-17,-0.0007060782043,-0.0007060782043,0,0,0.001072534105,-0.001778612309,1.015137597,0.01687890467,8,8,0.0002188208924
2019-12-18,0.000491341022,0.000491341022,0,0,0.0007400321431,-0.0002486911211,1.018708031,0.01618425382,8,8,6.285249908e-05
2019-12-19,0.002141573457,0.002141573457,0,0,0.005981842232,-0.003840268776,1.019195982,0.01666740546,8,8,0.004098736018
2019-12-20,-0.001284581354,-0.001284581354,0,0,0.001637108343,-0.002921689697,1.026819084,0.01876878419,8,8,0.004384166006
2019-12-23,0.002739875636,0.002739875636,0,0,0.003377320054,-0.0006374444185,1.032704475,0.0175066916,8,8,0.001528010676
2019-12-24,0.001292181042,0.001292181042,0,0,0.001057079464,0.0002351015783,1.033886519,0.02019124574,8,8,3.126819418e-05
2019-12-26,0.003319335018,0.003319335018,0,0,0.004304926103,-0.0009855910848,1.033373192,0.02145570213,8,8,0.005322930939
2019-12-27,9.962901346e-06,9.962901346e-06,0,0,-0.0009143213055,0.0009242842068,1.035227442,0.02469307256,8,8,-0.0002477765938
2019-12-30,-0.003682780954,-0.003682780954,0,0,-0.007890825903,0.004208044949,1.033378542,0.02470278935,8,8,-0.005513203025
2019-12-31,0.0002960432276,0.0002960432276,0,0,0.002895625166,-0.002599581938,1.025054723,0.02109770663,8,8,0.002429555913
2020-01-02,0.0004844542124,-0.0003133142814,0.0007977684938,0.7977684938,0.007141759057,-0.006657304845,1.030244933,0.02138741826,8,8,0.009351715759
2020-01-03,0.002248257725,0.002248257725,0,0,-0.002170815462,0.004419073187,1,0,8,8,-0.007572474608
2020-01-06,6.490078095e-05,6.490078095e-05,0,0,0.004228532606,-0.004163631825,0.9911816795,0.002243214401,8,8,0.003815490707
2020-01-07,0.003023273345,0.003023273345,0,0,0.0009869417734,0.002036331572,0.999508975,0.002307965393,8,8,-0.002811818763
2020-01-08,0.004424714228,0.004424714228,0,0,0.007453333054,-0.003028618826,0.9954500675,0.005315169528,8,8,0.005329624433
2020-01-09,-0.0001084674757,-0.0001084674757,0,0,0.001606825743,-0.001715293219,1.001500665,0.009696977402,8,8,0.006780491082
2020-01-10,0.0008387265086,0.0008387265086,0,0,-0.001333560211,0.00217228672,1.004931787,0.009589550081,8,8,-0.00287805178
2020-01-13,0.005010752017,0.005010752017,0,0,0.00918403671,-0.004173284694,1.000586721,0.01041953745,8,8,0.006877510659
2020-01-14,0.001183598238,0.001183598238,0,0,0.001439186233,-0.0002555879951,1.008888751,0.0153533576,8,8,-0.001524384641
2020-01-15,-0.003278018159,-0.003278018159,0,0,-0.001210381769,-0.00206763639,1.009388814,0.01651740586,8,8,0.002259599104
2020-01-16,5.835240752e-05,5.835240752e-05,0,0,0.002945351521,-0.002886999114,1.013568565,0.01328292939,8,8,0.008318612743
2020-01-17,0.0009326247937,0.0009326247937,0,0,0.0007554306947,0.000177194099,1.019341435,0.01334050334,8,8,0.003112460973
2020-01-21,0.005219720515,0.005219720515,0,0,0.003781702644,0.00143801787,1.018969355,0.01425982907,8,8,-0.00195846576
2020-01-22,0.006020749105,0.006020749105,0,0,0.00337594942,0.002644799685,1.016009753,0.01937839975,8,8,0.0001209642457
2020-01-23,-0.005851929491,-0.005851929491,0,0,-0.0003870448996,-0.005464884591,1.010655997,0.02524714215,8,8,0.001146949943
2020-01-24,-0.004958690536,-0.004958690536,0,0,-0.006892545796,0.00193385526,1.021712828,0.01950938017,8,8,-0.0088928843
2020-01-27,-4.676798256e-05,-4.676798256e-05,0,0,-0.009992155536,0.009945387553,1.017934047,0.01462320157,8,8,-0.01602955543
2020-01-28,0.006317617761,0.006317617761,0,0,0.007394795564,-0.001077177803,0.9980431801,0.01457711533,8,8,0.01047926037
2020-01-29,0.004647092302,0.004647092302,0,0,0.002117481097,0.002529611205,1.000196296,0.02076355688,8,8,-0.0008264225806
2020-01-30,0.0003586197825,0.0003586197825,0,0,0.003628613375,-0.003269993593,0.9951595671,0.02529310976,8,8,0.003245691929
2020-01-31,-0.008085486719,-0.008085486719,0,0,-0.01103554284,0.002950056123,1.001698945,0.02564253362,8,8,-0.01815800269
2020-02-03,0.01856133403,0.01810575524,0.000455578789,0.455578789,0.02240536532,-0.003844031289,0.9957645874,0.01770016132,8,8,0.007428785618
2020-02-04,0.01322358037,0.01322358037,0,0,0.01899058976,-0.005767009391,1,0,8,8,0.01524093397
2020-02-05,-0.01051111698,-0.01051111698,0,0,-0.002963358324,-0.007547758659,1.011383488,0.01305099943,8,8,0.01154805444
2020-02-06,0.001236300867,0.001236300867,0,0,0.002241227505,-0.001004926637,1.026760286,0.002566863047,8,8,0.003364787842
2020-02-07,0.003105776629,0.003105776629,0,0,0.0006385414385,0.002467235191,1.028734615,0.003798467865,8,8,-0.005329538182
2020-02-10,0.001723872667,0.001723872667,0,0,0.007230228994,-0.005506356327,1.023726455,0.006882867845,8,8,0.007465252005
2020-02-11,0.0002272027385,0.0002272027385,0,0,0.003186864607,-0.002959661869,1.034679385,0.00859192912,8,8,0.001733016261
2020-02-12,0.003254189621,0.003254189621,0,0,0.008520273014,-0.005266083393,1.040589487,0.008817128583,8,8,0.00644272965
2020-02-13,0.004341125511,0.004341125511,0,0,2.340759903e-05,0.004317717912,1.050955834,0.01203216326,8,8,-0.001066649838
2020-02-14,0.003712599288,0.003712599288,0,0,0.002627458367,0.001085140921,1.042137474,0.0163025175,8,8,0.00160198118
2020-02-18,0.002808647729,0.002808647729,0,0,0.002688181195,0.000120466534,1.039819359,0.01994108354,8,8,-0.002577039968
2020-02-19,0.01261439031,0.01261439031,0,0,0.013210282,-0.0005958916896,1.039467575,0.02268601424,8,8,0.00478132324
2020-02-20,-0.002974177679,-0.002974177679,0,0,-0.003902820618,0.0009286429382,1.040152855,0.0348606586,8,8,-0.004108348057
2020-02-21,-0.0008373946276,-0.0008373946276,0,0,-0.007652920487,0.00681552586,1.038409806,0.03198159988,8,8,-0.01029803819
2020-02-24,-0.008420276667,-0.008420276667,0,0,-0.02724064631,0.01882036964,1.024799522,0.0311703071,8,8,-0.0331656561
2020-02-25,-0.006406262347,-0.006406262347,0,0,-0.02126536731,0.01485910496,0.9870497375,0.02294321868,8,8,-0.03030200135
2020-02-26,-0.002560837318,-0.002560837318,0,0,-0.00120256818,-0.001358269138,0.9570564198,0.01664357947,8,8,-0.003678452041
2020-02-27,-0.006621935743,-0.006621935743,0,0,-0.02719163973,0.02056970398,0.9596696787,0.01411889836,8,8,-0.04491165604
2020-02-28,0.007071783195,0.007071783195,0,0,0.00109975041,0.005972032786,0.9179871871,0.007546937953,8,8,-0.004201333615
2020-03-02,0.00809024291,0.007313452453,0.0007767904569,0.7767904569,0.02518046346,-0.01709022055,0.9067028984,0.01451606667,8,8,0.04330655183
2020-03-03,0.0006284701632,0.0006284701632,0,0,-0.01284667159,0.01347514175,1,0,8,8,-0.02863246711
2020-03-04,0.006757741514,0.006757741514,0,0,0.02304987692,-0.0162921354,0.9730666433,0.0006280754365,8,8,0.04203308537
2020-03-05,0.002408893616,0.002408893616,0,0,-0.01704032493,0.01944921854,1.005612983,0.007336240533,8,8,-0.03324190194
2020-03-06,-0.01207636408,-0.01207636408,0,0,-0.01349374536,0.001417381278,0.9667945344,0.009721715571,8,8,-0.01653085495
2020-03-09,0.003625248949,0.003625248949,0,0,-0.03940267367,0.04302792262,0.9635192166,-0.002383431703,8,8,-0.07809473214
2020-03-10,0.004778238723,0.004778238723,0,0,0.02725125695,-0.02247301823,0.8779059925,0.001237331611,8,8,0.05174520845
2020-03-11,0.01084252442,0.01084252442,0,0,-0.01763006302,0.02847258743,0.9232189074,0.005986963194,8,8,-0.04874863649
2020-03-12,-0.003557330827,-0.003557330827,0,0,-0.04370975323,0.0401524224,0.8677081105,0.01664897074,8,8,-0.09567721694
2020-03-13,0.009718168772,0.009718168772,0,0,0.04051448231,-0.03079631354,0.7866442889,0.01313837747,8,8,0.08548649391
2020-03-16,-0.01761608097,-0.01761608097,0,0,-0.06700664069,0.04939055972,0.8496975803,0.02263656032,8,8,-0.1094236422
2020-03-17,0.006489275037,0.006489275037,0,0,0.02017446961,-0.01368519457,0.7464499018,0.00511050645,8,8,0.05399161349
2020-03-18,-0.00479823893,-0.00479823893,0,0,-0.02747341523,0.0226751763,0.7752785701,0.01152499264,8,8,-0.05063266496
2020-03-19,0.006887890618,0.006887890618,0,0,0.01409752382,-0.007209633205,0.7286261007,0.006759185899,8,8,0.002124927312
2020-03-20,-0.007130101198,-0.007130101198,0,0,-0.01780228194,0.01067218074,0.7448031352,0.01355371998,8,8,-0.04309421883
2020-03-23,0.004187310008,0.004187310008,0,0,-0.008320259124,0.01250756913,0.7214728469,0.006469748741,8,8,-0.02556837502
2020-03-24,-0.004060835079,-0.004060835079,0,0,0.03736302703,-0.04142386211,0.6977234343,0.01061262042,8,8,0.0906032298
2020-03-25,0.0005508199576,0.0005508199576,0,0,0.01021218849,-0.009661368535,0.779676461,0.00657849954,8,8,0.01497028755
2020-03-26,-0.0008448891468,-0.0008448891468,0,0,0.02590125391,-0.02674614306,0.7991098524,0.007125394688,8,8,0.05838987974
2020-03-27,0.005355839324,0.005355839324,0,0,-0.01688510006,0.02224093939,0.8524774983,0.006285816359,8,8,-0.02978558209
2020-03-30,0.003105190378,0.003105190378,0,0,0.01315428393,-0.01004909355,0.8090184859,0.01157963701,8,8,0.03247558472
2020-03-31,0.004497168892,0.004497168892,0,0,-0.002250028918,0.00674719781,0.8296456556,0.01463936936,8,8,-0.01490531022
2020-04-01,-0.009278833364,-0.009895813996,0.0006169806313,0.6169806313,-0.02504270525,0.01576387188,0.8169743572,0.0190508633,8,8,-0.04500486123
2020-04-02,-0.01877033039,-0.01877033039,0,0,0.005887636196,-0.02465796659,1,0,8,8,0.02307520683
2020-04-03,0.001081232012,0.001081232012,0,0,-0.009290663669,0.01037189568,1.050259317,-0.01912939547,8,8,-0.01445409699
2020-04-06,0.004089643531,0.004089643531,0,0,0.03721541162,-0.03312576808,1.029483647,-0.01802867028,8,8,0.0671662848
2020-04-07,-0.0002040300378,-0.0002040300378,0,0,-0.003996311319,0.003792281281,1.095345255,-0.01388225328,8,8,0.001019599855
2020-04-08,-0.01026073114,-0.01026073114,0,0,0.01449741195,-0.02475814309,1.087778602,-0.01408915793,8,8,0.03356820858
2020-04-09,0.002653668614,0.002653668614,0,0,0.002965885677,-0.0003122170626,1.138718239,-0.02460232693,8,8,0.01521752689
2020-04-13,0.02329555961,0.02329555961,0,0,0.01898723167,0.00430832794,1.138973882,-0.021890568,8,8,-0.009130177502
2020-04-14,0.02638176336,0.02638176336,0,0,0.02968504465,-0.003303281286,1.127389614,0.001373006644,8,8,0.02949282982
2020-04-15,0.01585426597,0.01585426597,0,0,0.003500355822,0.01235391014,1.130551985,0.02704137096,8,8,-0.02124814676
2020-04-16,0.02689231457,0.02689231457,0,0,0.01623456983,0.01065774473,1.104192273,0.04222617196,8,8,0.004824085208
2020-04-17,-0.03810725099,-0.03810725099,0,0,-0.002837873681,-0.03526937731,1.080706401,0.06730840766,8,8,0.0270158847
2020-04-20,0.01305393662,0.01305393662,0,0,-0.004272826229,0.01732676285,1.157237027,0.03035801725,8,8,-0.01761829357
2020-04-21,-0.009496206186,-0.009496206186,0,0,-0.02546144366,0.01596523748,1.121003924,0.04285255928,8,8,-0.0303632644
2020-04-22,0.006409912139,0.006409912139,0,0,0.01517646028,-0.008766548143,1.089927418,0.03367614875,8,8,0.02219443393
2020-04-23,-0.01027235746,-0.01027235746,0,0,-0.001757647806,-0.008514709655,1.106776089,0.03983074928,8,8,-7.131474213e-05
2020-04-24,0.01165116626,0.01165116626,0,0,0.01139015324,0.0002610130204,1.125090482,0.0298651776,8,8,0.01393873293
2020-04-27,0.002084870706,0.002084870706,0,0,0.01273182514,-0.01064695443,1.123133804,0.04103820096,8,8,0.01441828034
2020-04-28,-0.01741576816,-0.01741576816,0,0,-0.01677787697,-0.0006378911934,1.144127226,0.04303335269,8,8,-0.004598446444
2020-04-29,-0.009055318304,-0.009055318304,0,0,0.01629071591,-0.02534603421,1.147980197,0.0260716422,8,8,0.02617851424
2020-04-30,0.01009721483,0.01009721483,0,0,0.0005059108866,0.009591303939,1.200487746,0.0171718202,8,8,-0.00931085252
2020-05-01,0.004831808176,0.003950807023,0.0008810011525,0.8810011525,-0.0198444663,0.02467627448,1.179492761,0.02699644611,8,8,-0.02647334767
2020-05-04,0.01211062943,0.01211062943,0,0,0.01418150698,-0.00207087755,1,0,8,8,0.002758400551
2020-05-05,0.004333313443,0.004333313443,0,0,0.003568633465,0.0007646799783,1.004092196,0.01196571706,8,8,0.009239096753
2020-05-06,0.01467688029,0.01467688029,0,0,0.004866652221,0.009810228066,1.002551778,0.01622870643,8,8,-0.006778720359
2020-05-07,-0.009478295338,-0.009478295338,0,0,0.00431866886,-0.0137969642,0.9831782136,0.03045855023,8,8,0.01206720021
2020-05-08,-0.00576502308,-0.00576502308,0,0,0.008715427133,-0.01448045021,1.010875221,0.0211810148,8,8,0.01654582526
2020-05-11,0.01841571691,0.01841571691,0,0,0.004846747502,0.01356896941,1.040067109,0.0155053806,8,8,0.0002054368492
2020-05-12,0.004409353371,0.004409353371,0,0,-0.008233717646,0.01264307102,1.012695376,0.03330771211,8,8,-0.01993158822
2020-05-13,0.01603695219,0.01603695219,0,0,-0.002850470753,0.01888742294,0.9874645069,0.0375514877,8,8,-0.01768588202
2020-05-14,-0.006190262823,-0.006190262823,0,0,0.00486574422,-0.01105600704,0.9504837508,0.05274260919,8,8,0.01196681936
2020-05-15,0.01128122602,0.01128122602,0,0,0.006913419049,0.004367806973,0.9724250688,0.04684231259,8,8,0.004597556426
2020-05-18,-0.02480738647,-0.02480738647,0,0,0.008074418971,-0.03288180544,0.9640945128,0.05747514847,8,8,0.03045976176
2020-05-19,0.0119014558,0.0119014558,0,0,-0.00102449183,0.01292594763,1.030617668,0.03349877917,8,8,-0.01027149503
2020-05-20,-0.007415543867,-0.007415543867,0,0,0.007535204092,-0.01495074796,1.00470972,0.04486626114,8,8,0.01698807631
2020-05-21,-0.004423598188,-0.004423598188,0,0,-0.006177840161,0.001754241974,1.034869795,0.03773050953,8,8,-0.006903891972
2020-05-22,0.006250270923,0.006250270923,0,0,0.00226785183,0.003982419093,1.031500657,0.03345490238,8,8,0.001898760252
2020-05-26,-0.03237312482,-0.03237312482,0,0,-0.007451272324,-0.02492185249,1.023389627,0.0394585467,8,8,0.0123206922
2020-05-27,-0.02174904497,-0.02174904497,0,0,0.0008672559583,-0.02261630093,1.075683442,0.007322473223,8,8,0.01487894753
2020-05-28,0.01666456824,0.01666456824,0,0,0.0007085420847,0.01595602616,1.123604319,-0.0147473117,8,8,-0.001844759482
2020-05-29,0.02009680559,0.02009680559,0,0,0.01107371574,0.009023089846,1.090189301,0.001885830004,8,8,0.004455577866
2020-06-01,-0.002664320836,-0.003132047948,0.0004677271125,0.4677271125,0.008214788695,-0.01087910953,1.070721839,0.02154955831,8,8,0.004041963977
2020-06-02,-0.00602688816,-0.00602688816,0,0,0.0007948048667,-0.006821693027,1,0,8,8,0.008280250753
2020-06-03,-0.02639078067,-0.02639078067,0,0,-0.0003465087821,-0.02604427189,1.013726112,-0.006063431785,8,8,0.01330827008
2020-06-04,-0.01512217799,-0.01512217799,0,0,-0.005901489579,-0.009220688413,1.067598636,-0.03333392065,8,8,-0.00262686781
2020-06-05,-0.02351737456,-0.02351737456,0,0,0.008957289073,-0.03247466364,1.087361103,-0.04920011148,8,8,0.02562976283
2020-06-08,-0.0191206911,-0.0191206911,0,0,0.006460351414,-0.02558104251,1.155978639,-0.07446879663,8,8,0.01208742771
2020-06-09,0.02755877606,0.02755877606,0,0,0.00793109149,0.01962768457,1.211178605,-0.0954138668,8,8,-0.007456705855
2020-06-10,0.04323800295,0.04323800295,0,0,0.01689339608,0.02634460687,1.167312313,-0.06603524035,8,8,-0.005579838706
2020-06-11,0.02793240758,0.02793240758,0,0,-0.0247017638,0.05263417138,1.109872434,-0.02185238395,8,8,-0.05764912535
2020-06-12,-0.01802557534,-0.01802557534,0,0,0.001553619764,-0.01957919511,1.004478983,0.005914808778,8,8,0.01197570579
2020-06-15,0.0006436846671,0.0006436846671,0,0,0.007472264523,-0.006828579856,1.044438401,-0.01233307738,8,8,0.009335347095
2020-06-16,-0.003266685912,-0.003266685912,0,0,0.007736552592,-0.0110032385,1.058058189,-0.01168187327,8,8,0.01924781095
2020-06-17,0.01496863638,0.01496863638,0,0,0.004525776584,0.0104428598,1.08032707,-0.01499755147,8,8,-0.004153716436
2020-06-18,0.002697966312,0.002697966312,0,0,0.002953293501,-0.0002553271888,1.058564716,-2.848865106e-05,8,8,0.0003848943698
2020-06-19,0.009253919683,0.009253919683,0,0,0.001785272788,0.007468646895,1.058916416,0.002662294879,8,8,-0.005714720666
2020-06-22,0.01148247038,0.01148247038,0,0,0.009543892452,0.001938577932,1.043575875,0.01180695396,8,8,0.006415293803
2020-06-23,-0.001282318722,-0.001282318722,0,0,0.002949890322,-0.004232209044,1.039248054,0.02302504,8,8,0.004603223729
2020-06-24,0.009907926743,0.009907926743,0,0,-0.0114704996,0.02137842634,1.047773733,0.02177063818,8,8,-0.02550841447
2020-06-25,-0.0001005600136,-0.0001005600136,0,0,0.007568372332,-0.007668932346,1.004967662,0.0313677753,8,8,0.01072013497
2020-06-26,0.00487897541,0.00487897541,0,0,-0.0145453525,0.01942432791,1.020307568,0.03127035984,8,8,-0.02375115488
2020-06-29,-0.009860170432,-0.009860170432,0,0,0.006178891293,-0.01603906172,0.9815489348,0.03597381986,8,8,0.01469761376
2020-06-30,0.01447634256,0.01447634256,0,0,0.01452927139,-5.2928828e-05,1.013762761,0.02637369859,8,8,0.01280973736
2020-07-01,0.01463332159,0.01417711485,0.000456206741,0.456206741,0.01095141691,0.00368190468,1.013670717,0.04026712052,8,8,0.007004553997
2020-07-02,0.001761854356,0.001761854356,0,0,0.004559078383,-0.002797224028,1,0,8,8,0.005506908929
2020-07-06,0.0129761794,0.0129761794,0,0,0.02113854344,-0.00816236404,1.005584609,0.001758755684,8,8,0.0154373593
2020-07-07,0.01240253999,0.01240253999,0,0,-0.001669779408,0.0140723194,1.021628679,0.01454618123,8,8,-0.01031391391
2020-07-08,0.004134422881,0.004134422881,0,0,0.007466074768,-0.003331651887,0.9935638649,0.02661858317,8,8,0.007648921414
2020-07-09,0.02182666244,0.02182666244,0,0,0.006972943813,0.01485371863,1.000226233,0.03062638363,8,8,-0.00569309224
2020-07-10,-0.002147722571,-0.002147722571,0,0,0.01432806106,-0.01647578364,0.9711485274,0.05133262617,8,8,0.01021050833
2020-07-13,-0.01582503515,-0.01582503515,0,0,-0.01676919574,0.000944160592,1.004108919,0.04929076649,8,8,-0.008658919741
2020-07-14,-0.006246948416,-0.006246948416,0,0,0.003983181464,-0.01023012988,1.002256304,0.03400384336,8,8,0.01295883893
2020-07-15,-0.01055040397,-0.01055040397,0,0,-0.001213182565,-0.009337221401,1.022859365,0.02793138084,8,8,0.009187342378
2020-07-16,0.002424912115,0.002424912115,0,0,-0.004689988,0.007114900115,1.041976679,0.01756630852,8,8,-0.003293242978
2020-07-17,0.005703299964,0.005703299964,0,0,-0.003312061107,0.009015361072,1.027679758,0.01994286095,8,8,0.002898766013
2020-07-20,0.02741516165,0.02741516165,0,0,0.02243687448,0.004978287164,1.009594317,0.02550072265,8,8,0.00808156906
2020-07-21,-0.0277437639,-0.0277437639,0,0,-0.01047903415,-0.01726472975,0.9996474086,0.05150389664,8,8,0.002127753926
2020-07-22,0.005228710745,0.005228710745,0,0,0.002356183999,0.002872526745,1.03515212,0.02443813869,8,8,0.005691769809
2020-07-23,-0.01565077114,-0.01565077114,0,0,-0.01693129543,0.001280524295,1.029254105,0.02951253691,8,8,-0.01193157434
2020-07-24,-0.0003971089213,-0.0003971089213,0,0,-0.004717254632,0.004320145711,1.027117466,0.01408216248,8,8,-0.006440411393
2020-07-27,0.01644262347,0.01644262347,0,0,0.01410706612,0.002335557351,1.018484515,0.01369049017,8,8,0.00729275179
2020-07-28,-0.006205376473,-0.006205376473,0,0,-0.009372770313,0.00316739384,1.013589946,0.0296456612,8,8,-0.006342647961
2020-07-29,-0.001437310497,-0.001437310497,0,0,0.004861811904,-0.006299122401,1.00730046,0.02358664876,8,8,0.01229865564
2020-07-30,0.01662246831,0.01662246831,0,0,0.001902090852,0.01472037746,1.019927347,0.02218121956,8,8,-0.003567734826
2020-07-31,0.008730031541,0.008730031541,0,0,0.005417656798,0.003312374743,0.9906421428,0.03816922121,8,8,0.007902427009
2020-08-03,0.008059095625,0.007630331025,0.0004287645999,0.4287645999,0.009050605296,-0.0009915096712,0.9841557144,0.04649336421,8,8,0.006951927884
2020-08-04,-0.003457245028,-0.003457245028,0,0,0.001499145395,-0.004956390423,1,0,8,8,0.003862529313
2020-08-05,-0.01411605306,-0.01411605306,0,0,0.0004497095887,-0.01456576265,1.009947171,-0.003469239037,8,8,0.00621090636
2020-08-06,0.005024481628,0.005024481628,0,0,0.006641123703,-0.001616642075,1.039638231,-0.01783708128,8,8,0.006684546805
2020-08-07,-0.01426227938,-0.01426227938,0,0,-0.00980491238,-0.004457367002,1.042657185,-0.01274854482,8,8,0.0007181150239
2020-08-10,-0.01573237591,-0.01573237591,0,0,-0.005099632688,-0.01063274322,1.052318095,-0.02740163396,8,8,0.002988661628
2020-08-11,-0.01844542521,-0.01844542521,0,0,-0.01182972317,-0.006615702043,1.074759729,-0.04382345697,8,8,-0.008254420258
2020-08-12,0.02117493262,0.02117493262,0,0,0.02199216955,-0.0008172369284,1.089644667,-0.06343904229,8,8,0.01394220405
2020-08-13,0.01141736792,0.01141736792,0,0,0.004822711351,0.006594656566,1.08938639,-0.04138772733,8,8,-0.001807662616
2020-08-14,-0.0003322379153,-0.0003322379153,0,0,0.001812840494,-0.002145078409,1.075336928,-0.02963203952,8,8,2.981005388e-05
2020-08-17,0.02457737178,0.02457737178,0,0,0.01486824443,0.009709127353,1.079653548,-0.02997423601,8,8,0.003176200992
2020-08-18,0.01171426085,0.01171426085,0,0,0.007685259254,0.004029001594,1.058790381,-0.005267405257,8,8,0.002160647347
2020-08-19,0.00082282538,0.00082282538,0,0,-0.003201425524,0.004024250904,1.050144966,0.006372209863,8,8,-0.004163528714
2020-08-20,0.01616709362,0.01616709362,0,0,0.01213169696,0.00403539666,1.042061855,0.007189119852,8,8,0.003113272839
2020-08-21,0.009504683751,0.009504683751,0,0,0.00610409476,0.00340058899,1.033450268,0.02298461899,8,8,0.003547473181
2020-08-24,-0.01506957083,-0.01506957083,0,0,-2.78342923e-05,-0.01504173654,1.026398184,0.03218340961,8,8,0.0101333187
2020-08-25,0.005620887035,0.005620887035,0,0,0.002565964086,0.003054922948,1.057345834,0.01737568286,8,8,0.003498988658
2020-08-26,0.02808605918,0.02808605918,0,0,0.02278113503,0.005304924155,1.050949606,0.02286803128,8,8,0.01002567231
2020-08-27,-0.009920966838,-0.009920966838,0,0,-0.00246268878,-0.007458278059,1.039237725,0.04956208676,8,8,0.002186595523
2020-08-28,-0.004031349153,-0.004031349153,0,0,0.002828793928,-0.006860143081,1.054696927,0.04003833895,8,8,0.006459662547
2020-08-31,0.02540090472,0.02540090472,0,0,0.01615936545,0.009241539275,1.068694143,0.03615273409,8,8,-0.0036227401
2020-09-01,0.005899140976,0.005446566043,0.0004525749329,0.4525749329,0.004888768054,0.001010372922,1.048967252,0.06002885167,8,8,0.009418403012
2020-09-02,-0.003881398809,-0.003881398809,0,0,0.0009893886647,-0.004870787473,1,0,8,8,0.01446424413
2020-09-03,-0.0256014699,-0.0256014699,0,0,-0.03077868634,0.005177216445,1.009779533,-0.003896522767,8,8,-0.03441441056
2020-09-04,-0.01083085677,-0.01083085677,0,0,-0.005401204296,-0.005429652473,0.9994099953,-0.03027302665,8,8,-0.008164800813
2020-09-08,-0.01239930286,-0.01239930286,0,0,-0.03107237298,0.01867307012,1.010381743,-0.04155394828,8,8,-0.02732267396
2020-09-09,0.01422649089,0.01422649089,0,0,0.01656105074,-0.002334559849,0.9726970659,-0.05463063291,8,8,0.01974725707
2020-09-10,-6.519387858e-05,-6.519387858e-05,0,0,-0.009470551014,0.009405357135,0.9776836687,-0.03983739567,8,8,-0.01736391397
2020-09-11,-0.006963684047,-0.006963684047,0,0,-0.00269885289,-0.004264831157,0.958870273,-0.03990519112,8,8,0.0005093475498
2020-09-14,0.006650259628,0.006650259628,0,0,0.01273990696,-0.006089647335,0.9671713268,-0.04719754395,8,8,0.01317131921
2020-09-15,0.01622758079,0.01622758079,0,0,0.0114473746,0.004780206197,0.979487038,-0.04027941575,8,8,0.00505250675
2020-09-16,-0.02110887961,-0.02110887961,0,0,-0.01293670347,-0.008172176149,0.9704068508,-0.0236677644,8,8,-0.003968963721
2020-09-17,-0.008137693894,-0.008137693894,0,0,-0.008718230743,0.0005805368487,0.9864655051,-0.04574221084,8,8,-0.008795229767
2020-09-18,0.002874121928,0.002874121928,0,0,-0.002861381065,0.005735502992,0.9851838622,-0.05432196022,8,8,-0.01151277619
2020-09-21,0.02329114548,0.02329114548,0,0,0.006903088362,0.01638805712,0.9737881921,-0.0513003947,8,8,-0.01112968471
2020-09-22,0.007687909628,0.007687909628,0,0,0.004637047137,0.003050862491,0.9423547029,-0.02737173026,8,8,0.01018441884
2020-09-23,-0.003116166827,-0.003116166827,0,0,-0.01853419798,0.01541803115,0.9367393203,-0.01953364772,8,8,-0.02319080494
2020-09-24,0.002782737501,0.002782737501,0,0,0.002541608654,0.0002411288474,0.9056091203,-0.02272061577,8,8,0.002665643935
2020-09-25,0.008484426859,0.008484426859,0,0,0.01431279632,-0.005828369464,0.905390137,-0.01988255035,8,8,0.01616682724
2020-09-28,-0.0031631052,-0.0031631052,0,0,0.008705327989,-0.01186843319,0.9177447644,-0.01130223055,8,8,0.01660934362
2020-09-29,0.009673125861,0.009673125861,0,0,0.0009827287422,0.008690397119,0.9412959437,-0.01451123631,8,8,-0.00544589473
2020-09-30,-0.001135176359,-0.001135176359,0,0,0.003744125853,-0.004879302212,0.9246440768,-0.004791759162,8,8,0.007581888949
2020-10-01,0.01223664873,0.01147175846,0.0007648902659,0.7648902659,0.01026532478,0.001971323948,0.9343281321,-0.005933671284,8,8,0.006420193752
2020-10-02,-0.01328351445,-0.01328351445,0,0,-0.01680619627,0.003522681822,1,0,8,8,-0.009494772905
2020-10-05,0.006127810052,0.006127810052,0,0,0.01136114252,-0.005233332464,0.9928597893,-0.01346234166,8,8,0.01773323777
2020-10-06,-0.002551186017,-0.002551186017,0,0,-0.007581099766,0.005029913749,1.003306194,-0.007289860724,8,8,-0.01421591509
2020-10-07,0.005319969877,0.005319969877,0,0,0.01179870007,-0.006478730189,0.9932290931,-0.009866217297,8,8,0.01740658936
2020-10-08,-0.007759986956,-0.007759986956,0,0,0.0001550299921,-0.007915016948,1.006153815,-0.004522189508,8,8,0.008862360269
2020-10-09,0.006460168809,0.006460168809,0,0,0.006975543896,-0.0005153750872,1.022155778,-0.01237823138,8,8,0.008930347609
2020-10-12,0.0109465731,0.0109465731,0,0,0.01508023005,-0.004133656955,1.023037701,-0.005880076283,8,8,0.01608764536
2020-10-13,0.00388855899,0.00388855899,0,0,-0.00102934427,0.00491790326,1.030966042,0.005011636568,8,8,-0.006526135541
2020-10-14,-0.002518714049,-0.002518714049,0,0,-0.00372916441,0.001210450361,1.021048388,0.008865720681,8,8,-0.006283277957
2020-10-15,-0.005061903628,-0.005061903628,0,0,-0.005993194048,0.0009312904199,1.018674523,0.006363033293,8,8,-0.001235990284
2020-10-16,-0.004239585057,-0.004239585057,0,0,-0.003813262065,-0.0004263229915,1.016897476,0.001307749366,8,8,-0.0006043701576
2020-10-19,-0.0009264423901,-0.0009264423901,0,0,-0.009358925116,0.008432482726,1.017825695,-0.002944318379,8,8,-0.0152034513
2020-10-20,0.00161319807,0.00161319807,0,0,0.003098859291,-0.001485661221,1.000961621,-0.003874350132,8,8,0.004005700453
2020-10-21,0.0029198187,0.0029198187,0,0,0.0001392678676,0.002780550832,1.003926609,-0.00225751025,8,8,-0.001892922471
2020-10-22,-0.01115390119,-0.01115390119,0,0,-0.003792044637,-0.007361856553,0.9983702655,0.0006603802589,8,8,0.005485565637
2020-10-23,0.002681859395,0.002681859395,0,0,0.002502248425,0.0001796109698,1.013241675,-0.01061188485,8,8,0.003394772678
2020-10-26,0.001397281481,0.001397281481,0,0,-0.009149488918,0.0105467704,1.012847996,-0.007908815121,8,8,-0.01847988422
2020-10-27,0.01358478663,0.01358478663,0,0,0.00919332623,0.004391460401,0.991765961,-0.00650244789,8,8,-0.003447084362
2020-10-28,-0.01056407955,-0.01056407955,0,0,-0.02614330448,0.01557922493,0.9832111136,0.006987416182,8,8,-0.03417894015
2020-10-29,0.0082797542,0.0082797542,0,0,0.01103858016,-0.002758825965,0.9515407362,-0.003614850937,8,8,0.01016316085
2020-10-30,-0.02039880957,-0.02039880957,0,0,-0.02087247593,0.0004736663517,0.9574110145,0.004626596184,8,8,-0.01042480099
2020-11-02,-0.006270437107,-0.007048862049,0.0007784249427,0.7784249427,0.001589742507,-0.007860179614,0.9555570995,-0.01610064743,8,8,0.01120831174
2020-11-03,0.01099975475,0.01099975475,0,0,0.01243263612,-0.00143288137,1,0,8,8,0.01765643727
2020-11-04,0.01760489781,0.01760489781,0,0,0.01710679773,0.0004981000817,1.002834583,0.01088007658,8,8,0.02234871731
2020-11-05,0.009894365466,0.009894365466,0,0,0.0147327924,-0.004838426939,1.001806578,0.02799217501,8,8,0.01950282927
2020-11-06,0.00482549022,0.00482549022,0,0,0.001475247578,0.003350242642,1.011370924,0.03751534989,8,8,-0.0002280581658
2020-11-09,-0.05973565941,-0.05973565941,0,0,-0.01293657757,-0.04679908184,1.00464801,0.04213750599,8,8,0.01256547799
2020-11-10,-0.02431266476,-0.02431266476,0,0,-0.01450780465,-0.009804860108,1.104487822,-0.01871617657,8,8,-0.001466457473
2020-11-11,0.01713361977,0.01713361977,0,0,0.01385069975,0.003282920024,1.127189867,-0.04410105551,8,8,0.007428172256
2020-11-12,0.006499049039,0.006499049039,0,0,-0.005486288758,0.0119853378,1.118592115,-0.02651316918,8,8,-0.00970068958
2020-11-13,-0.01394846788,-0.01394846788,0,0,0.00137232387,-0.01532079175,1.094010461,-0.01988488728,8,8,0.01384447066
2020-11-16,-0.01416700258,-0.01416700258,0,0,0.004817547584,-0.01898455016,1.126415345,-0.03431195435,8,8,0.01248254983
2020-11-17,0.008002942368,0.008002942368,0,0,0.008524821679,-0.0005218793117,1.166746747,-0.04917562818,8,8,-0.005378112399
2020-11-18,0.01327184376,0.01327184376,0,0,0.00508907361,0.008182770153,1.166458349,-0.04084579924,8,8,-0.01203488947
2020-11-19,0.003670241515,0.003670241515,0,0,0.005541411597,-0.001871170082,1.148126891,-0.02721279156,8,8,0.004210174864
2020-11-20,-0.005849445003,-0.005849445003,0,0,-0.00714164893,0.001292203927,1.151313873,-0.02345645917,8,8,-0.006847653253
2020-11-23,-0.01442003557,-0.01442003557,0,0,0.005362983892,-0.01978301946,1.149604569,-0.02947833608,8,8,0.005994122917
2020-11-24,-0.0125145146,-0.0125145146,0,0,0.01030185618,-0.02281637078,1.191938366,-0.0445406494,8,8,0.01611383116
2020-11-25,0.009854427872,0.009854427872,0,0,0.001439164852,0.00841526302,1.240581873,-0.05777823051,8,8,-0.001541720459
2020-11-27,0.005663656666,0.005663656666,0,0,0.003061729452,0.002601927214,1.221567922,-0.04745614944,8,8,0.002784951759
2020-11-30,0.01751019676,0.01751019676,0,0,0.001310040134,0.01620015663,1.215145557,-0.04155712747,8,8,-0.004427211176
2020-12-01,-0.003824611257,-0.004644395314,0.0008197840572,0.8197840572,0.003394728191,-0.007219339448,1.179600405,-0.0236331103,8,8,0.01093738306
2020-12-02,-0.01513634184,-0.01513634184,0,0,-0.005838771901,-0.009297569942,1,0,8,8,0.002103807052
2020-12-03,-0.0005683045309,-0.0005683045309,0,0,0.00217389449,-0.002742199021,1.018880928,-0.01536897185,8,8,-0.000272569796
2020-12-04,-0.009913644832,-0.009913644832,0,0,0.004633368411,-0.01454701324,1.024379181,-0.01594633876,8,8,0.008617678158
2020-12-07,0.0135409692,0.0135409692,0,0,0.005627846903,0.007913122301,1.05400863,-0.02611891726,8,8,-0.00205471243
2020-12-08,-0.004462601101,-0.004462601101,0,0,0.0002246550035,-0.004687256104,1.037672266,-0.0124099059,8,8,0.002926106358
2020-12-09,-0.01229411877,-0.01229411877,0,0,-0.0102826109,-0.002011507871,1.047257671,-0.01694813979,8,8,-0.008969111269
2020-12-10,-0.004063250512,-0.004063250512,0,0,0.001101629363,-0.005164879875,1.051918984,-0.02960624121,8,8,-0.0003271382208
2020-12-11,0.004098101548,0.004098101548,0,0,-0.0002774974776,0.004375599025,1.062502708,-0.03380685746,8,8,-0.001172808906
2020-12-14,0.01523871087,0.01523871087,0,0,0.003197190686,0.01204152019,1.05353213,-0.02958750331,8,8,-0.004476702396
2020-12-15,0.0008007991081,0.0008007991081,0,0,0.005564461321,-0.004763662213,1.02900706,-0.01413341738,8,8,0.01351937358
2020-12-16,-0.0003752161325,-0.0003752161325,0,0,0.000478105914,-0.0008533220465,1.03850355,-0.01332195007,8,8,0.001569445695
2020-12-17,0.006525485062,0.006525485062,0,0,0.00756049161,-0.001035006548,1.040225288,-0.01370230753,8,8,0.005591807088
2020-12-18,0.006043596321,0.006043596321,0,0,0.001967084582,0.004076511739,1.042021093,-0.00713029384,8,8,-0.003992863547
2020-12-21,-0.0003564934945,-0.0003564934945,0,0,-0.002042499378,0.001686005884,1.033664614,-0.001080169411,8,8,-0.003575587296
2020-12-22,0.008627253182,0.008627253182,0,0,0.0005294420784,0.008097811104,1.030303405,-0.001437175249,8,8,-0.001685566526
2020-12-23,-0.008767794726,-0.008767794726,0,0,-0.002851965384,-0.005915829342,1.013987113,0.007128577888,8,8,0.0008987981718
2020-12-24,0.002531839598,0.002531839598,0,0,0.001630739875,0.0009010997238,1.026047147,-0.001653716283,8,8,0.003890519663
2020-12-28,0.001647606236,0.001647606236,0,0,0.003678222021,-0.002030615785,1.024183719,0.0008759056625,8,8,0.008590707489
2020-12-29,-0.001062998259,-0.001062998259,0,0,-0.002184934416,0.001121936158,1.02819849,0.002519360984,8,8,-0.001907925907
2020-12-30,-0.001621084064,-0.001621084064,0,0,0.00290108381,-0.004522167875,1.025982237,0.001457912483,8,8,0.001426889077
2020-12-31,-0.001563006946,-0.001563006946,0,0,0.001159009373,-0.002722016318,1.035083446,-0.0001634365253,8,8,0.005080693392
2021-01-04,0.0001580712168,-0.0006350528376,0.0007931240545,0.7931240545,-0.0030643989,0.003222470117,1.040590922,-0.001729146139,8,8,-0.01361367361
2021-01-05,-0.004278938043,-0.004278938043,0,0,0.003184176925,-0.007463114968,1,0,8,8,0.006887280294
2021-01-06,-0.002678841309,-0.002678841309,0,0,0.001100392393,-0.003779233702,1.014990373,-0.004297326035,8,8,0.005978355776
2021-01-07,0.003143473898,0.003143473898,0,0,0.01120851129,-0.008065037389,1.022609407,-0.006994905586,8,8,0.01485755251
2021-01-08,0.003751479934,0.003751479934,0,0,0.005390683166,-0.001639203232,1.038618087,-0.003839362752,8,8,0.005697605567
2021-01-11,-0.007742274973,-0.007742274973,0,0,-0.004597018826,-0.003145256147,1.041739907,-8.755435935e-05,8,8,-0.006740721648
2021-01-12,-0.0005743906247,-0.0005743906247,0,0,0.002777445216,-0.003351835841,1.048405186,-0.007890923029,8,8,0.0002115048391
2021-01-13,-0.001242341694,-0.001242341694,0,0,-0.0006275822431,-0.0006147594513,1.05514053,-0.008470178845,8,8,0.002692754094
2021-01-14,-0.007161939013,-0.007161939013,0,0,-0.003969457468,-0.003192481545,1.056440166,-0.009724601817,8,8,-0.003502091831
2021-01-15,0.0009108679305,0.0009108679305,0,0,-0.008687520554,0.009598388484,1.063278325,-0.01700835362,8,8,-0.007292450775
2021-01-19,-0.003492902237,-0.003492902237,0,0,0.001767603179,-0.005260505415,1.044041432,-0.01608283635,8,8,0.007851916444
2021-01-20,-0.005693958712,-0.005693958712,0,0,0.007523500034,-0.01321745875,1.054753692,-0.0196443544,8,8,0.0138387545
2021-01-21,0.0127153281,0.0127153281,0,0,0.002144486705,0.0105708414,1.081653542,-0.02548341462,8,8,0.0009114402185
2021-01-22,0.003590754345,0.003590754345,0,0,-0.001438813227,0.005029567571,1.059752091,-0.01260777453,8,8,-0.003539370806
2021-01-25,0.00329505248,0.00329505248,0,0,0.002763254243,0.0005317982373,1.049515159,-0.008984758124,8,8,0.003943798638
2021-01-26,-0.0008833442588,-0.0008833442588,0,0,-0.003067199033,0.002183854774,1.048292437,-0.005671019338,8,8,-0.001561010928
2021-01-27,-0.004166729827,-0.004166729827,0,0,-0.01303801368,0.008871283853,1.043963562,-0.006560158475,8,8,-0.02444017998
2021-01-28,-0.002108799193,-0.002108799193,0,0,0.002741734566,-0.004850533759,1.026330708,-0.01077177136,8,8,0.0085999158
2021-01-29,-0.000178813765,-0.000178813765,0,0,-0.01194803869,0.01176922493,1.036107919,-0.01290779049,8,8,-0.02001950924
2021-02-01,0.001792538114,0.0009984842612,0.0007940538533,0.7940538533,0.009433853228,-0.007641315113,1.012571718,-0.01308894474,8,8,0.01664550162
2021-02-02,0.01229163813,0.01229163813,0,0,0.01405433622,-0.001762698088,1,0,8,8,0.0141402208
2021-02-03,-0.008961094437,-0.008961094437,0,0,-0.001909335792,-0.007051758645,1.003482589,0.01214238829,8,8,0.0007863581462
2021-02-04,0.002251982959,0.002251982959,0,0,0.006957514906,-0.004705531948,1.017745122,0.0032100595,8,8,0.01136564827
2021-02-05,-0.002760663581,-0.002760663581,0,0,0.001567261516,-0.004327925097,1.027095168,0.00544976967,8,8,0.003935868358
2021-02-08,-0.001345382191,-0.001345382191,0,0,0.007323705519,-0.00866908771,1.035849988,0.002696550358,8,8,0.007221801528
2021-02-09,0.0003049848431,0.0003049848431,0,0,-0.002103911933,0.002408896776,1.053259819,0.001352988453,8,8,-0.0006656379815
2021-02-10,-0.003856971992,-0.003856971992,0,0,-0.003498815185,-0.0003581568074,1.048427256,0.001657467794,8,8,-0.0004355762732
2021-02-11,0.004918873352,0.004918873352,0,0,0.001631824281,0.003287049071,1.049333848,-0.002208020471,8,8,0.001615165469
2021-02-12,-0.001410677671,-0.001410677671,0,0,0.001120701798,-0.002531379469,1.04255045,0.002697583807,8,8,0.004939634956
2021-02-16,-0.00363191749,-0.00363191749,0,0,0.0004263594984,-0.004058276988,1.047680471,0.00128872411,8,8,-0.0008660171956
2021-02-17,-0.008181954088,-0.008181954088,0,0,-0.001608776276,-0.006573177812,1.056000414,-0.002351734686,8,8,0.0002295518904
2021-02-18,-0.000371782097,-0.000371782097,0,0,-0.004396577561,0.004024795464,1.069717192,-0.01062058592,8,8,-0.004255953934
2021-02-19,0.005334989831,0.005334989831,0,0,0.003564944689,0.001770045141,1.061690537,-0.0109964563,8,8,-0.001766117016
2021-02-22,-0.0164970667,-0.0164970667,0,0,-0.009310941365,-0.007186125334,1.057841861,-0.005631422888,8,8,-0.007691853306
2021-02-23,-0.0009127133508,-0.0009127133508,0,0,0.0006292250905,-0.001541938441,1.073425415,-0.02249966811,8,8,0.00121467907
2021-02-24,0.006813838073,0.006813838073,0,0,0.01445161871,-0.007637780639,1.076579187,-0.02343376978,8,8,0.01101927066
2021-02-25,-0.01244333973,-0.01244333973,0,0,-0.01887901472,0.006435674987,1.091233101,-0.0165074526,8,8,-0.02409604088
2021-02-26,0.005590818478,0.005590818478,0,0,-0.00379722967,0.009388048149,1.079349119,-0.029315576,8,8,-0.005152435604
2021-03-01,0.01249443079,0.01138923561,0.001105195185,1.105195185,0.02071781561,-0.008223384822,1.060236252,-0.02359285415,8,8,0.02424028604
2021-03-02,-0.00113340403,-0.00113340403,0,0,-0.005547082659,0.004413678629,1,0,8,8,-0.007803322889
2021-03-03,0.005745554575,0.005745554575,0,0,-0.005214725772,0.01096028035,0.9911626264,-0.001134690092,8,8,-0.01324567898
2021-03-04,-0.006056281754,-0.006056281754,0,0,-0.01157979872,0.005523516969,0.9694177776,0.004584523851,8,8,-0.01237456119
2021-03-05,-0.003700387407,-0.003700387407,0,0,0.00408057306,-0.007780960467,0.9581170889,-0.001480725595,8,8,0.01839621695
2021-03-08,0.005999301829,0.005999301829,0,0,-0.0003338360125,0.006333137841,0.9735812502,-0.005200356335,8,8,-0.004978538875
2021-03-09,-0.0008634997674,-0.0008634997674,0,0,0.009590358643,-0.01045385841,0.9611480591,0.0007941809624,8,8,0.01427737611
2021-03-10,0.004710561592,0.004710561592,0,0,0.005851042277,-0.001140480686,0.9820402677,-6.937871351e-05,8,8,0.006224675753
2021-03-11,-0.004658000772,-0.004658000772,0,0,0.00394964344,-0.008607644213,0.9843947386,0.004619422802,8,8,0.01013899645
2021-03-12,0.006147423879,0.006147423879,0,0,0.00400959719,0.002137826689,1.001617562,-3.875850704e-05,8,8,0.00134678245
2021-03-15,-0.0008449575951,-0.0008449575951,0,0,0.004031676342,-0.004876633937,0.9973581488,0.006071342257,8,8,0.005963794873
2021-03-16,-0.01065379798,-0.01065379798,0,0,-0.00631805467,-0.004335743314,1.007117431,0.00523080447,8,8,-0.001261384087
2021-03-17,0.005963136153,0.005963136153,0,0,0.007349051197,-0.001385915044,1.015958941,-0.005481391148,8,8,0.003409722949
2021-03-18,0.0007449213899,0.0007449213899,0,0,-0.006647114878,0.007392036268,1.018619739,0.0004788893235,8,8,-0.01454950661
2021-03-19,-0.008697377986,-0.008697377986,0,0,-0.001842769032,-0.006854608954,1.003832811,0.001222899749,8,8,-0.001850251915
2021-03-22,-0.0067701555,-0.0067701555,0,0,-0.0006026449197,-0.00616751058,1.017695937,-0.007540056962,8,8,0.007984818634
2021-03-23,-0.01280468086,-0.01280468086,0,0,-0.01019052843,-0.002614152434,1.030235658,-0.01440775521,8,8,-0.007870833092
2021-03-24,0.004294750679,0.004294750679,0,0,-0.002625115599,0.006919866278,1.035923958,-0.02756540225,8,8,-0.005083213344
2021-03-25,0.008805546141,0.008805546141,0,0,0.005209000806,0.003596545334,1.021989785,-0.02317113731,8,8,0.005625436991
2021-03-26,-0.002599940408,-0.002599940408,0,0,0.006432444638,-0.009032385046,1.014667539,-0.01424019844,8,8,0.01611496006
2021-03-29,-0.008223246872,-0.008223246872,0,0,-0.003173689447,-0.005049557426,1.032817632,-0.01688403634,8,8,-0.0005051402947
2021-03-30,0.005587585473,0.005587585473,0,0,0.002026242038,0.003561343435,1.043272589,-0.02531545848,8,8,-0.002653037154
2021-03-31,-0.004064778789,-0.004064778789,0,0,0.001352160292,-0.005416939081,1.035949033,-0.01961825433,8,8,0.00405333899
2021-04-01,-0.002942967255,-0.003762599111,0.0008196318563,0.8196318563,0.004603468352,-0.007546435607,1.04697385,-0.02377969231,8,8,0.01079910233
2021-04-05,-0.007758881459,-0.007758881459,0,0,-0.0001512483971,-0.007607633062,1,0,8,8,0.01435310058
2021-04-06,-0.0003462359209,-0.0003462359209,0,0,-5.471562701e-05,-0.0002915202939,1.015334243,-0.007819552439,8,8,-0.0005905072235
2021-04-07,-0.001487142953,-0.001487142953,0,0,-0.001249055259,-0.0002380876935,1.015922796,-0.008168616629,8,8,0.001157190719
2021-04-08,-0.001349127661,-0.001349127661,0,0,-0.0004148984711,-0.0009342291904,1.016423396,-0.009670140463,8,8,0.004746684375
2021-04-09,-0.003810755667,-0.003810755667,0,0,0.0003416970668,-0.004152452733,1.018316565,-0.01103415461,8,8,0.00727034347
2021-04-12,0.001200587319,0.001200587319,0,0,0.001303107473,-0.0001025201535,1.026723307,-0.014901697,8,8,0.000364615136
2021-04-13,0.001150353671,0.001150353671,0,0,0.002398434206,-0.001248080534,1.026896056,-0.01368468003,8,8,0.002963686268
2021-04-14,0.006153164212,0.006153164212,0,0,0.00384778374,0.002305380471,1.029358445,-0.01251992402,8,8,-0.003415136272
2021-04-15,-0.007354909739,-0.007354909739,0,0,-0.001994962736,-0.005359947003,1.024596338,-0.006327823666,8,8,0.01074214349
2021-04-16,-0.00192651542,-0.00192651542,0,0,0.001313834963,-0.003240350383,1.035577905,-0.01378411432,8,8,0.003342683289
2021-04-19,-0.0006475208485,-0.0006475208485,0,0,-0.003141089394,0.002493568545,1.042139788,-0.01574095493,8,8,-0.004913276146
2021-04-20,-0.01269720041,-0.01269720041,0,0,-0.01172380538,-0.0009733950234,1.037176724,-0.01639909454,8,8,-0.007321331303
2021-04-21,0.006972240815,0.006972240815,0,0,0.008582426162,-0.001610185347,1.039626662,-0.02947048763,8,8,0.009461968846
2021-04-22,-0.003724131286,-0.003724131286,0,0,-0.007726123604,0.004001992319,1.042550361,-0.02234246974,8,8,-0.009133061827
2021-04-23,0.004138009621,0.004138009621,0,0,0.006475285058,-0.002337275437,1.034675513,-0.02616403934,8,8,0.01084251179
2021-04-26,0.008013579865,0.008013579865,0,0,0.003484550334,0.004529029531,1.039187903,-0.0219352614,8,8,0.002087576167
2021-04-27,-1.669611525e-05,-1.669611525e-05,0,0,0.0005393518483,-0.0005560479635,1.029890316,-0.01381100593,8,8,-0.0002153277426
2021-04-28,0.005171777917,0.005171777917,0,0,0.003978010853,0.001193767065,1.03100293,-0.01382793292,8,8,-0.0002874793335
2021-04-29,0.001795930335,0.001795930335,0,0,0.002572405092,-0.0007764747564,1.028468164,-0.008611617629,8,8,0.006372590569
2021-04-30,-0.00211104524,-0.00211104524,0,0,-0.003054318884,0.0009432736444,1.029967295,-0.006803468738,8,8,-0.006570563349
2021-05-03,-0.001088442702,-0.001623702488,0.0005352597867,0.5352597867,0.001302800524,-0.002391243226,1.028140153,-0.008933372732,8,8,0.002156839903
2021-05-04,0.007467879974,0.007467879974,0,0,0.0005743426161,0.006893537358,1,0,8,8,-0.006169268587
2021-05-05,0.01018153101,0.01018153101,0,0,0.008050193135,0.002131337878,0.9863151223,0.007412524134,8,8,0.0003129122737
2021-05-06,0.001976564402,0.001976564402,0,0,0.00437786574,-0.002401301338,0.9822333384,0.01741672621,8,8,0.007985434353
2021-05-07,0.006241139053,0.006241139053,0,0,0.006727769907,-0.0004866308537,0.9870615148,0.01935503414,8,8,0.007277892484
2021-05-10,-0.003671092323,-0.003671092323,0,0,-0.005318741733,0.00164764941,0.9881089899,0.02543741475,8,8,-0.009902310161
2021-05-11,-0.009557602559,-0.009557602559,0,0,-0.01064551099,0.001087908435,0.9847577354,0.02184652303,8,8,-0.008924774116
2021-05-12,0.003793373232,0.003793373232,0,0,-0.005894827319,0.009688200551,0.9824138369,0.01240750649,8,8,-0.02124504487
2021-05-13,-0.004824884532,-0.004824884532,0,0,-0.0001342560607,-0.004690628471,0.9631771188,0.01613965598,8,8,0.01201243545
2021-05-14,0.007096744964,0.007096744964,0,0,0.01261342318,-0.005516678217,0.9724253311,0.01136962859,8,8,0.01535532698
2021-05-17,0.004436065075,0.004436065075,0,0,0.004007267414,0.0004287976615,0.9835752498,0.0183362459,8,8,-0.002544554674
2021-05-18,-0.007098144828,-0.007098144828,0,0,-0.00759545261,0.0004973077825,0.9827939815,0.02267173767,8,8,-0.00861551556
2021-05-19,-0.01113965151,-0.01113965151,0,0,-0.009291739255,-0.001847912256,0.9816692516,0.01568492672,8,8,-0.002622042846
2021-05-20,-0.002529764452,-0.002529764452,0,0,0.002793137196,-0.005322901649,0.9852002117,0.004596478378,8,8,0.01075797109
2021-05-21,0.007226600506,0.007226600506,0,0,0.004808619301,0.002417981204,0.9958354797,0.002071955485,8,8,-0.0008185766816
2021-05-24,0.003318621284,0.003318621284,0,0,0.006214676425,-0.00289605514,0.9910640935,0.009231841163,8,8,0.01019428801
2021-05-25,-0.005579313165,-0.005579313165,0,0,-0.005481613557,-9.769960777e-05,0.9968666024,0.01250894998,8,8,-0.002218882367
2021-05-26,0.002950775316,0.002950775316,0,0,0.003542051976,-0.0005912766598,0.9970455176,0.00696851635,8,8,0.001984610768
2021-05-27,0.01028633882,0.01028633882,0,0,0.005075889024,0.005210449801,0.9982332841,0.009890108178,8,8,0.000525148295
2021-05-28,-0.005231872976,-0.005231872976,0,0,-0.0009106439087,-0.004321229067,0.987936474,0.01997101834,8,8,0.001788536009
2021-06-01,0.0162015492,0.01531290429,0.0008886449158,0.8886449158,0.01215527461,0.004046274596,0.9965609394,0.01481666427,8,8,-0.0008807389878
2021-06-02,0.0001386082972,0.0001386082972,0,0,0.001282020523,-0.001143412225,1,0,8,8,0.001572645906
2021-06-03,0.0005178382848,0.0005178382848,0,0,0.002159253953,-0.001641415668,1.002286508,0.0001385890876,8,8,-0.003711312278
2021-06-04,0.001092214603,0.001092214603,0,0,0.003704166726,-0.002611952124,1.005566456,0.0006560876252,8,8,0.009145830369
2021-06-07,6.311170373e-05,6.311170373e-05,0,0,-0.001153819908,0.001216931612,1.010778588,0.00174639479,8,8,-0.0009702072876
2021-06-08,0.004309959632,0.004309959632,0,0,0.0007034363835,0.003606523249,1.008344198,0.0018093923,8,8,0.0002131469868
2021-06-09,-0.003757769046,-0.003757769046,0,0,-0.003512477852,-0.0002452911946,1.001126297,0.006093090956,8,8,-0.001491943683
2021-06-10,-0.01260809216,-0.01260809216,0,0,-0.00723807425,-0.00537001791,1.001622979,0.002344130611,8,8,0.004648313481
2021-06-11,-0.0006515063497,-0.0006515063497,0,0,0.0001984244039,-0.0008499307536,1.012520879,-0.01039502296,8,8,0.001652596653
2021-06-14,-0.004272565956,-0.004272565956,0,0,-0.003162353884,-0.001110212073,1.014230011,-0.01105373088,8,8,0.002238866755
2021-06-15,0.002674519413,0.002674519413,0,0,0.000976956317,0.001697563096,1.016521023,-0.01539206043,8,8,-0.001834143792
2021-06-16,-0.001759393356,-0.001759393356,0,0,-0.004719657686,0.002960264331,1.013090885,-0.01268361843,8,8,-0.005583387947
2021-06-17,-0.01360957645,-0.01360957645,0,0,-0.01031125115,-0.003298325306,1.007182994,-0.01446846752,8,8,-0.000331693852
2021-06-18,-0.003247872159,-0.003247872159,0,0,-0.01050685023,0.007258978068,1.013969767,-0.02846544664,8,8,-0.01349015014
2021-06-21,0.007806528431,0.007806528431,0,0,0.01239691387,-0.004590385444,0.9994500244,-0.03181665523,8,8,0.01431574868
2021-06-22,0.001459342953,0.001459342953,0,0,0.002168844364,-0.0007095014106,1.008563941,-0.02382414295,8,8,0.005346238559
2021-06-23,0.005168891549,0.005168891549,0,0,0.001970705205,0.003198186344,1.009968396,-0.02233220964,8,8,-0.001205263896
2021-06-24,0.003060839981,0.003060839981,0,0,0.005237232014,-0.002176392033,1.003553655,-0.01707505897,8,8,0.005915608528
2021-06-25,-0.01056999988,-0.01056999988,0,0,0.002175977641,-0.01274597752,1.007882313,-0.0139714546,8,8,0.003552241656
2021-06-28,-0.004357774595,-0.004357774595,0,0,-0.003530013266,-0.0008277613294,1.033730802,-0.02480362883,8,8,0.002015789856
2021-06-29,-0.001918491346,-0.001918491346,0,0,-0.001823340668,-9.515067803e-05,1.035541205,-0.02928903845,8,8,0.0005381277447
2021-06-30,0.002001920782,0.002001920782,0,0,0.003458877055,-0.001456956273,1.035800189,-0.03126751626,8,8,0.0008416081801
2021-07-01,0.0005581554895,-0.0001232696014,0.000681425091,0.681425091,0.002656124769,-0.00209796928,1.038636754,-0.02920712513,8,8,0.005536563762
2021-07-02,-0.003025382376,-0.003025382376,0,0,0.00131948507,-0.004344867447,1,0,8,8,0.007643711787
2021-07-06,-0.01156889816,-0.01156889816,0,0,-0.007997763467,-0.003571134695,1.008716104,-0.00303456309,8,8,-0.001821412033
2021-07-07,-0.002526917042,-0.002526917042,0,0,-0.00200032571,-0.0005265913317,1.016043985,-0.0147743846,8,8,0.003533775446
2021-07-08,-0.006762409276,-0.006762409276,0,0,-0.006938097889,0.0001756886138,1.01714048,-0.01734513135,8,8,-0.008147899245
2021-07-09,0.01005880006,0.01005880006,0,0,0.01166914276,-0.001610342697,1.016903411,-0.02427167563,8,8,0.01067464544
2021-07-12,0.001955273389,0.001955273389,0,0,0.004613238657,-0.002657965268,1.019923688,-0.01407133482,8,8,0.003582261027
2021-07-13,-0.002936209531,-0.002936209531,0,0,-0.004690511774,0.001754302243,1.025190364,-0.01209241745,8,8,-0.003409008139
2021-07-14,-0.00811101361,-0.00811101361,0,0,-0.005783044654,-0.002327968956,1.02174561,-0.01507288413,8,8,0.001492237248
2021-07-15,-0.001557200624,-0.001557200624,0,0,-0.001857605483,0.0003004048591,1.026617442,-0.02337348036,8,8,-0.003415572384
2021-07-16,-0.006482914399,-0.006482914399,0,0,-0.009711262197,0.003228347797,1.026057208,-0.0249695636,8,8,-0.007843843539
2021-07-19,-0.01000292068,-0.01000292068,0,0,-0.01432843001,0.004325509326,1.01972841,-0.03165771224,8,8,-0.01476751918
2021-07-20,0.006952411605,0.006952411605,0,0,0.01021019929,-0.003257787683,1.011189318,-0.04208157154,8,8,0.01433017245
2021-07-21,0.01478750418,0.01478750418,0,0,0.0114235129,0.003363991283,1.017582651,-0.03488661384,8,8,0.008096345642
2021-07-22,-0.005283401264,-0.005283401264,0,0,-0.003323514722,-0.001959886543,1.010696494,-0.01980622503,8,8,0.002093996928
2021-07-23,-0.002745702885,-0.002745702885,0,0,0.002102826725,-0.00484852961,1.014693901,-0.02522288893,8,8,0.01028801802
2021-07-26,0.003489894445,0.003489894445,0,0,0.005198570869,-0.001708676424,1.024458115,-0.02804559669,8,8,0.002454950213
2021-07-27,-0.00108587835,-0.00108587835,0,0,-0.003031738575,0.001945860225,1.027778524,-0.02447030347,8,8,-0.004557526022
2021-07-28,0.003315414211,0.003315414211,0,0,0.002557916052,0.0007574981592,1.02391277,-0.02558396289,8,8,-0.0004101118377
2021-07-29,0.001854429498,0.001854429498,0,0,0.003934282604,-0.002079853107,1.022323761,-0.02219496319,8,8,0.004147296359
2021-07-30,-0.004274328067,-0.004274328067,0,0,-0.006665269086,0.00239094102,1.026434446,-0.02030288342,8,8,-0.004856418184
2021-08-02,-0.004179057922,-0.00498256693,0.0008035090086,0.8035090086,-0.001878123234,-0.002300934688,1.021745512,-0.02468271351,8,8,-0.002098021132
2021-08-03,0.001911754489,0.001911754489,0,0,0.004139337421,-0.002227582932,1,0,8,8,0.008135507777
2021-08-04,-0.002372313002,-0.002372313002,0,0,-0.002914214735,0.0005419017328,1.004446665,0.001908106658,8,8,-0.004918859942
2021-08-05,0.001602979383,0.001602979383,0,0,0.006171077589,-0.004568098205,1.003370858,-0.0004653102054,8,8,0.006332845242
2021-08-06,0.008775961764,0.008775961764,0,0,0.006023569771,0.002752391993,1.012487038,0.001135848436,8,8,0.001652409498
2021-08-09,-0.00370761939,-0.00370761939,0,0,-0.002000279762,-0.001707339628,1.006921511,0.009825581275,8,8,-0.0008136254593
2021-08-10,0.002500225807,0.002500225807,0,0,0.002977948229,-0.0004777224221,1.010374656,0.006140729372,8,8,0.001244104425
2021-08-11,0.0007988402374,0.0007988402374,0,0,0.002856243477,-0.002057403239,1.011301843,0.008619404721,8,8,0.002484748306
2021-08-12,-0.002807594088,-0.002807594088,0,0,0.0009309111312,-0.003738505219,1.015404344,0.009410727291,8,8,0.002996939857
2021-08-13,-0.005325456446,-0.005325456446,0,0,-0.003179556226,-0.00214590022,1.022945777,0.006621724317,8,8,0.001819845159
2021-08-16,-0.002075862222,-0.002075862222,0,0,-0.002450459977,0.0003745977546,1.027383407,0.001303208049,8,8,0.002354662025
2021-08-17,-0.002254757119,-0.002254757119,0,0,-0.004816214835,0.002561457715,1.026689615,-0.0007742614329,8,8,-0.006555168007
2021-08-18,-0.006198458337,-0.006198458337,0,0,-0.007693230114,0.001494771777,1.021615437,-0.003035863687,8,8,-0.01094493991
2021-08-19,-0.006711035161,-0.006711035161,0,0,-0.003993694927,-0.002717340234,1.018742066,-0.009291917589,8,8,0.001548216068
2021-08-20,0.0007676351526,0.0007676351526,0,0,0.005453936951,-0.004686301799,1.024340093,-0.01611107474,8,8,0.007957157013
2021-08-23,0.009023985566,0.009023985566,0,0,0.01115105919,-0.002127073624,1.033686838,-0.01533167046,8,8,0.008796365681
2021-08-24,0.005332126069,0.005332126069,0,0,0.003557867206,0.001774258864,1.037601668,-0.006251273489,8,8,0.001587557103
2021-08-25,0.007590489668,0.007590489668,0,0,0.00620938033,0.001381109338,1.033872538,-0.0009142724046,8,8,0.002098396876
2021-08-26,-0.0007313288817,-0.0007313288817,0,0,-0.003689965241,0.002958636359,1.030875955,0.006625923261,8,8,-0.005903416493
2021-08-27,0.00674110776,0.00674110776,0,0,0.009601660953,-0.002860553193,1.024976949,0.005898908421,8,8,0.00894122168
2021-08-30,-0.009265481674,-0.009265481674,0,0,-0.003409225084,-0.00585625659,1.030492502,0.01255537902,8,8,0.004397379456
2021-08-31,-0.001487579265,-0.001487579265,0,0,-0.001008275721,-0.0004793035441,1.042599722,0.003320664904,8,8,-0.001481517743
2021-09-01,-0.006645724554,-0.008198248014,0.00155252346,1.55252346,-0.002370134115,-0.004275590439,1.043623222,0.001835816561,8,8,0.0005313292262
2021-09-02,-0.00816152853,-0.00816152853,0,0,-0.0007446093665,-0.007416919164,1,0,8,8,0.003076791877
2021-09-03,0.004764003618,0.004764003618,0,0,0.002298535651,0.002465467967,1.014955901,-0.008228687196,8,8,-0.0002429501935
2021-09-07,-0.001368605989,-0.001368605989,0,0,-0.001322279221,-4.632676743e-05,1.009977433,-0.003448256073,8,8,-0.003575305765
2021-09-08,0.00139150198,0.00139150198,0,0,-0.001774008991,0.003165510972,1.010083887,-0.004823463483,8,8,-0.001218248706
2021-09-09,-0.0002359776671,-0.0002359776671,0,0,-0.0001578987026,-7.807896456e-05,1.00374765,-0.003427192558,8,8,-0.004280222956
2021-09-10,0.001457968141,0.001457968141,0,0,-0.0008263039013,0.002284272042,1.00390473,-0.003664034855,8,8,-0.00788454024
2021-09-13,-0.01154487409,-0.01154487409,0,0,-0.004732308041,-0.006812566049,0.9993371522,-0.002202855022,8,8,0.002559221911
2021-09-14,0.006140006402,0.006140006402,0,0,-0.001994565281,0.008134571683,1.01311368,-0.01390829867,8,8,-0.00539652481
2021-09-15,-0.006779357401,-0.006779357401,0,0,0.002928827279,-0.009708184679,0.996863793,-0.007720885978,8,8,0.008352629121
2021-09-16,0.001647304393,0.001647304393,0,0,-0.0006759415196,0.002323245912,1.016391285,-0.01459921669,8,8,-0.001585213539
2021-09-17,-0.004093747528,-0.004093747528,0,0,-0.006580076986,0.002486329458,1.011725477,-0.01293061164,8,8,-0.009741278216
2021-09-20,0.006800214249,0.006800214249,0,0,-0.007341794049,0.0141420083,1.006780577,-0.01709433908,8,8,-0.01667397529
2021-09-21,0.003052347656,0.003052347656,0,0,0.002266006072,0.0007863415848,0.9786418003,-0.01022459539,8,8,-0.0009446224199
2021-09-22,-0.01321759908,-0.01321759908,0,0,0.0006306713289,-0.01384827041,0.9771388971,-0.007150422158,8,8,0.00975479044
2021-09-23,-0.006924259718,-0.006924259718,0,0,0.00471580832,-0.01164006804,1.004900207,-0.02064084363,8,8,0.01215021172
2021-09-24,-0.007099797273,-0.007099797273,0,0,-0.003876703396,-0.003223093878,1.028376832,-0.02775730212,8,8,0.001646995768
2021-09-27,-0.0129155995,-0.0129155995,0,0,-0.00302418392,-0.009891415576,1.035072024,-0.03510634734,8,8,-0.002860822922
2021-09-28,-0.0117077496,-0.0117077496,0,0,-0.01362720331,0.001919453715,1.055572608,-0.04865029456,8,8,-0.02015196642
2021-09-29,-0.001794944514,-0.001794944514,0,0,0.0006984624828,-0.002493406997,1.052346561,-0.06107307239,8,8,0.001683294493
2021-09-30,0.001553417894,0.001553417894,0,0,-0.005848692611,0.007402110505,1.057436471,-0.06298106442,8,8,-0.01222242741
2021-10-01,-0.009180158269,-0.009641932304,0.0004617740351,0.4617740351,0.005064428091,-0.01424458636,1.042566127,-0.06133237173,8,8,0.0118843174
2021-10-04,-0.01442750802,-0.01442750802,0,0,-0.01280886593,-0.001618642087,1,0,8,8,-0.01289617246
2021-10-05,0.00899765386,0.00899765386,0,0,0.01005502976,-0.001057375903,1.003284674,-0.0146387081,8,8,0.01040496593
2021-10-06,0.004735139265,0.004735139265,0,0,0.002753628499,0.001981510766,1.005351277,-0.005590750599,8,8,0.004156131173
2021-10-07,0.0003470000993,0.0003470000993,0,0,0.004547139038,-0.004200138939,1.001381713,-0.0008515789888,8,8,0.008645620274
2021-10-08,-0.003444357357,-0.003444357357,0,0,0.001061134335,-0.004505491692,1.009778597,-0.0005044038612,8,8,-0.001823789577
2021-10-11,0.002409885796,0.002409885796,0,0,-0.003388326321,0.005798212117,1.018854522,-0.003962409171,8,8,-0.007239728795
2021-10-12,0.002580507261,0.002580507261,0,0,-0.0008730981317,0.003453605393,1.007240649,-0.001548790965,8,8,-0.002461540627
2021-10-13,0.00620202364,0.00620202364,0,0,0.003251317584,0.002950706056,1.00033258,0.001029060797,8,8,0.003597650966
2021-10-14,0.004690830146,0.004690830146,0,0,0.008283999642,-0.003593169495,0.994465493,0.00718651351,8,8,0.01682044786
2021-10-15,-0.002050073583,-0.002050073583,0,0,0.002544975319,-0.004595048902,1.00164412,0.01182188918,8,8,0.007616026291
2021-10-18,0.01027573173,0.01027573173,0,0,0.007459360756,0.002816370972,1.010856474,0.009791889694,8,8,0.002960591222
2021-10-19,-0.002027489591,-0.002027489591,0,0,0.004069752242,-0.006097241833,1.0051706,0.01986350933,8,8,0.007714685604
2021-10-20,-0.006255024916,-0.006255024916,0,0,-0.001602212994,-0.004652811923,1.017400363,0.01787225555,8,8,0.003927844891
2021-10-21,0.007769988654,0.007769988654,0,0,0.003196336428,0.004573652227,1.026874085,0.01169035409,8,8,0.002608222267
2021-10-22,-0.003599993357,-0.003599993357,0,0,-0.001891174595,-0.001708818762,1.017590106,0.01931030192,8,8,-0.001036154695
2021-10-25,-0.002079420211,-0.002079420211,0,0,0.001932338024,-0.004011758236,1.021083644,0.01576706991,8,8,0.005362777815
2021-10-26,0.00242827741,0.00242827741,0,0,0.003505517851,-0.001077240441,1.029167813,0.01371617138,8,8,0.0008998766965
2021-10-27,0.01115600475,0.01115600475,0,0,0.001629926282,0.009526078469,1.031246419,0.01610534055,8,8,-0.004430165643
2021-10-28,-0.005656359882,-0.005656359882,0,0,0.00331629181,-0.008972651693,1.012059723,0.02696057303,8,8,0.009648957707
2021-10-29,0.006210823313,0.006210823313,0,0,0.007090092893,-0.0008792695802,1.030175712,0.02142540293,8,8,0.002029191843
2021-11-01,-0.006261973737,-0.007442373806,0.001180400069,1.180400069,-0.002335741708,-0.003926232028,1.031737137,0.027465642,8,8,0.001720051577
2021-11-02,-0.0005440185246,-0.0005440185246,0,0,-0.0002383305376,-0.000305687987,1,0,8,8,0.004043069093
2021-11-03,0.00214886013,0.00214886013,0,0,0.005494808618,-0.003345948488,1.000611709,-0.0005443146418,8,8,0.006105503747
2021-11-04,0.00981650775,0.00981650775,0,0,0.01050796991,-0.000691462157,1.007287945,0.001601104938,8,8,0.004712320347
2021-11-05,-0.009164585736,-0.009164585736,0,0,-0.002252917705,-0.006911668031,1.008586579,0.01130662115,8,8,0.003469686806
2021-11-08,-0.0009701108114,-0.0009701108114,0,0,0.001497049642,-0.002467160453,1.022617192,0.002161847858,8,8,0.0008538285886
2021-11-09,-0.007430064135,-0.007430064135,0,0,-0.00757120608,0.0001411419451,1.027578267,0.001192894286,8,8,-0.003305581028
2021-11-10,-0.006141745619,-0.006141745619,0,0,-0.009685249951,0.003543504332,1.027500312,-0.006283859327,8,8,-0.008044943717
2021-11-11,0.007790137989,0.007790137989,0,0,0.002658970866,0.005131167123,1.020539452,-0.01250239145,8,8,0.0003237083626
2021-11-12,0.002503653822,0.002503653822,0,0,0.004047046191,-0.001543392368,1.010197676,-0.004675828119,8,8,0.007546820761
2021-11-15,-0.003071444038,-0.003071444038,0,0,-0.001734255434,-0.001337188604,1.013251284,-0.002166749506,8,8,0.0003423548778
2021-11-16,0.008889596866,0.008889596866,0,0,0.005506334702,0.003383262164,1.015974727,-0.005254331931,8,8,0.0039580505
2021-11-17,0.001296401713,0.001296401713,0,0,-0.0006265054364,0.00192290715,1.009127067,0.003603233641,8,8,-0.002429359103
2021-11-18,0.003570413129,0.003570413129,0,0,0.005264732814,-0.001694319685,1.005274415,0.004893291682,8,8,0.003396328447
2021-11-19,0.00961235977,0.00961235977,0,0,0.002818279924,0.006794079846,1.008632233,0.008433593399,8,8,-0.001788244744
2021-11-22,-0.001795071452,-0.001795071452,0,0,-0.004332767359,0.002537695907,0.9950912584,0.0178741405,8,8,-0.00281524211
2021-11-23,-0.007429465744,-0.007429465744,0,0,-0.005059579114,-0.00236988663,0.9899979121,0.01610798403,8,8,0.001326078627
2021-11-24,0.004947085992,0.004947085992,0,0,0.004251669713,0.0006954162794,0.9946982965,0.008743477654,8,8,0.002669848007
2021-11-26,0.002205161356,0.002205161356,0,0,-0.01075394185,0.01295910321,0.9933404095,0.01362316866,8,8,-0.02230301227
2021-11-29,0.01307522753,0.01307522753,0,0,0.01447173701,-0.001396509478,0.9674938843,0.01579350279,8,8,0.01226640684
2021-11-30,-0.003654493659,-0.003654493659,0,0,-0.01184357424,0.008189080581,0.9706703946,0.02849613685,8,8,-0.0194575413
2021-12-01,-0.0101548925,-0.01073162376,0.0005767312587,0.5767312587,-0.01726474516,0.007109852656,0.954124582,0.0249327598,8,8,-0.0111072856
2021-12-02,-0.005410391306,-0.005410391306,0,0,0.007032103739,-0.01244249505,1,0,8,8,0.01531636988
2021-12-03,-0.01559635449,-0.01559635449,0,0,-0.01612912275,0.0005327682523,1.02502036,-0.005439822877,8,8,-0.008701291613
2021-12-06,-0.009463903633,-0.009463903633,0,0,0.00276099757,-0.0122249012,1.024334351,-0.02136946309,8,8,0.01184315178
2021-12-07,0.01357953455,0.01357953455,0,0,0.01883173783,-0.005252203277,1.049250253,-0.03112795873,8,8,0.02068501308
2021-12-08,-0.002311040697,-0.002311040697,0,0,0.0001731216034,-0.002484162301,1.05895409,-0.01731331739,8,8,0.00264799673
2021-12-09,-0.01276351916,-0.01276351916,0,0,-0.01280258602,3.906685724e-05,1.064070484,-0.01966981583,8,8,-0.006751479906
2021-12-10,0.003255160829,0.003255160829,0,0,0.005725814388,-0.002470653558,1.064819678,-0.03285265043,8,8,0.009413474869
2021-12-13,-0.00997538951,-0.00997538951,0,0,-0.01147666088,0.001501271372,1.069534638,-0.02950145761,8,8,-0.008858428457
2021-12-14,-0.008926327794,-0.008926327794,0,0,-0.01110032458,0.002173996787,1.067202466,-0.0398746119,8,8,-0.006879972029
2021-12-15,0.006449331273,0.006449331273,0,0,0.01138560549,-0.004936274215,1.063420586,-0.04924047633,8,8,0.01562489683
2021-12-16,-0.01840948009,-0.01840948009,0,0,-0.01876338981,0.0003539097208,1.072823472,-0.04251693923,8,8,-0.008818391675
2021-12-17,-0.0004576368363,-0.0004576368363,0,0,-0.006829818405,0.006372181568,1.073468163,-0.06206907879,8,8,-0.01064289131
2021-12-20,0.005553995663,0.005553995663,0,0,-0.004450778442,0.0100047741,1.060751602,-0.06255534325,8,8,-0.01063339241
2021-12-21,0.001785682013,0.001785682013,0,0,0.01288754734,-0.01110186532,1.040517022,-0.05668651095,8,8,0.01775881628
2021-12-22,0.006561483939,0.006561483939,0,0,0.009561103372,-0.002999619433,1.062608953,-0.05480296827,8,8,0.009998751846
2021-12-23,-0.001395942985,-0.001395942985,0,0,0.005244151676,-0.006640094661,1.068160955,-0.04792701201,8,8,0.006222054552
2021-12-27,0.006164353685,0.006164353685,0,0,0.01029995053,-0.004135596845,1.081554991,-0.04939190327,8,8,0.01415212154
2021-12-28,-0.0071621349,-0.0071621349,0,0,-0.004320783786,-0.002841351114,1.089275856,-0.04296271224,8,8,-0.0008171311019
2021-12-29,-0.0003884084857,-0.0003884084857,0,0,-0.001135201345,0.0007467928595,1.095643571,-0.05048643781,8,8,0.001279137758
2021-12-30,-0.002422063472,-0.002422063472,0,0,-0.002665237122,0.0002431736499,1.094186568,-0.0508946142,8,8,-0.002764426343
2021-12-31,-0.00220176481,-0.00220176481,0,0,-0.004004444716,0.001802679906,1.093927719,-0.05344612759,8,8,-0.002520130975
2022-01-03,0.007742396122,0.00689626984,0.0008461262818,0.8461262818,0.0109168274,-0.00317443128,1.090521667,-0.05577068633,8,8,0.005789954032
2022-01-04,-0.01576433497,-0.01576433497,0,0,-0.007852480175,-0.007911854797,1,0,8,8,-0.0003349905657
2022-01-05,-0.01118778206,-0.01118778206,0,0,-0.01383953766,0.002651755597,1.016077155,-0.01601682964,8,8,-0.01920226104
2022-01-06,-0.009384956873,-0.009384956873,0,0,-0.006020275995,-0.003364680878,1.010895541,-0.0275124146,8,8,-0.0009391246156
2022-01-07,-0.01186505319,-0.01186505319,0,0,-0.006166718922,-0.005698334265,1.017791879,-0.03724693232,8,8,-0.003953756238
2022-01-10,0.007664758565,0.007664758565,0,0,0.0003856431715,0.007279115394,1.029539029,-0.04970169881,8,8,-0.001244284908
2022-01-11,-0.0007646737221,-0.0007646737221,0,0,0.003247896083,-0.004012569805,1.014866848,-0.04171718807,8,8,0.009108300908
2022-01-12,0.003407443227,0.003407443227,0,0,0.004063901816,-0.0006564585889,1.022909506,-0.04251437142,8,8,0.002703380088
2022-01-13,-0.01561133048,-0.01561133048,0,0,-0.01513560812,-0.0004757223598,1.024140167,-0.03897412607,8,8,-0.01377854673
2022-01-14,0.001972070753,0.001972070753,0,0,-0.001230963923,0.003203034677,1.025489537,-0.05545112234,8,8,0.0004091491618
2022-01-18,-0.005773363964,-0.005773363964,0,0,-0.01105832864,0.005284964676,1.019045908,-0.05337379469,8,8,-0.01770961104
2022-01-19,0.00186664717,0.00186664717,0,0,-0.0071431835,0.00900983067,1.008525197,-0.05949061966,8,8,-0.01038351796
2022-01-20,0.0009652576418,0.0009652576418,0,0,-0.004940161938,0.00590541958,0.9905232259,-0.05751660927,8,8,-0.01106819791
2022-01-21,0.002759672309,0.002759672309,0,0,-0.01008817095,0.01284784326,0.978732915,-0.05649681764,8,8,-0.01963052405
2022-01-24,-0.0003340250464,-0.0003340250464,0,0,0.0002716727363,-0.0006056977827,0.9531664737,-0.05358925655,8,8,0.004246725204
2022-01-25,-0.01429404287,-0.01429404287,0,0,-0.01040110296,-0.003892939914,0.9543626252,-0.05394129934,8,8,-0.01220890773
2022-01-26,0.01023676777,0.01023676777,0,0,0.004458730874,0.005778036898,0.9615996082,-0.06922484511,8,8,-0.002508884076
2022-01-27,-0.005019142331,-0.005019142331,0,0,-0.008156483953,0.003137341622,0.9505497452,-0.0583903489,8,8,-0.004938112133
2022-01-28,0.009755597568,0.009755597568,0,0,0.01321980566,-0.003464208096,0.9439939596,-0.06372935795,8,8,0.02483565365
2022-01-31,0.004899202734,0.004899202734,0,0,0.01544813498,-0.01054893224,0.9513965317,-0.05345230124,8,8,0.01801108319
2022-02-01,-0.01513722081,-0.01581707787,0.0006798570563,0.6798570563,0.0002942507935,-0.0154314716,0.9726284947,-0.04831638673,8,8,0.006756733376
2022-02-02,0.003533712835,0.003533712835,0,0,0.005141916419,-0.001608203584,1,0,8,8,0.009714027647
2022-02-03,0.01792774662,0.01792774662,0,0,-0.009449729026,0.02737747565,1.003205081,0.003521269679,8,8,-0.02350480614
2022-02-04,0.0008063731608,0.0008063731608,0,0,0.00254072835,-0.00173435519,0.9493580265,0.02107125616,8,8,0.004702246378
2022-02-07,0.001518305528,0.001518305528,0,0,8.994008422e-05,0.001428365443,0.9528647455,0.021860002,8,8,-0.003209477982
2022-02-08,0.001451737609,0.001451737609,0,0,0.003440611156,-0.001988873546,0.9500838026,0.02334286593,8,8,0.008227884451
2022-02-09,-0.002574127857,-0.002574127857,0,0,0.008164928154,-0.01073905601,0.9541281436,0.02475866046,8,8,0.01463627812
2022-02-10,-0.0078094255,-0.0078094255,0,0,-0.01222299591,0.004413570412,0.975543301,0.0222417858,8,8,-0.01796582833
2022-02-11,0.002261230966,0.002261230966,0,0,-0.01104955091,0.01331078187,0.9664541866,0.01454595586,8,8,-0.01971848168
2022-02-14,7.366893855e-05,7.366893855e-05,0,0,-0.0002889082633,0.0003625772019,0.9399683683,0.01676926764,8,8,-0.003269372703
2022-02-15,0.001844632717,0.001844632717,0,0,0.01203419945,-0.01018956673,0.9392476894,0.01684169587,8,8,0.016126692
2022-02-16,-0.0005285196321,-0.0005285196321,0,0,-0.0006159480503,8.742841826e-05,0.9597011594,0.01865192264,8,8,0.00112096905
2022-02-17,0.0003752262052,0.0003752262052,0,0,-0.01315987054,0.01353509674,0.9595049001,0.01813298664,8,8,-0.0213614219
2022-02-18,-0.0001267822522,-0.0001267822522,0,0,-0.005850451665,0.005723669413,0.9324600494,0.01850127069,8,8,-0.006475107957
2022-02-22,-0.003766830314,-0.003766830314,0,0,-0.01244439126,0.008677560948,0.9210026951,0.01837681829,8,8,-0.01073154292
2022-02-23,-0.003818682837,-0.003818682837,0,0,-0.01124937613,0.007430693295,0.9032832577,0.01466522941,8,8,-0.0177387327
2022-02-24,-0.003632924189,-0.003632924189,0,0,0.007255781954,-0.01088870614,0.8879941563,0.01088812487,8,8,0.01504898813
2022-02-25,0.003612526519,0.003612526519,0,0,0.01089896651,-0.007286439991,0.9094425804,0.007281654375,8,8,0.02206407095
2022-02-28,0.005582642491,0.005582642491,0,0,0.006035118045,-0.0004524755539,0.9242889684,0.01085496704,8,8,-0.002558620892
2022-03-01,0.01064381782,0.00950172393,0.001142093885,1.142093885,-0.004313309135,0.01495712695,0.9256092167,0.01634635368,8,8,-0.0152302103
2022-03-02,0.003647425601,0.003647425601,0,0,0.009781892177,-0.006134466576,1,0,8,8,0.01839624915
2022-03-03,0.007969632021,0.007969632021,0,0,-0.001885967463,0.009855599484,1.012224346,0.003634170236,8,8,-0.004978504991
2022-03-04,0.0167692598,0.0167692598,0,0,0.006598738929,0.01017052087,0.9925723425,0.01151205541,8,8,-0.008124565556
2022-03-07,0.01821033883,0.01821033883,0,0,-0.0005825525837,0.01879289142,0.9726892813,0.02781488026,8,8,-0.02947920258
2022-03-08,0.003685283308,0.003685283308,0,0,-0.001382674775,0.005067958083,0.9362641499,0.04520207401,8,8,-0.00758172767
2022-03-09,-0.01851290311,-0.01851290311,0,0,-0.001057974676,-0.01745492843,0.9263994725,0.04870785507,8,8,0.02681069221
2022-03-10,0.004953610547,0.004953610547,0,0,0.003910370017,0.00104324053,0.9605795423,0.03076449202,8,8,-0.004515508101
2022-03-11,0.007434322984,0.007434322984,0,0,-0.003641479854,0.01107580284,0.9586976569,0.03554204114,8,8,-0.01271487544
2022-03-14,0.00348856709,0.00348856709,0,0,-0.002291488887,0.005780055977,0.9370143072,0.04265922169,8,8,-0.007308509402
2022-03-15,-0.01154296307,-0.01154296307,0,0,6.789072599e-05,-0.0116108538,0.9257133492,0.04598735879,8,8,0.02199050506
2022-03-16,-0.0156979866,-0.0156979866,0,0,0.003335992748,-0.01903397935,0.9483387327,0.03484662908,8,8,0.02217434522
2022-03-17,0.002818755772,0.002818755772,0,0,0.01152227518,-0.008703519413,0.9861899007,0.0194540316,8,8,0.01251093269
2022-03-18,-0.005260606041,-0.005260606041,0,0,0.00458359263,-0.00984419867,1.003586829,0.0222101823,8,8,0.0109527933
2022-03-21,0.01115615095,0.01115615095,0,0,0.005014326147,0.006141824807,1.023398316,0.01703921284,8,8,-0.0002925508778
2022-03-22,-0.006692940643,-0.006692940643,0,0,0.00298347638,-0.009676417023,1.010992037,0.02788428253,8,8,0.01170138505
2022-03-23,0.01306173383,0.01306173383,0,0,-0.0009313277642,0.0139930616,1.030549336,0.02133412995,8,8,-0.01287832336
2022-03-24,-0.002282612157,-0.002282612157,0,0,0.002658288707,-0.004940900864,1.002530165,0.03395238675,8,8,0.01507442171
2022-03-25,0.004180395665,0.004180395665,0,0,0.004628399568,-0.0004480039022,1.012440363,0.03174222979,8,8,0.004883412554
2022-03-28,-0.004529503598,-0.004529503598,0,0,0.002178496902,-0.0067080005,1.013280852,0.03577307983,8,8,0.00711299438
2022-03-29,-0.01397935745,-0.01397935745,0,0,-0.00172255739,-0.01225680006,1.026818326,0.03138573804,8,8,0.01237101251
2022-03-30,0.00683199035,0.00683199035,0,0,-0.0003388427794,0.007170833129,1.052059687,0.01765316043,8,8,-0.00617482523
2022-03-31,0.001354760419,0.001354760419,0,0,-0.007797658951,0.009152419369,1.037462081,0.02431900358,8,8,-0.0153913639
2022-04-01,0.001654093444,0.0008567478379,0.000797345606,0.797345606,0.003199085048,-0.001544991604,1.019131323,0.02563902926,8,8,0.002834000358
2022-04-04,-0.009556506141,-0.009556506141,0,0,0.001388898793,-0.01094540493,1,0,8,8,0.008566639208
2022-04-05,0.006724077948,0.006724077948,0,0,-0.004113100524,0.01083717847,1.022102028,-0.009648714137,8,8,-0.01263145422
2022-04-06,0.01589497827,0.01589497827,0,0,0.003006543046,0.01288843522,1.000424815,-0.002905102057,8,8,-0.009999088131
2022-04-07,0.006891894774,0.006891894774,0,0,0.006214319577,0.000677575197,0.9750446096,0.01278663296,8,8,0.005038852226
2022-04-08,0.007824179672,0.007824179672,0,0,0.004058973289,0.003765206383,0.9738695475,0.01954383368,8,8,-0.002673948017
2022-04-11,-0.005492476181,-0.005492476181,0,0,-0.01195104766,0.006458571477,0.9666004587,0.02715554351,8,8,-0.0170921672
2022-04-12,0.007679544682,0.007679544682,0,0,0.004241755602,0.00343778908,0.9534275175,0.02178270833,8,8,-0.003705340265
2022-04-13,-0.0004082024283,-0.0004082024283,0,0,0.001620691303,-0.002028893731,0.946959268,0.02923772063,8,8,0.01145355555
2022-04-14,0.008637539072,0.008637539072,0,0,-0.0008993578465,0.009536896919,0.9509970524,0.02884129129,8,8,-0.01245174267
2022-04-18,0.004139086914,0.004139086914,0,0,0.002016200952,0.002122885962,0.9325062385,0.03715787774,8,8,0.0004110816262
2022-04-19,-0.01306555923,-0.01306555923,0,0,-0.0006899670575,-0.01237559218,0.9285561788,0.04112673751,8,8,0.01614275666
2022-04-20,0.0335520007,0.0335520007,0,0,0.003001313988,0.03055068671,0.9526892214,0.02843266697,8,8,-0.0007414206084
2022-04-21,0.004823286467,0.004823286467,0,0,-0.00666444044,0.01148772691,0.8951072109,0.05997247127,8,8,-0.01495363646
2022-04-22,-7.750286908e-05,-7.750286908e-05,0,0,-0.01032180416,0.01024430129,0.8727455418,0.06448472942,8,8,-0.0274392816
2022-04-25,-0.006700866271,-0.006700866271,0,0,-0.00383110593,-0.00286976034,0.8522454878,0.06441221868,8,8,0.005797675815
2022-04-26,0.005587638934,0.005587638934,0,0,-0.007268267717,0.01285590665,0.8570269653,0.05810067728,8,8,-0.02896064855
2022-04-27,0.007070850998,0.007070850998,0,0,0.003438653168,0.00363219783,0.8322524647,0.06333442631,8,8,0.002811625519
2022-04-28,-0.005001909159,-0.005001909159,0,0,0.01182005327,-0.01682196243,0.8262168637,0.06991094741,8,8,0.02525948546
2022-04-29,-0.003785356939,-0.003785356939,0,0,-0.01535889905,0.01157354211,0.8591563011,0.0652353395,8,8,-0.03695566951
2022-05-02,-0.005669947245,-0.006151836768,0.0004818895228,0.4818895228,0.002731837185,-0.00840178443,0.8353860945,0.06168347653,8,8,0.006019417902
2022-05-03,0.004685394674,0.004685394674,0,0,0.00721355449,-0.002528159815,1,0,8,8,0.004584224169
2022-05-04,-0.002067859177,-0.002067859177,0,0,0.01501972083,-0.01708758,1.005032739,0.004663544129,8,8,0.03045273203
2022-05-05,0.01531394918,0.01531394918,0,0,-0.01129843283,0.02661238201,1.039289144,0.002601063586,8,8,-0.03554287187
2022-05-06,0.01593780522,0.01593780522,0,0,0.007694026305,0.008243778911,0.9862745702,0.01764480118,8,8,-0.005968867594
2022-05-09,-0.01098187436,-0.01098187436,0,0,-0.02265113336,0.01166925899,0.970260987,0.03305576997,8,8,-0.03201712267
2022-05-10,0.003731911404,0.003731911404,0,0,0.00613348727,-0.002401575867,0.9463331059,0.02231900006,8,8,0.00231060344
2022-05-11,0.01198145533,0.01198145533,0,0,-0.002115679822,0.01409713515,0.9513179348,0.02595405324,8,8,-0.01588618832
2022-05-12,-0.002630512388,-0.002630512388,0,0,0.001918727449,-0.004549239837,0.9240338495,0.03748636734,8,8,-0.00104413446
2022-05-13,-0.00725949994,-0.00725949994,0,0,0.008445060252,-0.01570456019,0.932955969,0.03494778553,8,8,0.0239078408
2022-05-16,0.00995985817,0.00995985817,0,0,0.006410994396,0.003548863774,0.9641045061,0.02789075855,8,8,-0.004057605392
2022-05-17,-0.002252520333,-0.002252520333,0,0,0.007185451562,-0.009437971895,0.9574307621,0.03747734765,8,8,0.02057053914
2022-05-18,0.002383363402,0.002383363402,0,0,-0.01619908548,0.01858244888,0.9762532158,0.03530435109,8,8,-0.04031152522
2022-05-19,-0.002819331402,-0.002819331402,0,0,-0.003009300892,0.0001899694902,0.9392331475,0.03759810455,8,8,-0.006124655263
2022-05-20,0.001440450822,0.001440450822,0,0,0.003772073459,-0.002331622637,0.9386803281,0.03487710326,8,8,0.0004364412595
2022-05-23,-0.00372554673,-0.00372554673,0,0,0.005848699931,-0.009574246661,0.9434250667,0.03626531567,8,8,0.01871015798
2022-05-24,0.01184088716,0.01184088716,0,0,0.001493075418,0.01034781174,0.9624336047,0.03266145071,8,8,-0.007633755682
2022-05-25,-0.001211398411,-0.001211398411,0,0,0.005867624909,-0.00707902332,0.9424197821,0.0439815572,8,8,0.008834804337
2022-05-26,-0.005540050136,-0.005540050136,0,0,0.005397937497,-0.01093798763,0.9565251634,0.04282203334,8,8,0.01998155053
2022-05-27,-0.002762931491,-0.002762931491,0,0,0.008116453553,-0.01087938504,0.9782808133,0.0374896779,8,8,0.02454896375
2022-05-31,-0.004832801935,-0.004832801935,0,0,-0.007961097679,0.003128295744,1.000039693,0.03482295986,8,8,-0.005611034606
2022-06-01,0.002147305728,0.001237540511,0.0009097652176,0.9097652176,0.00144420716,0.0007030985686,0.9937529106,0.03013579827,8,8,-0.008088545452
2022-06-02,-0.02711667253,-0.02711667253,0,0,-0.0006976138792,-0.02641905865,1,0,8,8,0.01904375245
2022-06-03,0.01617763134,0.01617763134,0,0,0.001485186782,0.01469244456,1.054310847,-0.02787248148,8,8,-0.01641161782
2022-06-06,-0.001928248091,-0.001928248091,0,0,-0.0006882338338,-0.001240014257,1.024529134,-0.01150866717,8,8,0.003044866595
2022-06-07,0.006772591635,0.006772591635,0,0,0.01060008779,-0.003827496151,1.027061344,-0.01346287502,8,8,0.009592039554
2022-06-08,0.0002189471096,0.0002189471096,0,0,-0.001178991997,0.001397939107,1.034482798,-0.006645277634,8,8,-0.0108722002
2022-06-09,0.005451940978,0.005451940978,0,0,-0.01007542366,0.01552736464,1.031679984,-0.006424923806,8,8,-0.02378272856
2022-06-10,0.02120767858,0.02120767858,0,0,-0.005806100868,0.02701377944,1.000621864,-0.000967706947,8,8,-0.0289956277
2022-06-13,0.01294239748,0.01294239748,0,0,-0.01394962525,0.02689202273,0.9477033948,0.01981964301,8,8,-0.03796829126
2022-06-14,-0.001903964663,-0.001903964663,0,0,-0.004010218053,0.00210625339,0.8952747453,0.03234343885,8,8,-0.003013468263
2022-06-15,-0.01656841688,-0.01656841688,0,0,-0.001371674943,-0.01519674193,0.8908544292,0.03049754043,8,8,0.01425670299
2022-06-16,0.009767751732,0.009767751732,0,0,-0.009712562662,0.01948031439,0.919921133,0.01416379521,8,8,-0.03309631311
2022-06-17,-0.01539570336,-0.01539570336,0,0,-0.01122838051,-0.004167322848,0.8821120049,0.02370005074,8,8,0.002155968367
2022-06-21,0.01391478838,0.01391478838,0,0,0.01914758676,-0.005232798385,0.8887336265,0.008434197787,8,8,0.02517350203
2022-06-22,-0.002569166153,-0.002569166153,0,0,-0.002855594009,0.0002864278565,0.9005825954,0.0220422726,8,8,-0.001813100832
2022-06-23,-0.01002455123,-0.01002455123,0,0,-0.000238240315,-0.009786310912,0.8997521864,0.01952326496,8,8,0.009802663735
2022-06-24,-0.01563495906,-0.01563495906,0,0,0.007041465071,-0.02267642413,0.9185078863,0.009594898286,8,8,0.03179378834
2022-06-27,0.01410694974,0.01410694974,0,0,0.005801529021,0.008305420724,0.963286724,-0.006135996833,8,8,-0.003819604724
2022-06-28,0.02239933752,0.02239933752,0,0,-7.154766898e-05,0.02247088519,0.947417659,0.007860071281,8,8,-0.02043295709
2022-06-29,-0.001937310328,-0.001937310328,0,0,-0.002646219422,0.0007089090944,0.9046125053,0.02959646753,8,8,-0.0008143085549
2022-06-30,0.003847281701,0.003847281701,0,0,-0.004385169556,0.008232451257,0.9030067812,0.02771284559,8,8,-0.008124412768
2022-07-01,0.003676023209,0.003219229494,0.0004567937145,0.4567937145,0.006065481121,-0.002389457913,0.8869767111,0.03143917194,8,8,0.01057670735
2022-07-05,-0.02434588928,-0.02434588928,0,0,-0.01088847002,-0.01345741926,1,0,8,8,0.001888555308
2022-07-06,-0.003769222967,-0.003769222967,0,0,-0.003434841797,-0.0003343811701,1.027586455,-0.02495340205,8,8,0.003377213167
2022-07-07,-0.009086713013,-0.009086713013,0,0,0.007425228428,-0.01651194144,1.028362121,-0.0288312966,8,8,0.01497737622
2022-07-08,0.0008939896624,0.0008939896624,0,0,-0.0002299758945,0.001123965557,1.061948916,-0.03826571922,8,8,-0.0008226717747
2022-07-11,0.01794928057,0.01794928057,0,0,-0.001965240325,0.0199145209,1.05964766,-0.03733834946,8,8,-0.01142359631
2022-07-12,-0.003304744179,-0.003304744179,0,0,-0.005570022588,0.002265278409,1.019469161,-0.01904718561,8,8,-0.008848796747
2022-07-13,-0.002377328817,-0.002377328817,0,0,-0.001063507951,-0.001313820866,1.014988136,-0.02242604212,8,8,-0.005251869074
2022-07-14,-0.002707197639,-0.002707197639,0,0,-0.004771222326,0.002064024688,1.017657756,-0.02486247722,8,8,-0.002428487064
2022-07-15,-0.00810504283,-0.00810504283,0,0,0.007242067178,-0.01534711001,1.013566434,-0.02764451402,8,8,0.01910503977
2022-07-18,-0.005404256416,-0.005404256416,0,0,-0.00225618138,-0.003148075036,1.04462232,-0.03604167618,8,8,-0.008256842695
2022-07-19,-0.01601229881,-0.01601229881,0,0,0.008991976497,-0.02500427531,1.051195141,-0.04167113409,8,8,0.0270191699
2022-07-20,-0.02207993288,-0.02207993288,0,0,-0.0008532604423,-0.02122667244,1.102850566,-0.05862210761,8,8,0.006373034249
2022-07-21,-0.01743010311,-0.01743010311,0,0,-0.00213826036,-0.01529184275,1.14858465,-0.08252416859,8,8,0.01018331666
2022-07-22,0.01470709943,0.01470709943,0,0,-0.001763117532,0.01647021696,1.182346656,-0.1017273906,8,8,-0.009278126136
2022-07-25,0.01809785963,0.01809785963,0,0,0.01023000625,0.007867853371,1.147240738,-0.08575902468,8,8,0.001214955342
2022-07-26,0.0201029477,0.0201029477,0,0,0.0006255953003,0.0194773524,1.129167379,-0.06645841008,8,8,-0.01183107368
2022-07-27,-0.02339608293,-0.02339608293,0,0,0.005062127591,-0.02845821053,1.088434872,-0.04544194532,8,8,0.02596635138
2022-07-28,-0.001418145047,-0.001418145047,0,0,0.002808671956,-0.004226817003,1.148833412,-0.0704871515,8,8,0.01254239528
2022-07-29,-0.002361040628,-0.002361040628,0,0,0.01288264454,-0.01524368517,1.157510419,-0.0720074135,8,8,0.01457872008
2022-08-01,-0.0145763682,-0.01540536539,0.000828997182,0.828997182,-0.008285901165,-0.00629046704,1.18844271,-0.07454445662,8,8,-0.002961164392
2022-08-02,0.004446532363,0.004446532363,0,0,-0.002313556021,0.006760088384,1,0,8,8,-0.006597487801
2022-08-03,-0.01555158813,-0.01555158813,0,0,-0.001060642472,-0.01449094566,0.986539675,0.004426848239,8,8,0.01565958478
2022-08-04,-0.009468511956,-0.009468511956,0,0,-0.006773866751,-0.002694645205,1.015766765,-0.01130048031,8,8,-0.0006754234796
2022-08-05,0.004820757809,0.004820757809,0,0,0.001489463381,0.003331294428,1.021358286,-0.02096752351,8,8,-0.00169020522
2022-08-08,0.001024532239,0.001024532239,0,0,0.001165845328,-0.0001413130889,1.014625193,-0.0160692995,8,8,-0.001161024642
2022-08-09,0.01141413937,0.01141413937,0,0,0.003779679389,0.007634459986,1.014892561,-0.01502936919,8,8,-0.003971139818
2022-08-10,-0.01865665766,-0.01865665766,0,0,0.002252253057,-0.02090891071,0.9996278884,-0.003574430761,8,8,0.02100419711
2022-08-11,-0.00197360836,-0.00197360836,0,0,0.001069000487,-0.003042608847,1.042233649,-0.02265373133,8,8,0
2022-08-12,-0.008128325004,-0.008128325004,0,0,0.004271824539,-0.01240014954,1.048414417,-0.02467604053,8,8,0.0169288442
2022-08-15,-0.005161175477,-0.005161175477,0,0,-0.001222852533,-0.003938322944,1.073814706,-0.03307319521,8,8,0.004121033917
2022-08-16,0.0001196347133,0.0001196347133,0,0,0.0002620865436,-0.0001424518303,1.082115163,-0.03843272875,8,8,0.001958636445
2022-08-17,0.01115444676,0.01115444676,0,0,0.0003169513168,0.01083749544,1.08239021,-0.03830851101,8,8,-0.007098099938
2022-08-18,0.000456124427,0.000456124427,0,0,0.002888813913,-0.002432689486,1.060045445,-0.02685451697,8,8,0.002906351581
2022-08-19,0.01692489676,0.01692489676,0,0,0.0008670197181,0.01605787704,1.06488123,-0.02638635708,8,8,-0.0134379465
2022-08-22,0.01368204278,0.01368204278,0,0,-0.004166151248,0.01784819403,1.032220154,-0.009303991231,8,8,-0.02082263724
2022-08-23,0.003065234395,0.003065234395,0,0,0.001498010265,0.00156722413,0.9965706855,0.004318959362,8,8,-0.002419069172
2022-08-24,-0.003715931296,-0.003715931296,0,0,0.000724720697,-0.004440651993,0.9934562952,0.00736162864,8,8,0.003201158135
2022-08-25,-0.006639603966,-0.006639603966,0,0,0.003661313917,-0.01030091788,1.002346318,0.003659295033,8,8,0.01411740113
2022-08-26,0.01507913373,0.01507913373,0,0,-0.008315002093,0.02339413582,1.023101539,-0.003000229267,8,8,-0.0338487749
2022-08-29,0.00280793686,0.00280793686,0,0,-0.0006932662376,0.003501203098,0.9766651367,0.01189947075,8,8,-0.006612332525
2022-08-30,-0.0026832933,-0.0026832933,0,0,-0.007135622689,0.004452329389,0.9697476771,0.01466622578,8,8,-0.01097786229
2022-08-31,-0.003654932892,-0.003654932892,0,0,-0.004690233033,0.001035300141,0.960737666,0.01201517271,8,8,-0.007609042242
2022-09-01,0.007619226063,0.006977870493,0.0006413555702,0.6413555702,0.004025749278,0.003593476785,0.9585154424,0.008390908025,8,8,0.003137797507
2022-09-02,0.002478511971,0.002478511971,0,0,-0.004759113704,0.007237625676,1,0,8,8,-0.0105443937
2022-09-06,0.006103958308,0.006103958308,0,0,0.001304657885,0.004799300423,0.985560537,0.002472384138,8,8,-0.00377304412
2022-09-07,-0.004939051982,-0.004939051982,0,0,0.005459798951,-0.01039885093,0.9761077733,0.00852431041,8,8,0.01796489278
2022-09-08,-0.002378278625,-0.002378278625,0,0,0.003578368716,-0.005956647342,0.9968901153,0.003603054099,8,8,0.00653622014
2022-09-09,-0.007241513867,-0.007241513867,0,0,0.001751237737,-0.008992751604,1.008824397,0.001227695276,8,8,0.01553507852
2022-09-12,-0.001553862293,-0.001553862293,0,0,0.003151523273,-0.004705385566,1.027005461,-0.006057685405,8,8,0.01074787101
2022-09-13,0.01841616048,0.01841616048,0,0,-0.0140060201,0.03242218059,1.036472906,-0.007623393401,8,8,-0.04348260348
2022-09-14,0.002437725917,0.002437725917,0,0,0.004014455946,-0.001576730029,0.9721415893,0.01059759998,8,8,0.003815976472
2022-09-15,-0.006063516298,-0.006063516298,0,0,-0.00417124893,-0.001892267367,0.9753551268,0.01300362662,8,8,-0.01135333692
2022-09-16,0.003817225984,0.003817225984,0,0,0.0003284913974,0.003488734586,0.9790124029,0.006982448511,8,8,-0.00762909999
2022-09-19,-0.003933274521,-0.003933274521,0,0,0.0008497155218,-0.004782990043,0.9721412768,0.01075860646,8,8,0.007755192123
2022-09-20,0.001937459371,0.001937459371,0,0,-0.003583765328,0.005521224699,0.9816350224,0.006852283855,8,8,-0.01147873844
2022-09-21,0.003011532811,0.003011532811,0,0,-0.007521562345,0.01053309516,0.9706494385,0.008772746386,8,8,-0.01744379742
2022-09-22,0.01185580777,0.01185580777,0,0,0.003452551226,0.008403256545,0.949734624,0.01174889701,8,8,-0.008399614593
2022-09-23,0.005715311073,0.005715311073,0,0,-0.005765484848,0.01148079592,0.9337139852,0.02332813094,8,8,-0.01675500966
2022-09-26,0.003887435083,0.003887435083,0,0,-0.004382376623,0.008269811705,0.9112595725,0.02887839302,8,8,-0.009892648107
2022-09-27,0.0007907014604,0.0007907014604,0,0,-0.001610665361,0.002401366822,0.8951276336,0.03263894631,8,8,-0.002552526216
2022-09-28,-0.01071204758,-0.01071204758,0,0,0.006158016997,-0.01687006458,0.8904115517,0.03340323579,8,8,0.01967615203
2022-09-29,0.007808199948,0.007808199948,0,0,-0.004874474567,0.01268267452,0.9233303923,0.02293688926,8,8,-0.02088891369
2022-09-30,0.001802337,0.001802337,0,0,-0.005771850608,0.007574187608,0.89875558,0.03050688535,8,8,-0.01546354625
2022-10-03,-0.002787976057,-0.003657377148,0.0008694010906,0.8694010906,0.009348019745,-0.0121359958,0.8838166064,0.03225109501,8,8,0.02640121823
2022-10-04,-0.003576406303,-0.003576406303,0,0,0.01309901855,-0.01667542485,1,0,8,8,0.03098667822
2022-10-05,0.002826011946,0.002826011946,0,0,0.0009724586461,0.0018535533,1.033470554,-0.003589242894,8,8,-0.002328283671
2022-10-06,-0.002587631693,-0.002587631693,0,0,-0.004136525346,0.001548893653,1.029679573,-0.0007610801261,8,8,-0.01031573246
2022-10-07,0.01983935787,0.01983935787,0,0,-0.005138442738,0.02497780061,1.026650748,-0.003357399533,8,8,-0.02789391963
2022-10-10,0.003103775934,0.003103775934,0,0,-0.000678350597,0.003782126531,0.9771485054,0.01616132797,8,8,-0.007635308791
2022-10-11,0.00819604294,0.00819604294,0,0,-0.001728674815,0.009924717755,0.9696783639,0.01920549435,8,8,-0.006333341913
2022-10-12,-0.001302100769,-0.001302100769,0,0,0.0005344552616,-0.001836556031,0.9502367898,0.02717877885,8,8,-0.003298124302
2022-10-13,0.005206276842,0.005206276842,0,0,0.01553628286,-0.01033000602,0.9538498096,0.02591041605,8,8,0.02639101392
2022-10-14,0.007931771652,0.007931771652,0,0,-0.009196466256,0.01712823791,0.9746418432,0.03095552984,8,8,-0.02278872107
2022-10-17,-0.01503654754,-0.01503654754,0,0,0.008017243306,-0.02305379084,0.940854496,0.03858128356,8,8,0.02569685642
2022-10-18,0.00108886595,0.00108886595,0,0,0.004317464654,-0.003228598704,0.9867630395,0.02390417225,8,8,0.01174983849
2022-10-19,-0.006092739614,-0.006092739614,0,0,0.0008889752555,-0.00698171487,0.9932276112,0.02496585373,8,8,-0.007086628458
2022-10-20,0.001127496204,0.001127496204,0,0,-0.003094436168,0.004221932372,1.007235123,0.01898880798,8,8,-0.008385167827
2022-10-21,-0.001389549201,-0.001389549201,0,0,0.01173919242,-0.01312874162,0.9987926192,0.02009364867,8,8,0.02430133988
2022-10-24,0.008002190559,0.008002190559,0,0,0.006867954596,0.001134235963,1.025084959,0.0187301259,8,8,0.0122363569
2022-10-25,-0.01584362084,-0.01584362084,0,0,0.001942115944,-0.01778573678,1.022635355,0.02652009758,8,8,0.01596883362
2022-10-26,0.01726427535,0.01726427535,0,0,0.004186363203,0.01307791214,1.059143882,0.01084835395,8,8,-0.007534186841
2022-10-27,0.02185072916,0.02185072916,0,0,0.003402015835,0.01844871333,1.032428208,0.02763552204,8,8,-0.005339985213
2022-10-28,0.004835862187,0.004835862187,0,0,0.01122734039,-0.006391478205,0.9956263487,0.04842806272,8,8,0.02379058259
2022-10-31,0.006841383238,0.006841383238,0,0,-0.001054530864,0.007895914102,1.008368835,0.05300758752,8,8,-0.007223104241
2022-11-01,0.006215441583,0.005425308298,0.0007901332859,0.7901332859,0.0004785180558,0.005736923528,0.9926274449,0.05944230318,8,8,-0.004375904383
2022-11-02,0.008361478237,0.008361478237,0,0,-0.006571458417,0.01493293665,1,0,8,8,-0.02509647455
2022-11-03,0.009024702879,0.009024702879,0,0,0.003532488632,0.005492214247,0.9703817788,0.008292143659,8,8,-0.01029659789
2022-11-04,-0.01633431505,-0.01633431505,0,0,0.0002609835044,-0.01659529855,0.9597604998,0.0171619649,8,8,0.01439319939
2022-11-07,-0.006187427125,-0.006187427125,0,0,0.002985454409,-0.009172881534,0.992834046,0.0008413934406,8,8,0.009565439117
2022-11-08,-0.000679419095,-0.000679419095,0,0,0.004073286119,-0.004752705214,1.011249414,-0.005379317822,8,8,0.005395575087
2022-11-09,-0.004619363199,-0.004619363199,0,0,-0.01185168348,0.007232320284,1.020768935,-0.006062856137,8,8,-0.02060221391
2022-11-10,-0.02415591049,-0.02415591049,0,0,0.01616997597,-0.04032588646,1.006333552,-0.01073179339,8,8,0.05495406276
2022-11-11,-0.01054878229,-0.01054878229,0,0,0.002593340924,-0.01314212321,1.089138547,-0.03575130931,8,8,0.009678479862
2022-11-14,0.001929964856,0.001929964856,0,0,0.0002413468565,0.001688618,1.116653344,-0.04679370823,8,8,-0.008506707588
2022-11-15,-0.004148214692,-0.004148214692,0,0,0.003021372515,-0.007169587207,1.113057911,-0.04477732471,8,8,0.008529300594
2022-11-16,0.009885440621,0.009885440621,0,0,-0.001438441564,0.01132388218,1.127927757,-0.04912933845,8,8,-0.007628990502
2022-11-17,0.003305495359,0.003305495359,0,0,-0.000861167048,0.004166662407,1.104249441,-0.03885975206,8,8,-0.003059748113
2022-11-18,0.0004170246681,0.0004170246681,0,0,0.0005074885666,-9.046389849e-05,1.09560011,-0.03543711947,8,8,0.004540435527
2022-11-21,0.001670724027,0.001670724027,0,0,-0.00173297929,0.003403703317,1.095741112,-0.03500549664,8,8,-0.003636154318
2022-11-22,-0.005363484887,-0.005363484887,0,0,0.007154874292,-0.01251835918,1.088785369,-0.0332791723,8,8,0.01345703332
2022-11-23,-0.003435836981,-0.003435836981,0,0,0.001403065956,-0.004838902937,1.114435863,-0.03885103412,8,8,0.006301469787
2022-11-25,0.003530441926,0.003530441926,0,0,0.0003247320965,0.003205709829,1.124541573,-0.04243266282,8,8,-0.0002234867082
2022-11-28,0.00213834979,0.00213834979,0,0,-0.007150439629,0.009288789419,1.117714569,-0.03876536203,8,8,-0.01595717085
2022-11-29,-0.002672997865,-0.002672997865,0,0,-0.0009189832238,-0.001754014641,1.098925453,-0.036548858,8,8,-0.00171727631
2022-11-30,-0.01319147201,-0.01319147201,0,0,0.01266770107,-0.02585917308,1.10270802,-0.03932697679,8,8,0.03150037597
2022-12-01,-0.002439260941,-0.003227594172,0.0007883332317,0.7883332317,0.0007827940123,-0.003222054953,1.156490709,-0.05322050561,8,8,-0.0007358945484
2022-12-02,0.001123934623,0.001123934623,0,0,-0.0001849291154,0.001308863739,1,0,8,8,-0.001153490773
2022-12-05,0.002563713774,0.002563713774,0,0,-0.006724966183,0.009288679958,0.9973852114,0.001122672812,8,8,-0.01798950195
2022-12-06,0.00693048302,0.00693048302,0,0,-0.006240201365,0.01317068438,0.9788620431,0.003676959914,8,8,-0.01441463836
2022-12-07,0.002990782159,0.002990782159,0,0,0.0006759310636,0.002314851095,0.9528474642,0.01053443422,8,8,-0.001701270926
2022-12-08,-0.007886946684,-0.007886946684,0,0,0.00195928795,-0.009846234634,0.9483721696,0.01348488602,8,8,0.007833865712
2022-12-09,-0.001954983167,-0.001954983167,0,0,-0.004014447064,0.002059463897,0.9678107641,0.005642440967,8,8,-0.007470262577
2022-12-12,-0.003809304496,-0.003809304496,0,0,0.004696238949,-0.008505543445,0.9636207154,0.003694680839,8,8,0.01441747906
2022-12-13,-0.009498392836,-0.009498392836,0,0,0.00192678813,-0.01142518097,0.9805577408,-0.0001150619632,8,8,0.007569723325
2022-12-14,0.00159044583,0.00159044583,0,0,-0.0008716053568,0.002462051187,1.003440785,-0.009705642808,8,8,-0.006393530598
2022-12-15,0.007028473228,0.007028473228,0,0,-0.01080042537,0.01782889859,0.9985190377,-0.008102310692,8,8,-0.02446171966
2022-12-16,-0.003062735763,-0.003062735763,0,0,-0.004465576789,0.001402841026,0.9631204474,-0.001066342703,8,8,-0.01180603472
2022-12-19,0.01167497561,0.01167497561,0,0,0.0002069409164,0.01146803469,0.9601928466,-0.004141763593,8,8,-0.008479681325
2022-12-20,-0.0002536026387,-0.0002536026387,0,0,0.002497191655,-0.002750794294,0.9379808493,0.007446276911,8,8,0.00136853697
2022-12-21,-0.007214035255,-0.007214035255,0,0,0.007245772373,-0.01445980763,0.9434681012,0.007194498816,8,8,0.01495223041
2022-12-22,0.006824213619,0.006824213619,0,0,-0.004681707461,0.01150592108,0.9721870731,-1.967839961e-05,8,8,-0.01426622547
2022-12-23,0.003251703287,0.003251703287,0,0,0.005243659543,-0.001991956257,0.9495197191,0.006758414356,8,8,0.005752293586
2022-12-27,0.007051892016,0.007051892016,0,0,-0.0001980662956,0.007249958312,0.953654334,0.00997767321,8,8,-0.003943512879
2022-12-28,-7.169362064e-05,-7.169362064e-05,0,0,-0.006835175331,0.00676348171,0.9395804892,0.01691031551,8,8,-0.01242783227
2022-12-29,-0.008999055538,-0.008999055538,0,0,0.004381983016,-0.01338103855,0.9260482239,0.0168398292,8,8,0.01800044214
2022-12-30,0.001835811632,0.001835811632,0,0,0.001145472468,0.0006903391637,0.9523817821,0.00791197395,8,8,-0.002634252794
2023-01-03,-0.008551378458,-0.009569857664,0.001018479206,1.018479206,-0.005301534311,-0.003249844146,0.9510908916,0.009729923276,8,8,-0.004209679459
2023-01-04,0.002767647569,0.002767647569,0,0,0.005015540092,-0.002247892523,1,0,8,8,0.007720201144
2023-01-05,0.0134193961,0.0134193961,0,0,0.002279809695,0.01113958641,1.004483377,0.002760008837,8,8,-0.0114133662
2023-01-06,-0.0004433038522,-0.0004433038522,0,0,0.01040467499,-0.01084797885,0.9824398504,0.01596516211,8,8,0.02293169118
2023-01-09,-0.01036815118,-0.01036815118,0,0,-0.003213347432,-0.00715480375,1.004137642,0.01552874221,8,8,-0.0005666393353
2023-01-10,0.003258427694,0.003258427694,0,0,0.005647818755,-0.002389391061,1.018640518,0.005214657379,8,8,0.007012948755
2023-01-11,-0.007066717508,-0.007066717508,0,0,0.002508595258,-0.009575312766,1.023343237,0.008445565808,8,8,0.01264791839
2023-01-12,0.00315379795,0.00315379795,0,0,0.008624311104,-0.005470513155,1.042796292,0.00138866158,8,8,0.003640581134
2023-01-13,0.0006434827484,0.0006434827484,0,0,0.003153612951,-0.002510130203,1.053568375,0.004528178569,8,8,0.003879432783
2023-01-17,-0.00818540069,-0.00818540069,0,0,-0.008179358064,-6.042626388e-06,1.058550959,0.005168335583,8,8,-0.00183182718
2023-01-18,0.0002945466578,0.0002945466578,0,0,-0.007488335035,0.007782881693,1.059046362,-0.003041964809,8,8,-0.01578798465
2023-01-19,-0.003926458273,-0.003926458273,0,0,-0.003620504585,-0.0003059536875,1.043467795,-0.002746609146,8,8,-0.007279808933
2023-01-20,-0.01008281584,-0.01008281584,0,0,0.008512380407,-0.01859519625,1.044253462,-0.006699372224,8,8,0.01862903385
2023-01-23,-0.008047746929,-0.008047746929,0,0,0.005741472672,-0.0137892196,1.082273402,-0.01695312329,8,8,0.01199857624
2023-01-24,0.007950664513,0.007950664513,0,0,0.003910140139,0.004040524374,1.110743074,-0.02520370324,8,8,-0.001073240969
2023-01-25,0.002940233715,0.002940233715,0,0,0.001380590573,0.001559643142,1.101852232,-0.01711694762,8,8,0.000374825716
2023-01-26,-0.01207232885,-0.01207232885,0,0,0.01038238664,-0.02245471549,1.098443499,-0.01413515325,8,8,0.0109903163
2023-01-27,-0.02277027633,-0.02277027633,0,0,-0.006311917741,-0.01645835859,1.145104681,-0.02652773363,8,8,0.002297795205
2023-01-30,0.007397148765,0.007397148765,0,0,-0.008087680283,0.01548482905,1.182169447,-0.05044669515,8,8,-0.01254690673
2023-01-31,-0.01001859106,-0.01001859106,0,0,0.003348280253,-0.01336687131,1.150089554,-0.04273344077,8,8,0.0147034828
2023-02-01,-0.01868170741,-0.01964540564,0.0009636982274,0.9636982274,-0.003135089973,-0.01554661744,1.178612745,-0.05328588128,8,8,0.01062772884
2023-02-02,-0.0435122881,-0.0435122881,0,0,-0.009625028789,-0.03388725931,1,0,8,8,0.01455697928
2023-02-03,0.0115456619,0.0115456619,0,0,0.0002547360274,0.01129092587,1.070857699,-0.0454917377,8,8,-0.01062904665
2023-02-06,0.003703279705,0.003703279705,0,0,0.0007460227934,0.002957256911,1.047724833,-0.03355861933,8,8,-0.006111526536
2023-02-07,-0.004965079482,-0.004965079482,0,0,0.007588070659,-0.01255315014,1.041656055,-0.02974518489,8,8,0.01307861161
2023-02-08,0.007687040272,0.007687040272,0,0,-0.002416318205,0.01010335848,1.06709549,-0.03488346354,8,8,-0.01093488039
2023-02-09,0.002025432784,0.002025432784,0,0,-0.001428819051,0.003454251835,1.046531086,-0.02698895806,8,8,-0.008668892588
2023-02-10,0.02019490879,0.02019490879,0,0,0.00733617321,0.01285873558,1.039542492,-0.02491306553,8,8,0.002333508767
2023-02-13,-0.004367911192,-0.004367911192,0,0,0.002242413141,-0.006610324332,1.013551353,-0.004624760136,8,8,0.0117389354
2023-02-14,-0.009122150286,-0.009122150286,0,0,-0.001013768054,-0.008108382231,1.026889452,-0.009032122838,8,8,-0.0004601509793
2023-02-15,-0.006308122864,-0.006308122864,0,0,-0.00155980378,-0.004748319084,1.043503058,-0.01832140372,8,8,0.003247522437
2023-02-16,0.007541731802,0.007541731802,0,0,-0.007641519468,0.01518325127,1.053336147,-0.02478587896,8,8,-0.01376895394
2023-02-17,-0.0008419748685,-0.0008419748685,0,0,-0.003584541708,0.00274256684,1.02279771,-0.01711506989,8,8,-0.002498216899
2023-02-21,0.009611717523,0.009611717523,0,0,-0.004909627943,0.01452134547,1.017327166,-0.01797217688,8,8,-0.02006086659
2023-02-22,-0.00621061081,-0.00621061081,0,0,-0.003869614776,-0.002340996034,0.9883960089,-0.008280866009,8,8,-0.001378236845
2023-02-23,-0.00778819771,-0.00778819771,0,0,0.001888352719,-0.00967655043,0.9930347425,-0.0145820402,8,8,0.005319549348
2023-02-24,0.007856414168,0.007856414168,0,0,-0.001077713435,0.008934127603,1.01248508,-0.02254582928,8,8,-0.01068237619
2023-02-27,-0.002349265515,-0.002349265515,0,0,0.003293618809,-0.005642884324,0.9946587872,-0.0145749086,8,8,0.003405861376
2023-02-28,-0.004800731612,-0.004800731612,0,0,-0.004229961918,-0.0005707696941,1.005958554,-0.01696402711,8,8,-0.003696023623
2023-03-01,0.008362524598,0.007447385115,0.0009151394823,0.9151394823,0.003895211334,0.004467313264,1.007134343,-0.02186974952,8,8,-0.003836107023
2023-03-02,0.00234810321,0.00234810321,0,0,0.004248532926,-0.001900429716,1,0,8,8,0.007777518329
2023-03-03,-0.002226516127,-0.002226516127,0,0,0.008059281509,-0.01028579764,1.003791956,0.002342602537,8,8,0.0160376731
2023-03-06,-0.001546520943,-0.001546520943,0,0,0.0001608638465,-0.00170738479,1.024417918,0.0001163454558,8,8,0.0006929784214
2023-03-07,-0.00146822982,-0.00146822982,0,0,-0.008617108301,0.007148878481,1.027875798,-0.00143239071,8,8,-0.01532878964
2023-03-08,0.001056287089,0.001056287089,0,0,0.000615152491,0.000441134598,1.013598006,-0.00290488557,8,8,0.00163206234
2023-03-09,-0.005679591235,-0.005679591235,0,0,-0.01396322851,0.008283637278,1.012702319,-0.00184664789,8,8,-0.01844971332
2023-03-10,-0.001137347232,-0.001137347232,0,0,-0.006578183506,0.005440836275,0.996112968,-0.007569229253,8,8,-0.01442961182
2023-03-13,-0.007613150796,-0.007613150796,0,0,-0.002636670428,-0.004976480369,0.9852144792,-0.008716490161,8,8,-0.001425390543
2023-03-14,-0.00393442693,-0.00393442693,0,0,0.00746327663,-0.01139770356,0.9951303667,-0.0164549147,8,8,0.01653022133
2023-03-15,-0.01307183632,-0.01307183632,0,0,-0.009395923906,-0.003675912418,1.01799658,-0.02046987888,8,8,-0.006254309493
2023-03-16,-0.004817421643,-0.004817421643,0,0,0.008966905139,-0.01378432678,1.025684144,-0.03398597429,8,8,0.01754511535
2023-03-17,-0.00517099788,-0.00517099788,0,0,-0.007080737491,0.001909739611,1.05351058,-0.03899123315,8,8,-0.0116926816
2023-03-20,0.008791189838,0.008791189838,0,0,0.007930201568,0.0008609882701,1.049949389,-0.04439178083,8,8,0.009615606463
2023-03-21,-0.004865501114,-0.004865501114,0,0,0.006667590573,-0.01153309169,1.047807131,-0.03529034686,8,8,0.01313058303
2023-03-22,-0.001357988509,-0.001357988509,0,0,-0.009142383715,0.007784395205,1.071219835,-0.04035218155,8,8,-0.01704650338
2023-03-23,0.004237730082,0.004237730082,0,0,0.006949355769,-0.002711625687,1.055726721,-0.04176688902,8,8,0.002703329257
2023-03-24,-0.003661985447,-0.003661985447,0,0,-0.0005551654082,-0.003106820039,1.060891928,-0.03737079161,8,8,0.006561991798
2023-03-27,0.008969985448,0.008969985448,0,0,0.006243930332,0.002726055116,1.067352211,-0.04118359077,8,8,0.001870000574
2023-03-28,0.004928061308,0.004928061308,0,0,0.0006238137418,0.004304247567,1.061349794,-0.03192721863,8,8,-0.002244768002
2023-03-29,-0.001460786631,-0.001460786631,0,0,0.006427636391,-0.007888423021,1.052482661,-0.0268667563,8,8,0.01453496923
2023-03-30,0.0007464776455,0.0007464776455,0,0,0.004461212406,-0.003714734761,1.068359366,-0.02836898397,8,8,0.005855098241
2023-03-31,-0.003831774806,-0.003831774806,0,0,0.006985489264,-0.01081726407,1.075732303,-0.02760190212,8,8,0.01409456036
2023-04-03,0.009710263734,0.008973654679,0.0007366090547,0.7366090547,0.008260175519,0.001450088214,1.097741354,-0.03155458699,8,8,0.003810638614
2023-04-04,-0.007434398401,-0.007434398401,0,0,-0.006846841091,-0.0005875573097,1,0,8,8,-0.005548109678
2023-04-05,-0.007396528988,-0.007396528988,0,0,-0.004522400889,-0.0028741281,1.001183916,-0.00749008266,8,8,-0.0026182151
2023-04-06,-0.004436595998,-0.004436595998,0,0,-0.0008261548789,-0.003610441119,1.006983829,-0.0149975414,8,8,0.003900775054
2023-04-10,0.00350267181,0.00350267181,0,0,0.002592808686,0.0009098631243,1.014268012,-0.01952074305,8,8,0.001026514311
2023-04-11,0.001425416309,0.001425416309,0,0,0.0006034889455,0.0008219273632,1.012404836,-0.01596216102,8,8,0.0002686490655
2023-04-12,0.002686648303,0.002686648303,0,0,-0.003200237806,0.00588688611,1.010745664,-0.0145160533,8,8,-0.004076145474
2023-04-13,-0.004058643895,-0.004058643895,0,0,0.005927707477,-0.009986351372,0.9989746467,-0.0117977087,8,8,0.01328269977
2023-04-14,0.003400712563,0.003400712563,0,0,0.0003713886815,0.003029323882,1.019024563,-0.01592097014,8,8,-0.002442638369
2023-04-17,0.003763918333,0.003763918333,0,0,0.00258478579,0.001179132543,1.012921972,-0.01247782409,8,8,0.003588173735
2023-04-18,0.00971918849,0.00971918849,0,0,0.004933007446,0.004786181045,1.010524095,-0.008681230311,8,8,0.0006521924142
2023-04-19,0.001583243494,0.001583243494,0,0,-0.001597073497,0.003180316991,1.000942572,0.001027967173,8,8,-0.0001687947677
2023-04-20,0.002701601581,0.002701601581,0,0,-0.003157687306,0.005859288887,0.9945905022,0.002607083019,8,8,-0.00545731374
2023-04-21,-0.003952722652,-0.003952722652,0,0,-0.0004418823207,-0.003510840331,0.982918073,0.005294381292,8,8,0.0007770349655
2023-04-24,0.002050936939,0.002050936939,0,0,0.001815288336,0.0002356486037,0.9898998305,0.001346982889,8,8,0.0010431613
2023-04-25,-0.003041430163,-0.003041430163,0,0,-0.009058206633,0.006016776469,0.9894501703,0.003390965173,8,8,-0.01587375583
2023-04-26,0.006560003755,0.006560003755,0,0,-0.001417417812,0.007977421566,0.9773477221,0.0003506013392,8,8,-0.004235765666
2023-04-27,-0.00817825962,-0.00817825962,0,0,0.003882166227,-0.01206042585,0.9616444912,0.006865566949,8,8,0.01990823295
2023-04-28,0.003694767212,0.003694767212,0,0,0.005158556786,-0.001463789574,0.9856479683,-0.001323516735,8,8,0.008535087846
2023-05-01,0.005519535055,0.004619181942,0.0009003531125,0.9003531125,0.003427145664,0.002092389391,0.9886176027,0.00236252151,8,8,-0.001009803503
2023-05-02,-0.000313081907,-0.000313081907,0,0,-0.006872447118,0.006559365211,1,0,8,8,-0.01123897285
2023-05-03,0.002628441334,0.002628441334,0,0,-0.002940437197,0.005568878531,0.9868771611,-0.000313179958,8,8,-0.006864130368
2023-05-04,-0.002353997313,-0.002353997313,0,0,-0.004139569675,0.001785572362,0.9758030044,0.002309191801,8,8,-0.007082927802
2023-05-05,-0.0007810225718,-0.0007810225718,0,0,0.01004057344,-0.01082159601,0.9721663393,-4.491123358e-05,8,8,0.01851244793
2023-05-08,-0.0003321689794,-0.0003321689794,0,0,0.0004215486116,-0.000753717591,0.9938046926,-0.0008265793825,8,8,0.0002666828582
2023-05-09,1.045827519e-05,1.045827519e-05,0,0,-0.001446030912,0.001456489187,0.9953105701,-0.00115913339,8,8,-0.004385420612
2023-05-10,0.003710576865,0.003710576865,0,0,0.00342774494,0.000282831925,0.9923976713,-0.001148663102,8,8,0.004672445977
2023-05-11,-0.002227939919,-0.002227939919,0,0,-0.001089731985,-0.001138207934,0.9918622033,0.002552442728,8,8,-0.001744105049
2023-05-12,0.001173293085,0.001173293085,0,0,-0.002500808601,0.003674101687,0.9941255312,0.000325227396,8,8,-0.001310267766
2023-05-15,0.003225953259,0.003225953259,0,0,0.004105180506,-0.000879227247,0.9867928238,0.001496764338,8,8,0.003450068025
2023-05-16,0.003158022053,0.003158022053,0,0,4.743165966e-07,0.003157547737,0.9885880925,0.004707531321,8,8,-0.006682646244
2023-05-17,0.000552396663,0.000552396663,0,0,0.009733802068,-0.009181405405,0.9823288031,0.00784079198,8,8,0.01213901427
2023-05-18,0.00999072176,0.00999072176,0,0,0.01117196437,-0.001181242612,1.000691232,0.008388554833,8,8,0.009633194785
2023-05-19,-0.005364462664,-0.005364462664,0,0,-0.003895063204,-0.00146939946,1.00302351,0.01819747073,8,8,-0.00145515411
2023-05-22,-0.007878583841,-0.007878583841,0,0,-0.002117217412,-0.005761366429,1.005994466,0.01290222155,8,8,0.0004061867374
2023-05-23,-0.009438361948,-0.009438361948,0,0,-0.006813959847,-0.002624402101,1.017656306,0.005063531161,8,8,-0.01122284387
2023-05-24,0.001370245796,0.001370245796,0,0,-0.001307653459,0.002677899255,1.023123357,-0.004416515458,8,8,-0.007244767727
2023-05-25,0.03397398837,0.03397398837,0,0,0.02866765264,0.00530633573,1.017743245,-0.003042101236,8,8,0.008659868223
2023-05-26,0.009523281032,0.009523281032,0,0,0.0161157051,-0.006592424066,1.00689628,0.02991553703,8,8,0.0129505858
2023-05-30,0.0009553066968,0.0009553066968,0,0,0.002890140055,-0.001934833358,1.019891694,0.03906677419,8,8,0.0003809122971
2023-05-31,-0.002838608383,-0.002838608383,0,0,-0.00272930507,-0.0001093033136,1.023738683,0.03998388402,8,8,-0.0055450367
2023-06-01,-0.002489208593,-0.003084082764,0.0005948741708,0.5948741708,0.001853703161,-0.004342911754,1.024025488,0.03725101668,8,8,0.009500962628
2023-06-02,-0.004515885124,-0.004515885124,0,0,0.006242726898,-0.01075861202,1,0,8,8,0.01446098799
2023-06-05,-0.006022377783,-0.006022377783,0,0,-0.005547535651,-0.0004748421323,1.021614834,-0.004536370853,8,8,-0.001916135684
2023-06-06,-0.005086845058,-0.005086845058,0,0,-0.001386232134,-0.003700612924,1.022701234,-0.01062272269,8,8,0.002177387596
2023-06-07,-0.01275458288,-0.01275458288,0,0,-0.006025527246,-0.006729055637,1.030256369,-0.01578988846,8,8,-0.003457502381
2023-06-08,0.002385012196,0.002385012196,0,0,0.006696992877,-0.004311980681,1.044279244,-0.02891324776,8,8,0.006048477415
2023-06-09,0.0001912865983,0.0001912865983,0,0,0.002258478455,-0.002067191856,1.05277733,-0.02646511594,8,8,0.001794261475
2023-06-12,0.00749459109,0.00749459109,0,0,0.01011257304,-0.002617981955,1.05690083,-0.02626880447,8,8,0.009071945513
2023-06-13,-0.005590992878,-0.005590992878,0,0,0.0006837588143,-0.006274751692,1.061674568,-0.01863455501,8,8,0.006592812353
2023-06-14,0.01439448733,0.01439448733,0,0,0.01013615247,0.004258334866,1.074641391,-0.02436175428,8,8,0.001190789201
2023-06-15,-0.0004492285148,-0.0004492285148,0,0,0.005195326651,-0.005644555166,1.065186396,-0.009825829176,8,8,0.01239765258
2023-06-16,-0.004172207974,-0.004172207974,0,0,-0.00198254182,-0.002189666153,1.076509877,-0.01027967561,8,8,-0.0034060382
2023-06-20,0.001440673957,0.001440673957,0,0,-0.001494599197,0.002935273154,1.08122811,-0.01451243247,8,8,-0.005188364466
2023-06-21,-0.0008899179895,-0.0008899179895,0,0,-0.006347653675,0.005457735686,1.075249154,-0.01305295347,8,8,-0.005123620236
2023-06-22,0.005385597181,0.005385597181,0,0,0.001965360691,0.00342023649,1.064390986,-0.01395529052,8,8,0.003609782537
2023-06-23,0.001379097645,0.001379097645,0,0,-0.004612637149,0.005991734794,1.057242229,-0.008523787653,8,8,-0.007560142644
2023-06-26,0.0004845971494,0.0004845971494,0,0,-0.006017663952,0.006502261102,1.045196429,-0.007134850353,8,8,-0.004085668666
2023-06-27,0.008748508862,0.008748508862,0,0,0.01093115327,-0.002182644411,1.032176314,-0.006647032071,8,8,0.01096330779
2023-06-28,-0.001821996267,-0.001821996267,0,0,4.061816091e-05,-0.001862614428,1.036224691,0.002083251448,8,8,0.0005043104234
2023-06-29,-0.004005187757,-0.004005187757,0,0,-0.0001658075362,-0.00383938022,1.040022842,0.0002617320555,8,8,0.00394135091
2023-06-30,0.0001879985386,0.0001879985386,0,0,0.004758816994,-0.004570818455,1.047893424,-0.003758509236,8,8,0.01180069785
2023-07-03,-0.008318128439,-0.009268336794,0.0009502083545,0.9502083545,-0.001056065544,-0.007262062895,1.057024341,-0.003569839573,8,8,0.001150656708
2023-07-05,0.00376670001,0.00376670001,0,0,0.003550967953,0.0002157320571,1,0,8,8,-0.001487310714
2023-07-06,0.002955598803,0.002955598803,0,0,-0.007034735431,0.009990334234,0.999570155,0.003752565223,8,8,-0.007830645379
2023-07-07,-0.00146250258,-0.00146250258,0,0,-0.0002026710408,-0.00125983154,0.979649634,0.006688395811,8,8,-0.002524520029
2023-07-10,-0.001821661831,-0.001821661831,0,0,4.716291253e-05,-0.001868824744,0.9821431815,0.005233547307,8,8,0.00253090936
2023-07-11,-0.0009252212223,-0.0009252212223,0,0,0.004986232376,-0.005911453598,0.9858550637,0.003418112121,8,8,0.00636861494
2023-07-12,0.006725372067,0.006725372067,0,0,0.009901107812,-0.003175735745,0.9976758205,0.00249519951,8,8,0.00804589793
2023-07-13,0.009844372896,0.009844372896,0,0,0.01160196153,-0.001757588631,1.004000388,0.009158974069,8,8,0.007936863608
2023-07-14,0.001361676088,0.001361676088,0,0,-0.001918708252,0.00328038434,1.0074423,0.01881809462,8,8,-0.0006228156708
2023-07-17,0.006549282935,0.006549282935,0,0,0.005122336884,0.001426946051,1.000880333,0.02015232977,8,8,0.003472216102
2023-07-18,-0.002203271628,-0.002203271628,0,0,0.004461402036,-0.006664673664,0.9980392821,0.02652787415,8,8,0.007430576751
2023-07-19,-0.001060716903,-0.001060716903,0,0,0.002280220446,-0.003340937349,1.011393733,0.02437831457,8,8,0.002223715827
2023-07-20,-0.03326746038,-0.03326746038,0,0,-0.02353154284,-0.009735917544,1.018094801,0.0233423573,8,8,-0.006634494654
2023-07-21,-0.01010507441,-0.01010507441,0,0,-0.004667824498,-0.005437249914,1.038859389,-0.0102666484,8,8,0
2023-07-24,-0.002332112432,-0.002332112432,0,0,0.001895568131,-0.004227680563,1.050241584,-0.02057968203,8,8,0.004467341506
2023-07-25,0.003385266373,0.003385266373,0,0,0.00311981742,0.0002654489526,1.058834153,-0.02296535225,8,8,0.00273013616
2023-07-26,0.001857519176,0.001857519176,0,0,0.0009611817218,0.0008963374542,1.058106549,-0.0195140257,8,8,0.0001536415089
2023-07-27,0.0009145615506,0.0009145615506,0,0,0.0002816623252,0.0006328992254,1.056209464,-0.01762377003,8,8,-0.006629979178
2023-07-28,0.01190549554,0.01190549554,0,0,0.01279110953,-0.000885613982,1.054893462,-0.01669394084,8,8,0.00979033492
2023-07-31,-0.0004275226725,-0.0004275226725,0,0,0.001082327813,-0.001509850485,1.055998006,-0.004732107218,8,8,0.001903933807
2023-08-01,-0.003893036038,-0.004841178147,0.0009481421092,0.9481421092,-0.001166163255,-0.002726872783,1.059042949,-0.005161836693,8,8,-0.002861441083
2023-08-02,-0.006942535172,-0.006942535172,0,0,-0.01409931195,0.007156776783,1,0,8,8,-0.01391087138
2023-08-03,0.0001029587086,0.0001029587086,0,0,-0.001109893961,0.001212852669,0.9855863794,-0.006991070928,8,8,-0.002865870316
2023-08-04,-0.003356403331,-0.003356403331,0,0,-0.004245263488,0.0008888601571,0.9831624076,-0.006887403101,8,8,-0.00452274535
2023-08-07,-0.002352483858,-0.002352483858,0,0,0.003256613914,-0.005609097772,0.9813219964,-0.01027830457,8,8,0.008728562672
2023-08-08,-0.003181726295,-0.003181726295,0,0,-0.00515005166,0.001968325365,0.9925226015,-0.01266057222,8,8,-0.004348656031
2023-08-09,-0.0112728505,-0.0112728505,0,0,-0.01158643618,0.0003135856778,0.9885495184,-0.01589286526,8,8,-0.006685452863
2023-08-10,-0.003063961896,-0.003063961896,0,0,0.0003458085553,-0.003409770452,0.9877846452,-0.02747544232,8,8,0.0003590889842
2023-08-11,-0.007058732903,-0.007058732903,0,0,-0.005700818557,-0.001357914346,0.9945876027,-0.03063326337,8,8,-0.0005830171032
2023-08-14,0.01152182086,0.01152182086,0,0,0.01010560414,0.001416216718,0.9972842618,-0.03795994538,8,8,0.005519965182
2023-08-15,0.006150376727,0.006150376727,0,0,-0.003617130127,0.009767506853,0.9945150252,-0.02613697894,8,8,-0.0116489028
2023-08-16,-0.00389226798,-0.00389226798,0,0,-0.006570652806,0.002678384826,0.9751329532,-0.01986442849,8,8,-0.007338015399
2023-08-17,-0.008426268534,-0.008426268534,0,0,-0.006084408496,-0.002341860038,0.9696580847,-0.02384952521,8,8,-0.007619944634
2023-08-18,-0.0012119229,-0.0012119229,0,0,-0.0009071082486,-0.0003048146511,0.9741237647,-0.03255006937,8,8,0.0004813736356
2023-08-21,0.01673207027,0.01673207027,0,0,0.01610480437,0.0006272658994,0.9747027356,-0.03380295885,8,8,0.006506230354
2023-08-22,0.00303803447,0.00303803447,0,0,-0.001988417804,0.005026452273,0.9738851592,-0.01678995783,8,8,-0.002708630796
2023-08-23,0.01103039529,0.01103039529,0,0,0.009711580824,0.001318814466,0.9639418007,-0.01371027108,8,8,0.01113773896
2023-08-24,-0.006802648346,-0.006802648346,0,0,-0.01207434353,0.005271695189,0.9617263453,-0.002650638207,8,8,-0.01385885756
2023-08-25,0.001373097586,0.001373097586,0,0,0.004510496805,-0.003137399219,0.9508485952,-0.009518034393,8,8,0.007049506639
2023-08-28,0.001564951686,0.001564951686,0,0,0.004345249107,-0.002780297421,0.9571821867,-0.00813376835,8,8,0.006341376385
2023-08-29,0.0127529501,0.0127529501,0,0,0.01594169732,-0.003188747217,0.9628009962,-0.006558552845,8,8,0.01445468889
2023-08-30,0.001398446939,0.001398446939,0,0,0.002159163595,-0.0007607166567,0.9695666061,0.006116395173,8,8,0.004119012049
2023-08-31,0.005131519335,0.005131519335,0,0,0.003692266348,0.001439252987,0.9711284148,0.00750434768,8,8,-0.001463501041
2023-09-01,-0.01042362755,-0.01107139722,0.0006477696668,0.6477696668,-0.006112015706,-0.004311611849,0.9684120033,0.01257135685,8,8,0.001865239768
2023-09-05,0.006408384388,0.006408384388,0,0,0.003498223665,0.002910160724,1,0,8,8,-0.004321914266
2023-09-06,-0.001174132283,-0.001174132283,0,0,-0.004112071942,0.002937939658,0.9942167399,0.006367578498,8,8,-0.006722583959
2023-09-07,0.0008893972483,0.0008893972483,0,0,-0.0008974293841,0.001786826632,0.9883271551,0.005199551175,8,8,-0.003070160711
2023-09-08,-0.002201318658,-0.002201318658,0,0,0.0002733145599,-0.002474633217,0.98476705,0.006083537742,8,8,0.001506055089
2023-09-11,0.007140819335,0.007140819335,0,0,0.005102660022,0.002038159313,0.9896936288,0.003890783939,8,8,0.006576647338
2023-09-12,-0.02220922155,-0.02220922155,0,0,-0.01690256715,-0.005306654406,0.9857192862,0.01095338712,8,8,-0.005485571123
2023-09-13,0.003984455191,0.003984455191,0,0,0.003644845969,0.0003396092215,0.9962492948,-0.0115114958,8,8,0.001166109193
2023-09-14,-0.003300586465,-0.003300586465,0,0,0.002584948323,-0.005885534788,0.9955876571,-0.007497168474,8,8,0.008622335423
2023-09-15,-0.009552355105,-0.009552355105,0,0,-0.01136301579,0.001810660689,1.007383095,-0.01083351188,8,8,-0.01204831734
2023-09-18,0.001675292884,0.001675292884,0,0,-0.0002276348849,0.001902927768,1.003798054,-0.02058247813,8,8,0.000586289539
2023-09-19,0.003399476303,0.003399476303,0,0,0.0003378669362,0.003061609367,0.9999922117,-0.01887556315,8,8,-0.002073686748
2023-09-20,-0.006725731017,-0.006725731017,0,0,-0.008987044127,0.00226131311,0.9938897646,-0.0154236545,8,8,-0.009193334898
2023-09-21,-0.006553545178,-0.006553545178,0,0,-0.01301994419,0.006466399015,0.9892951404,-0.02229936504,8,8,-0.01652836062
2023-09-22,0.005157754008,0.005157754008,0,0,0.001901816664,0.003255937344,0.97620641,-0.02904324645,8,8,-0.002248501529
2023-09-25,0.0004891920573,0.0004891920573,0,0,0.003133304528,-0.002644112471,0.9698500414,-0.0237629291,8,8,0.004205136133
2023-09-26,-0.004558421986,-0.004558421986,0,0,-0.008982280527,0.004423858541,0.9751504225,-0.02326235728,8,8,-0.01469125277
2023-09-27,-0.001027421155,-0.001027421155,0,0,0.0006495172273,-0.001676938382,0.9661483955,-0.02794817886,8,8,0.0003991290167
2023-09-28,0.004908082328,0.004908082328,0,0,0.005008176968,-0.0001000946405,0.9694709061,-0.02900540078,8,8,0.00579747168
2023-09-29,-0.002249515506,-0.002249515506,0,0,0.0001236351379,-0.002373150644,0.9698192251,-0.02397962448,8,8,-0.002426943276
2023-10-02,0.010647726,0.01012209338,0.0005256326201,0.5256326201,0.008198014538,0.002449711466,0.9745081821,-0.02628827587,8,8,-0.0003976351306
2023-10-03,-0.007793158724,-0.007793158724,0,0,-0.01180140518,0.004008246456,1,0,8,8,-0.01338609567
2023-10-04,0.01374151233,0.01374151233,0,0,0.01134648704,0.002395025294,0.9919205426,-0.007854369069,8,8,0.007281911588
2023-10-05,0.003199614359,0.003199614359,0,0,0.0003928755548,0.002806738804,0.9873049413,0.005807341605,8,8,-0.0003767868946
2023-10-06,0.004346635045,0.004346635045,0,0,0.009606258777,-0.005259623731,0.9817498571,0.008978229093,8,8,0.01187285189
2023-10-09,0.001423201661,0.001423201661,0,0,0.001535059206,-0.0001118575446,0.9923025625,0.01326719648,8,8,0.00640205082
2023-10-10,-0.002811144388,-0.002811144388,0,0,0.003042280485,-0.005853424872,0.9925368991,0.01466952045,8,8,0.00520484018
2023-10-11,0.00537855653,0.00537855653,0,0,0.008129580176,-0.002751023646,1.004255712,0.01189180565,8,8,0.004096402609
2023-10-12,0.002930810666,0.002930810666,0,0,0.001089031686,0.00184177898,1.009705558,0.0171779695,8,8,-0.006096530057
2023-10-13,-0.01163032819,-0.01163032819,0,0,-0.01116070901,-0.0004696191759,1.006004402,0.02005001736,8,8,-0.004980803003
2023-10-16,0.0008982253486,0.0008982253486,0,0,0.006938976567,-0.006040751218,1.007025347,0.008518765207,8,8,0.01052149614
2023-10-17,-0.004675283181,-0.004675283181,0,0,-0.002452878461,-0.00222240472,1.019089703,0.009408539567,8,8,-4.582391729e-05
2023-10-18,-0.003060005168,-0.003060005168,0,0,-0.00980565694,0.006745651771,1.02364506,0.004755489646,8,8,-0.01332523571
2023-10-19,-0.002421427453,-0.002421427453,0,0,-0.008179923405,0.005758495952,1.010184922,0.001700688594,8,8,-0.008786451823
2023-10-20,-0.007988346447,-0.007988346447,0,0,-0.01308192768,0.005093581232,0.9986646969,-0.0007224883124,8,8,-0.01228790537
2023-10-23,0.00732034358,0.00732034358,0,0,0.006115059524,0.001205284056,0.9883847478,-0.008780980272,8,8,-0.001733154597
2023-10-24,-0.002693870114,-0.002693870114,0,0,0.004856008352,-0.007549878466,0.9860761074,-0.001450022033,8,8,0.007539391568
2023-10-25,-0.01991840182,-0.01991840182,0,0,-0.02160594148,0.001687539663,1.00117904,-0.004155085408,8,8,-0.0143522655
2023-10-26,-0.006872400772,-0.006872400772,0,0,-0.01181362747,0.004941226699,0.9977593306,-0.02456273771,8,8,-0.01197453913
2023-10-27,0.01796661842,0.01796661842,0,0,0.006914699946,0.01105191848,0.9877929857,-0.0316526683,8,8,-0.00453281451
2023-10-30,-0.004287080085,-0.004287080085,0,0,0.006069365813,-0.0103564459,0.9662947187,-0.01344449772,8,8,0.01195587326
2023-10-31,-0.003258396819,-0.003258396819,0,0,0.001738179497,-0.004996576315,0.9869516712,-0.01780792179,8,8,0.006280091011
2023-11-01,0.01402875097,0.01360186648,0.0004268844894,0.4268844894,0.01249858347,0.001530167493,0.9969348364,-0.02113518543,8,8,0.01066484509
2023-11-02,0.002657290527,0.002657290527,0,0,0.01139661353,-0.008739323003,1,0,8,8,0.01916426516
2023-11-03,0.00211942858,0.00211942858,0,0,0.006264146556,-0.004144717975,1.017432323,0.002650248048,8,8,0.00912345429
2023-11-06,0.002012195857,0.002012195857,0,0,0.001617153658,0.0003950421984,1.025667359,0.00475958902,8,8,0.002300344805
2023-11-07,0.005022999093,0.005022999093,0,0,0.006066492575,-0.001043493482,1.024827317,0.006758186083,8,8,0.002846046236
2023-11-08,0.004190983844,0.004190983844,0,0,0.002163086094,0.00202789775,1.026779789,0.01172230405,8,8,0.0007325562746
2023-11-09,-0.001250002683,-0.001250002683,0,0,-0.005387237317,0.004137234634,1.022629155,0.0158468739,8,8,-0.007798828768
2023-11-10,0.0170170126,0.0170170126,0,0,0.01451619169,0.00250082092,1.014372652,0.01461514019,8,8,0.01560478898
2023-11-13,0.002219871189,0.002219871189,0,0,0.001491637451,0.0007282337375,1.009214212,0.03110287478,8,8,-0.000953181078
2023-11-14,0.005460545501,0.005460545501,0,0,0.0140399827,-0.008579437197,1.007740561,0.03324893761,8,8,0.01940077237
2023-11-15,-0.006618197686,-0.006618197686,0,0,-0.0008490737448,-0.005769123941,1.02476421,0.03849925617,8,8,0.002117086058
2023-11-16,-0.002341812393,-0.002341812393,0,0,-0.001771592701,-0.0005702196923,1.036544315,0.03209345934,8,8,0.001223092011
2023-11-17,0.002806823231,0.002806823231,0,0,0.003007541744,-0.0002007185127,1.037773212,0.02982148327,8,8,0.001243822777
2023-11-20,0.002389123007,0.002389123007,0,0,0.00550033454,-0.003111211533,1.0380678,0.03253698094,8,8,0.007697625668
2023-11-21,-0.003547680412,-0.003547680412,0,0,-0.001723216446,-0.001824463966,1.04418466,0.03484286007,8,8,-0.002179354716
2023-11-22,-0.00369379747,-0.00369379747,0,0,-0.001539296279,-0.002154501191,1.04800389,0.03140660024,8,8,0.003860763751
2023-11-24,-0.003657620217,-0.003657620217,0,0,-0.001659030065,-0.001998590152,1.052506842,0.02781554777,8,8,0.0006153992155
2023-11-27,0.001209881827,0.001209881827,0,0,-0.001583459826,0.002793341653,1.056711452,0.02424661246,8,8,-0.001800968725
2023-11-28,0.005532548771,0.005532548771,0,0,0.003656804782,0.001875743988,1.051062988,0.02542573215,8,8,0.0009901425393
2023-11-29,-0.005971654766,-0.005971654766,0,0,-0.003537154584,-0.002434500183,1.047051187,0.03078794511,8,8,-0.0007036408017
2023-11-30,-0.009900565268,-0.009900565268,0,0,-0.006909315007,-0.002991250261,1.0522321,0.02496537495,8,8,0.003937566631
2023-12-01,-0.0015377645,-0.002484002335,0.000946237835,0.946237835,0.001331718414,-0.002869482915,1.058796721,0.01521545125,8,8,0.005915932849
2023-12-04,-0.0036785184,-0.0036785184,0,0,-0.003096399255,-0.000582119145,1,0,8,8,-0.005249414753
2023-12-05,0.00453200912,0.00453200912,0,0,0.0006393431233,0.003892665997,1.001168537,-0.003692099857,8,8,-0.0001968490467
2023-12-06,-0.004903700589,-0.004903700589,0,0,-0.003037788984,-0.001865911605,0.9934130569,0.0008361199593,8,8,-0.004029978104
2023-12-07,0.00395130187,0.00395130187,0,0,0.004784151902,-0.0008328500325,0.9971308104,-0.004087625119,8,8,0.007630287287
2023-12-08,0.001229839703,0.001229839703,0,0,0.002803077518,-0.001573237815,0.9988012471,-0.0001357867152,8,8,0.00429917905
2023-12-11,-0.001379800144,-0.001379800144,0,0,0.0001696333491,-0.001549433493,1.00194533,0.001092709131,8,8,0.003889531169
2023-12-12,0.003365337078,0.003365337078,0,0,0.003941459468,-0.0005761223905,1.005051167,-0.0002874876882,8,8,0.004567281101
2023-12-13,-0.001455736956,-0.001455736956,0,0,0.003659227412,-0.005114964367,1.006182605,0.00306752613,8,8,0.01379020039
2023-12-14,-0.003512515139,-0.003512515139,0,0,-0.001276947462,-0.002235567677,1.016436461,0.001614138936,8,8,0.003209298082
2023-12-15,-0.0004636354727,-0.0004636354727,0,0,0.0008519599994,-0.001315595472,1.020981293,-0.001905067782,8,8,-0.001646595703
2023-12-18,0.004822635216,0.004822635216,0,0,0.005398728258,-0.0005760930427,1.023623437,-0.002369801979,8,8,0.005625222475
2023-12-19,-0.001185368934,-0.001185368934,0,0,0.004184021685,-0.005369390619,1.024656713,0.002441060891,8,8,0.006080879494
2023-12-20,0.005596684867,0.005596684867,0,0,-0.004968180255,0.01056486512,1.035437501,0.001257182181,8,8,-0.01385726263
2023-12-21,-0.00123465306,-0.00123465306,0,0,0.003499035599,-0.00473368866,1.01422814,0.006815721602,8,8,0.009481878761
2023-12-22,0.001577434805,0.001577434805,0,0,0.001880344993,-0.0003029101883,1.023724809,0.005587967743,8,8,0.002009663437
2023-12-26,0.0001429504059,0.0001429504059,0,0,0.00196019444,-0.001817244034,1.02429231,0.007154117395,8,8,0.004222535037
2023-12-27,0.0009251843243,0.0009251843243,0,0,0.001657550818,-0.0007323664936,1.027922807,0.007296024831,8,8,0.001808034999
2023-12-28,-0.002382740687,-0.002382740687,0,0,-0.001258234792,-0.001124505895,1.029360376,0.008213610052,8,8,0.0003777782469
2023-12-29,-0.001380812087,-0.001380812087,0,0,-0.001551801541,0.0001709894545,1.031684884,0.005844795998,8,8,-0.00289492036
2024-01-02,-0.002516331274,-0.003437387513,0.0009210562386,0.9210562386,0.0003357514245,-0.002852082698,1.031386244,0.004470156357,8,8,-0.005596383487
2024-01-03,-0.0008007217413,-0.0008007217413,0,0,-0.0007572669389,-4.345480246e-05,1,0,8,8,-0.008166680635
2024-01-04,-0.002120829552,-0.002120829552,0,0,-0.004138415043,0.002017585491,1.000086979,-0.0008013634104,8,8,-0.003221075306
2024-01-05,0.0001344519952,0.0001344519952,0,0,0.001080532926,-0.000946080931,0.996043417,-0.002928403607,8,8,0.001369668642
2024-01-08,0.00782122957,0.00782122957,0,0,0.01005947915,-0.002238249575,0.9979358564,-0.00279357601,8,8,0.01427598463
2024-01-09,0.007224030818,0.007224030818,0,0,0.00289877121,0.004325259608,1.002393634,0.00498863629,8,8,-0.001517061678
2024-01-10,0.006798098399,0.006798098399,0,0,0.00620513056,0.0005929678393,0.9937879909,0.01212507519,8,8,0.005655265512
2024-01-11,0.007753910917,0.007753910917,0,0,0.002092155552,0.005661755365,0.9926520076,0.01879540061,8,8,-0.0004404751617
2024-01-12,-0.0007472262509,-0.0007472262509,0,0,-0.0004281752985,-0.0003190509523,0.9814721601,0.02634503447,8,8,0.0006926499838
2024-01-16,0.003768174043,0.003768174043,0,0,-0.001221896023,0.004990070066,0.9820968843,0.02561694988,8,8,-0.003671306902
2024-01-17,0.002633574072,0.002633574072,0,0,-0.001486456496,0.004120030568,0.9722214187,0.02927481134,8,8,-0.00555862923
2024-01-18,0.004085267537,0.004085267537,0,0,0.003456106951,0.0006291605862,0.9640759662,0.03182457304,8,8,0.008892810925
2024-01-19,0.007685488136,0.007685488136,0,0,0.0079493002,-0.0002638120642,0.9629689269,0.03576373615,8,8,0.0124662156
2024-01-22,-0.0004456166178,-0.0004456166178,0,0,-0.0005049468493,5.933023145e-05,0.9637749581,0.04311784262,8,8,0.002114126191
2024-01-23,0.0004547147786,0.0004547147786,0,0,0.001781906794,-0.001327192016,0.9636400951,0.04269124993,8,8,0.002916674172
2024-01-24,0.008594053164,0.008594053164,0,0,0.006005630972,0.002588422192,0.9663097986,0.04312635452,8,8,0.001093197981
2024-01-25,0.005627493769,0.005627493769,0,0,0.003482063069,0.002145430701,0.9614641335,0.05127970715,8,8,0.005438906348
2024-01-26,-0.001224207458,-0.001224207458,0,0,0.0002544236052,-0.001478631063,0.9574129305,0.05658874809,8,8,-0.00127046296
2024-01-29,0.004071355858,0.004071355858,0,0,0.006747959266,-0.002676603408,0.9603216181,0.0554324014,8,8,0.007919372813
2024-01-30,0.004137168457,0.004137168457,0,0,-0.000830014856,0.004967183313,0.9658140082,0.05926247861,8,8,-0.0007735561049
2024-01-31,-0.007949615488,-0.007949615488,0,0,-0.0124602174,0.004510601916,0.9560614229,0.06313843274,8,8,-0.01631732668
2024-02-01,-8.731191591e-05,-0.0009893675978,0.0009020556819,0.9020556819,0.005955994862,-0.006043306778,0.9466158355,0.05563106281,8,8,0.01308837651
2024-02-02,0.02350223654,0.02350223654,0,0,0.02135307062,0.002149165918,1,0,8,8,0.01052729532
2024-02-05,0.001010977075,0.001010977075,0,0,-0.003140149456,0.004151126531,0.9958003689,0.02296256491,8,8,-0.003641195932
2024-02-06,-0.009143131104,-0.009143131104,0,0,-0.003100409949,-0.006042721156,0.9875107422,0.02394932976,8,8,0.0029033178
2024-02-07,0.006645669813,0.006645669813,0,0,0.008513175217,-0.001867505404,0.9995924583,0.01494282284,8,8,0.00834043214
2024-02-08,0.001059900281,0.001059900281,0,0,0.001821177417,-0.0007612771365,1.003305502,0.02144596982,8,8,0.0004416873593
2024-02-09,0.00797852202,0.00797852202,0,0,0.003743397687,0.004235124333,1.004822944,0.02248204138,8,8,0.005779398672
2024-02-12,-0.006395068336,-0.006395068336,0,0,-0.003338985898,-0.003056082438,0.9963815653,0.0302194568,8,8,-0.000439018185
2024-02-13,-0.0009037438116,-0.0009037438116,0,0,-0.009105658791,0.00820191498,1.00250978,0.02397772767,8,8,-0.01377298947
2024-02-14,0.00913050477,0.00913050477,0,0,0.009394039802,-0.0002635350317,0.9860933825,0.02309485569,8,8,0.009087603235
2024-02-15,-0.001673681594,-0.001673681594,0,0,0.004464797726,-0.00613847932,0.9867415092,0.03193378885,8,8,0.006899730653
2024-02-16,-0.005107674395,-0.005107674395,0,0,-0.004913286497,-0.0001943878984,0.9990168224,0.03031083795,8,8,-0.004979911268
2024-02-20,-0.003239061451,-0.003239061451,0,0,-0.003688034376,0.0004489729245,0.9994025465,0.02533255399,8,8,-0.005505444268
2024-02-21,-0.002755724997,-0.002755724997,0,0,-0.000679227892,-0.002076497105,0.9984997413,0.02216528727,8,8,0.0009058194581
2024-02-22,0.01390792521,0.01390792521,0,0,0.01588509305,-0.00197716784,1.002660066,0.01946319749,8,8,0.02069542647
2024-02-23,-0.002781526844,-0.002781526844,0,0,-0.001315284525,-0.001466242319,1.006523671,0.03291336606,8,8,0.0006896580348
2024-02-26,0.006665870226,0.006665870226,0,0,0.001962383065,0.004703487161,1.009482531,0.03021588551,8,8,-0.003662455593
2024-02-27,0.00181714769,0.00181714769,0,0,0.0008843701962,0.0009327774937,1.000075057,0.03663753469,8,8,0.001857810431
2024-02-28,-0.0006145640477,-0.0006145640477,0,0,-0.0006898181336,7.525408594e-05,0.9982127495,0.03838493129,8,8,-0.001321702779
2024-02-29,0.008335551202,0.008335551202,0,0,0.006869296988,0.001466254214,0.9980610497,0.03779359382,8,8,0.003594905952
2024-03-01,0.009926051434,0.00926167089,0.0006643805435,0.6643805435,0.01132190425,-0.001395852814,0.9951688119,0.0457478118,8,8,0.009388331286
2024-03-04,0.007745085883,0.007745085883,0,0,0.002232462123,0.005512623761,1,0,8,8,-0.001072460245
2024-03-05,-0.007049422604,-0.007049422604,0,0,-0.009797214931,0.002747792327,0.9890594877,0.007685560557,8,8,-0.009994008149
2024-03-06,0.001595685359,0.001595685359,0,0,0.00436424037,-0.002768555011,0.9834472155,0.0006406541946,8,8,0.005067066966
2024-03-07,0.009584251289,0.009584251289,0,0,0.01122211775,-0.001637866465,0.989001875,0.002232776745,8,8,0.009926452812
2024-03-08,-0.01079070708,-0.01079070708,0,0,-0.009278787973,-0.001511919108,0.9923509187,0.01170484585,8,8,-0.006002209547
2024-03-11,-0.01009924774,-0.01009924774,0,0,-0.005689575672,-0.004409672069,0.9953243028,0.0009241105752,8,8,-0.0008597399462
2024-03-12,0.01384938011,0.01384938011,0,0,0.01030588915,0.003543490962,1.004185922,-0.009268744513,8,8,0.01075728796
2024-03-13,-0.003210131291,-0.003210131291,0,0,-0.003036026808,-0.0001741044835,0.9971385687,0.004518063222,8,8,-0.001567468775
2024-03-14,0.0007083786725,0.0007083786725,0,0,-0.002264725945,0.002973104618,0.9974786839,0.001312144085,8,8,-0.001976822
2024-03-15,-0.006614584247,-0.006614584247,0,0,-0.007124511832,0.000509927585,0.9915384687,0.002019092476,8,8,-0.006866585383
2024-03-18,0.002507315133,0.002507315133,0,0,0.006604372806,-0.004097057673,0.9904554805,-0.004626091442,8,8,0.0059431556
2024-03-19,9.36045694e-05,9.36045694e-05,0,0,0.001942057781,-0.001848453212,0.9986529732,-0.002113477157,8,8,0.005557150184
2024-03-20,0.004117769961,0.004117769961,0,0,0.009122871065,-0.005005101105,1.00234966,-0.002019683536,8,8,0.009249402913
2024-03-21,0.007536327045,0.007536327045,0,0,0.006605771443,0.0009305556018,1.012309176,0.002089482417,8,8,0.003304671292
2024-03-22,0.001662678385,0.001662678385,0,0,0.001209737738,0.0004529406472,1.010369913,0.009553808834,8,8,-0.001895873233
2024-03-25,-0.005319992279,-0.005319992279,0,0,-0.001940882373,-0.003379109906,1.009448323,0.01119786876,8,8,-0.002762893714
2024-03-26,0.002895311009,0.002895311009,0,0,-0.003696732739,0.006592043748,1.016293222,0.00590931399,8,8,-0.001846851404
2024-03-27,-0.01045328107,-0.01045328107,0,0,-0.002806831669,-0.007646449405,1.003100159,0.008779206467,8,8,0.008403683188
2024-03-28,-0.002231905556,-0.002231905556,0,0,-0.00124107814,-0.0009908274165,1.018587356,-0.001691759041,8,8,-0.0001910390066
2024-04-01,0.005022138415,0.004475184298,0.0005469541166,0.5469541166,0.00259443172,0.002427706695,1.020615022,-0.003932441435,8,8,-0.001739871635
2024-04-02,0.001625452773,0.001625452773,0,0,-5.148192356e-05,0.001676934696,1,0,8,8,-0.006358016551
2024-04-03,0.001337802062,0.001337802062,0,0,0.002670600525,-0.001332798462,0.9966515733,0.001622814964,8,8,0.001098474941
2024-04-04,-0.01020725245,-0.01020725245,0,0,-0.01072702635,0.0005197739014,0.9993180825,0.002956661598,8,8,-0.01220609119
2024-04-05,0.009899171427,0.009899171427,0,0,0.01138981056,-0.001490639132,0.9982607821,-0.007325362677,8,8,0.01044698004
2024-04-08,-0.003990406261,-0.003990406261,0,0,-0.002643163463,-0.001347242798,1.001229885,0.002548579921,8,8,0.0005593745935
2024-04-09,-0.008552375297,-0.008552375297,0,0,-0.003225490698,-0.005326884599,1.003940094,-0.001447602863,8,8,0.001156671394
2024-04-10,0.005148087671,0.005148087671,0,0,-0.0004459562237,0.005594043895,1.014719752,-0.01008623947,8,8,-0.01001304459
2024-04-11,0.006195400985,0.006195400985,0,0,0.007859556928,-0.001664155943,1.003513576,-0.004912859961,8,8,0.00754680152
2024-04-12,-0.0001299948974,-0.0001299948974,0,0,-0.009105705272,0.008975710375,1.00679976,0.001274644093,8,8,-0.01380302853
2024-04-15,-0.006579803421,-0.006579803421,0,0,-0.01190845438,0.005328650962,0.9888468898,0.001144798013,8,8,-0.0125281667
2024-04-16,0.009884321052,0.009884321052,0,0,0.00413678461,0.005747536442,0.9780451291,-0.005471003535,8,8,-0.001823849762
2024-04-17,-0.007012438977,-0.007012438977,0,0,-0.007154121248,0.000141682271,0.9668774501,0.00437012183,8,8,-0.005918175895
2024-04-18,-0.0008740311986,-0.0008740311986,0,0,-0.001937756402,0.001063725203,0.9663581743,-0.002660977087,8,8,-0.0020577058
2024-04-19,-0.01815961093,-0.01815961093,0,0,-0.01479273708,-0.003366873841,0.9641994331,-0.003538100696,8,8,-0.008728460168
2024-04-22,0.0033898433,0.0033898433,0,0,0.005190750482,-0.001800907182,0.970395576,-0.02209902125,8,8,0.009209198134
2024-04-23,0.006852011776,0.006852011776,0,0,0.01146436805,-0.004612356273,0.9740852373,-0.01864597103,8,8,0.0118667003
2024-04-24,-0.01084618611,-0.01084618611,0,0,-0.005207570882,-0.005638615227,0.983423532,-0.01171369686,8,8,-0.0004747763298
2024-04-25,-0.006968076238,-0.006968076238,0,0,-0.004753519166,-0.002214557072,0.9946426557,-0.0228072547,8,8,-0.003798712571
2024-04-26,0.01086465558,0.01086465558,0,0,0.007804610897,0.003060044683,0.9990652565,-0.02998426358,8,8,0.009473766377
2024-04-29,-0.01319050461,-0.01319050461,0,0,-0.0004478610235,-0.01274264358,0.9930209917,-0.01891411268,8,8,0.003541489
2024-04-30,0.001554228635,0.001554228635,0,0,-0.009540281022,0.01109450966,1.018753649,-0.03253375391,8,8,-0.01584122717
2024-05-01,-0.004210665598,-0.005008841659,0.0007981760616,0.7981760616,-0.003528670866,-0.0006819947318,0.9965699607,-0.03093145073,8,8,-0.003247087919
2024-05-02,-0.001871625331,-0.001871625331,0,0,0.006867097575,-0.008738722906,1,0,8,8,0.009353387029
2024-05-03,0.00172414601,0.00172414601,0,0,0.008035051943,-0.006310905932,1.017510218,-0.001875134881,8,8,0.01239527049
2024-05-06,0.009148887588,0.009148887588,0,0,0.01211201532,-0.002963127731,1.030080168,-0.0001507289916,8,8,0.01032685747
2024-05-07,-0.002950837738,-0.002950837738,0,0,-0.005390984253,0.002440146515,1.035679991,0.008916581792,8,8,0.001103484093
2024-05-08,0.0007051068243,0.0007051068243,0,0,0.002786221687,-0.002081114863,1.030890852,0.005983400096,8,8,9.654236519e-05
2024-05-09,-0.0002349009306,-0.0002349009306,0,0,-6.809547871e-05,-0.0001668054519,1.035028383,0.006683794132,8,8,0.005761986596
2024-05-10,0.007620435042,0.007620435042,0,0,0.00392756754,0.003692867502,1.035370302,0.006450408408,8,8,0.001288048121
2024-05-13,-0.005607109885,-0.005607109885,0,0,-0.0002928104155,-0.005314299469,1.027772925,0.01396442843,8,8,0.0001343676453
2024-05-14,0.0008598262883,0.0008598262883,0,0,0.003663791797,-0.002803965509,1.03861806,0.008404443182,8,8,0.004588041611
2024-05-15,0.006847629283,0.006847629283,0,0,0.008011250326,-0.001163621043,1.044187997,0.009256310651,8,8,0.01238312773
2024-05-16,-0.006217089255,-0.006217089255,0,0,-0.00504123184,-0.001175857415,1.046198886,0.0159944161,8,8,-0.002057521145
2024-05-17,-0.001194566981,-0.001194566981,0,0,0.000346641841,-0.001541208822,1.048854333,0.00983849364,8,8,0.001437543393
2024-05-20,0.008174127196,0.008174127196,0,0,0.005646521385,0.002527605811,1.051998867,0.008654264759,8,8,0.001152053956
2024-05-21,-0.005717731849,-0.005717731849,0,0,-0.0009552968975,-0.004762434952,1.046563043,0.01669194983,8,8,0.002452348427
2024-05-22,-0.003330145462,-0.003330145462,0,0,-0.00272682493,-0.0006033205319,1.056410452,0.01103732646,8,8,-0.002879043147
2024-05-23,0.01446156689,0.01446156689,0,0,0.001080421827,0.01338114506,1.057809608,0.007732932786,8,8,-0.007304279477
2024-05-24,0.003077985156,0.003077985156,0,0,0.005206379288,-0.002128394132,1.030604726,0.02187810795,8,8,0.006616513576
2024-05-28,0.00743975692,0.00743975692,0,0,0.005289921646,0.002149835274,1.03475454,0.02487951433,8,8,0.0006987514583
2024-05-29,0.002473238811,0.002473238811,0,0,-0.002857790126,0.005331028937,1.030229966,0.03208059939,8,8,-0.007002511477
2024-05-30,-0.01650145708,-0.01650145708,0,0,-0.01725068583,0.0007492287473,1.019519631,0.03446858915,8,8,-0.006633756723
2024-05-31,-0.003594125529,-0.003594125529,0,0,0.002483865838,-0.006077991366,1.018323539,0.01826859043,8,8,0.00910815368
2024-06-03,-0.001572798661,-0.002125889624,0.0005530909632,0.5530909632,0.001973507667,-0.003546306328,1.030589464,0.01472739701,8,8,0.0008152404199
2024-06-04,-0.002745915057,-0.002745915057,0,0,-0.0001186057475,-0.00262730931,1,0,8,8,0.001118008705
2024-06-05,0.007391606431,0.007391606431,0,0,0.009871911786,-0.002480305355,1.005269087,-0.002753475868,8,8,0.01188494262
2024-06-06,-0.002781822196,-0.002781822196,0,0,-0.00215447284,-0.0006273493569,1.010154639,0.004604098876,8,8,-1.84057804e-05
2024-06-07,0.0006491371407,0.0006491371407,0,0,0.0006076518602,4.148528054e-05,1.011441165,0.001827360071,8,8,-0.001215741757
2024-06-10,0.007741871098,0.007741871098,0,0,0.003515461861,0.004226409237,1.011350826,0.002474890668,8,8,0.003089653476
2024-06-11,-0.006121339146,-0.006121339146,0,0,-0.004072745585,-0.002048593561,1.002875744,0.01013827257,8,8,0.002408338954
2024-06-12,0.003352630093,0.003352630093,0,0,0.003200823959,0.0001518061341,1.007015877,0.004041673877,8,8,0.00821299265
2024-06-13,0.007859676301,0.007859676301,0,0,0.009379609841,-0.00151993354,1.006689837,0.00736959644,8,8,0.002013394067
2024-06-14,-0.001849313653,-0.001849313653,0,0,0.00377667671,-0.005625990363,1.009653828,0.01511050903,8,8,0.0006086168451
2024-06-17,0.002230184012,0.002230184012,0,0,0.0055716504,-0.003341466388,1.020944542,0.01328576492,8,8,0.007958942716
2024-06-18,0.006212557384,0.006212557384,0,0,0.002925455294,0.00328710209,1.027565997,0.01548142252,8,8,0.002540605288
2024-06-20,-0.003795983791,-0.003795983791,0,0,-0.003050402199,-0.0007455815919,1.020862185,0.02156003693,8,8,-0.002716444144
2024-06-21,-0.01018639723,-0.01018639723,0,0,-0.008136588811,-0.002049808422,1.022438525,0.01783174215,8,8,-0.001340951386
2024-06-24,-0.005437691452,-0.005437691452,0,0,-0.002710616708,-0.002727074744,1.026811252,0.007724024899,8,8,-0.00325051079
2024-06-25,0.00764483534,0.00764483534,0,0,0.003678831181,0.003966004159,1.03244181,0.002298833796,8,8,0.003850869326
2024-06-26,-0.006044182061,-0.006044182061,0,0,-0.0001727537412,-0.005871428319,1.02432385,0.009868228157,8,8,0.001248156406
2024-06-27,-0.007530179646,-0.007530179646,0,0,-0.002816020383,-0.004714159262,1.036286026,0.003847299877,8,8,0.001576347119
2024-06-28,0.008062255493,0.008062255493,0,0,-0.000583494243,0.008645749736,1.046061193,-0.003710822932,8,8,-0.003935065642
2024-07-01,-0.001132761671,-0.001955431061,0.0008226693905,0.8226693905,0.006509040129,-0.007641801799,1.0285396,0.00431663078,8,8,0.002058253582
2024-07-02,-0.001902748633,-0.001902748633,0,0,0.003368582006,-0.005271330639,1,0,8,8,0.006729661529
2024-07-03,0.004094437374,0.004094437374,0,0,0.007398441737,-0.003304004363,1.01056276,-0.001906375988,8,8,0.004462634018
2024-07-05,0.002817554426,0.002817554426,0,0,0.005930953556,-0.00311339913,1.01710075,0.002179139038,8,8,0.005766370396
2024-07-08,0.003182210277,0.003182210277,0,0,-0.0001061302987,0.003288340576,1.023262007,0.004982654564,8,8,0.001154096886
2024-07-09,0.002923194437,0.002923194437,0,0,0.002250938938,0.0006722554983,1.016632398,0.008138964943,8,8,0.0009723970657
2024-07-10,0.0003945166254,0.0003945166254,0,0,0.004229047075,-0.00383453045,1.015243327,0.01102991679,8,8,0.009895280531
2024-07-11,-0.007825420537,-0.007825420537,0,0,-0.01107731628,0.003251895741,1.022903353,0.01141992806,8,8,-0.008622675948
2024-07-12,-0.00618762496,-0.00618762496,0,0,-0.001022011869,-0.005165613091,1.016528907,0.003622857912,8,8,0.0063077386
2024-07-15,-0.001637661956,-0.001637661956,0,0,-0.001621947927,-1.571402924e-05,1.027027368,-0.002580735673,8,8,0.002749841008
2024-07-16,-0.01283618207,-0.01283618207,0,0,-0.0008258021668,-0.01201037991,1.027103182,-0.00422531727,8,8,0.005930226788
2024-07-17,-0.01722308195,-0.01722308195,0,0,-0.01465957673,-0.002563505215,1.051788711,-0.01728335159,8,8,-0.01402112659
2024-07-18,0.01001122245,0.01001122245,0,0,0.003878817661,0.006132404792,1.057913165,-0.03511115585,8,8,-0.007684866404
2024-07-19,-0.0004349446279,-0.0004349446279,0,0,-0.005317427996,0.004882483368,1.045195889,-0.02485114308,8,8,-0.006640641031
2024-07-22,0.004813129337,0.004813129337,0,0,0.009564790684,-0.004751661346,1.03544634,-0.02529709054,8,8,0.01030996824
2024-07-23,0.01235568138,0.01235568138,0,0,0.0004445521656,0.01191112921,1.04473435,-0.02038584151,8,8,-0.001568619588
2024-07-24,-0.001535362268,-0.001535362268,0,0,-0.01487792283,0.01334256056,1.020656862,-0.007932152976,8,8,-0.02266253442
2024-07-25,-0.009817910243,-0.009817910243,0,0,-0.007344612834,-0.002473297409,0.9939624712,-0.009482073663,8,8,-0.005210309056
2024-07-26,-0.0013727658,-0.0013727658,0,0,0.004598668432,-0.005971434232,0.9988982491,-0.01949134821,8,8,0.01119966932
2024-07-29,-0.005833574639,-0.005833574639,0,0,-0.0003680109985,-0.005465563641,1.01085602,-0.02089279493,8,8,0.0005876872127
2024-07-30,-0.007761305771,-0.007761305771,0,0,-0.006350674845,-0.001410630926,1.02191499,-0.02688319469,8,8,-0.00506632687
2024-07-31,0.01081940595,0.01081940595,0,0,0.01774878745,-0.0069293815,1.02492974,-0.03491549026,8,8,0.01625461525
2024-08-01,0.005888133105,0.005084740436,0.000803392669,0.803392669,-0.005323690509,0.01121182361,1.038373326,-0.02383816947,8,8,-0.01416098329
2024-08-02,-0.01175867292,-0.01175867292,0,0,-0.01746490447,0.005706231549,1,0,8,8,-0.01861825636
2024-08-05,-0.003095823986,-0.003095823986,0,0,-0.01613364847,0.01303782448,0.9884517447,-0.01189858448,8,8,-0.0291236894
2024-08-06,0.00564600673,0.00564600673,0,0,0.007016980595,-0.001370973864,0.9622592571,-0.01504097267,8,8,0.009219424996
2024-08-07,-0.005487302162,-0.005487302162,0,0,-0.0079523611,0.002465058938,0.9651976988,-0.009342219708,8,8,-0.006683924717
2024-08-08,0.005640277051,0.005640277051,0,0,0.01614854325,-0.0105082662,0.9600483542,-0.01491134492,8,8,0.02311711741
2024-08-09,0.004933718589,0.004933718589,0,0,0.005232442752,-0.0002987241631,0.9811710869,-0.009219069766,8,8,0.004409810873
2024-08-12,0.005363045542,0.005363045542,0,0,0.002137790919,0.003225254623,0.9818580425,-0.00426431226,8,8,0.0005252878445
2024-08-13,0.004536593613,0.004536593613,0,0,0.01175508354,-0.007218489932,0.9755387203,0.001092872158,8,8,0.01644549611
2024-08-14,0.0001103846123,0.0001103846123,0,0,0.002022935676,-0.001912551064,0.9900209709,0.005604042508,8,8,0.003155011207
2024-08-15,-0.0003469854401,-0.0003469854401,0,0,0.01513968667,-0.01548667211,0.9938467523,0.005713796405,8,8,0.01714016309
2024-08-16,-0.003014970818,-0.003014970818,0,0,0.001315710683,-0.004330681501,1.024828712,0.005368673816,8,8,0.00224199365
2024-08-19,0.001731842106,0.001731842106,0,0,0.006417487175,-0.004685645068,1.033591352,0.002360820804,8,8,0.009561431184
2024-08-20,0.0006982126738,0.0006982126738,0,0,-0.001836609953,0.002534822627,1.042888366,0.004085587319,8,8,-0.001626172206
2024-08-21,-0.000711039022,-0.000711039022,0,0,0.002606812083,-0.003317851105,1.037792334,0.004780462213,8,8,0.003436683598
2024-08-22,-0.003917228179,-0.003917228179,0,0,-0.0071615369,0.003244308721,1.044459648,0.004072318769,8,8,-0.007848513426
2024-08-23,0.001502790556,0.001502790556,0,0,0.007482161526,-0.00597937097,1.038120357,0.0001557005043,8,8,0.01062538592
2024-08-26,-0.005661184151,-0.005661184151,0,0,-0.005739417538,7.823338721e-05,1.050003953,0.001656002436,8,8,-0.002384030144
2024-08-27,-0.001167014458,-0.001167014458,0,0,2.477219529e-05,-0.001191786653,1.050131289,-0.004027984879,8,8,0.0013731824
2024-08-28,0.001063481699,0.001063481699,0,0,-0.005490071746,0.006553553445,1.05257622,-0.00520106906,8,8,-0.005805074553
2024-08-29,-0.004996320456,-0.004996320456,0,0,-0.003044988362,-0.001951332094,1.039427183,-0.004133191788,8,8,8.919327758e-05
2024-08-30,0.007326393886,0.007326393886,0,0,0.008715145017,-0.001388751131,1.043547424,-0.009175355259,8,8,0.009546186583
2024-09-03,-0.01013637332,-0.01093664187,0.0008002685558,0.8002685558,-0.01870405927,0.008567685952,1.045988,-0.001835513676,8,8,-0.02057902912
2024-09-04,-0.001240653318,-0.001240653318,0,0,0.0001864609294,-0.001427114247,1,0,8,8,-0.002046717906
2024-09-05,0.002376795333,0.002376795333,0,0,0.001254551804,0.001122243529,1.002857774,-0.00124219445,8,8,-0.002432293987
2024-09-06,-0.004062791322,-0.004062791322,0,0,-0.007315478982,0.00325268766,1.000611833,0.001131910563,8,8,-0.01682997852
2024-09-09,0.002428684664,0.002428684664,0,0,0.005025997108,-0.002597312445,0.9940824155,-0.002942836892,8,8,0.01119613659
2024-09-10,0.008610474766,0.008610474766,0,0,0.007909799464,0.0007006753023,0.999278792,-0.0005129065399,8,8,0.004355801009
2024-09-11,0.008314645112,0.008314645112,0,0,0.008565895593,-0.0002512504813,0.9978955616,0.00802843955,8,8,0.01025884841
2024-09-12,0.0009579338034,0.0009579338034,0,0,0.004492762202,-0.003534828399,0.9984112723,0.01620831825,8,8,0.008423235345
2024-09-13,0.002875488223,0.002875488223,0,0,0.003794571052,-0.0009190828295,1.005475684,0.01714982366,8,8,0.005222671495
2024-09-16,-0.0009654573378,-0.0009654573378,0,0,0.003330506135,-0.004295963472,1.007292879,0.01996789443,8,8,0.001476815859
2024-09-17,-0.004916439855,-0.004916439855,0,0,-0.003106761989,-0.001809677866,1.015900157,0.01902080087,8,8,0.0004087336229
2024-09-18,-0.001322460947,-0.001322460947,0,0,-0.001759503592,0.0004370426456,1.019615953,0.01417404686,8,8,-0.002965714358
2024-09-19,0.002438763122,0.002438763122,0,0,0.007017028849,-0.004578265727,1.018766686,0.01286860414,8,8,0.01706426754
2024-09-20,-0.003460292026,-0.003460292026,0,0,-0.0005304087204,-0.002929883306,1.027855285,0.01527012704,8,8,-0.00172860289
2024-09-23,0.000506839635,0.000506839635,0,0,0.0003164654758,0.0001903741592,1.033832121,0.01185084239,8,8,0.002499014283
2024-09-24,-0.001229153016,-0.001229153016,0,0,0.003345276987,-0.004574430003,1.033434426,0.01235142183,8,8,0.002861158842
2024-09-25,-0.0005017311729,-0.0005017311729,0,0,-0.0001458156767,-0.0003559154961,1.042635692,0.01113595661,8,8,-0.002205464991
2024-09-26,-0.00327023334,-0.00327023334,0,0,0.0006546304433,-0.003924863783,1.043369283,0.01063956364,8,8,0.003964581239
2024-09-27,-0.00224080726,-0.00224080726,0,0,0.0005159292762,-0.002756736536,1.051387058,0.007393508799,8,8,-0.001450290254
2024-09-30,0.003947573949,0.003947573949,0,0,0.002979357204,0.0009682167447,1.057028321,0.005164273681,8,8,0.004007088786
2024-10-01,-0.004309979517,-0.004994993125,0.000685013608,0.685013608,-0.005651033931,0.001341054414,1.054875263,0.009076019372,8,8,-0.008958389379
2024-10-02,0.002221860651,0.002221860651,0,0,-0.0009756596983,0.00319752035,1,0,8,8,0.0004222928563
2024-10-03,0.0008773504657,0.0008773504657,0,0,-0.001600896423,0.002478246889,0.9936191367,0.002216934931,8,8,-0.001828396782
2024-10-04,-0.001631344469,-0.001631344469,0,0,0.003884471527,-0.005515815996,0.988672581,0.003091573004,8,8,0.009087315966
2024-10-07,-0.00447350304,-0.00447350304,0,0,-0.008067793407,0.003594290367,0.9997037297,0.001462614563,8,8,-0.009040376434
2024-10-08,0.007847378174,0.007847378174,0,0,0.005602579513,0.002244798661,0.992481515,-0.003024418221,8,8,0.009457662119
2024-10-09,0.001825656502,0.001825656502,0,0,0.003122655929,-0.001296999427,0.9880854159,0.004785407054,8,8,0.006926482952
2024-10-10,0.001222381002,0.001222381002,0,0,0.0003467326431,0.0008756483587,0.9906964,0.00659901602,8,8,-0.001750144622
2024-10-11,-0.005138965014,-0.005138965014,0,0,-0.002505268474,-0.00263369654,0.9889586,0.007811847967,8,8,0.005988234358
2024-10-14,0.006593115086,0.006593115086,0,0,0.006292155421,0.0003009596651,0.9941961674,0.002686689758,8,8,0.008178455362
2024-10-15,-0.003951557722,-0.003951557722,0,0,-0.006939078342,0.002987520619,0.9936362053,0.009219022766,8,8,-0.007769602322
2024-10-16,0.0003511537492,0.0003511537492,0,0,0.005634143374,-0.005282989625,0.987612213,0.005288362312,8,8,0.004346198672
2024-10-17,-0.002045827764,-0.002045827764,0,0,-0.001313991806,-0.0007318359586,0.9981788318,0.005637536419,8,8,8.589743782e-05
2024-10-18,0.003193154291,0.003193154291,0,0,0.002855911036,0.0003372432546,0.9996417708,0.003599071736,8,8,0.003846655331
2024-10-21,0.003967815143,0.003967815143,0,0,0.0003397559414,0.003628059202,0.9989705715,0.006770606436,8,8,-0.001642279846
2024-10-22,0.0005604490136,0.0005604490136,0,0,0.0001299249604,0.0004305240533,0.9917471986,0.0106959819,8,8,-0.0005310729434
2024-10-23,-0.000765871001,-0.000765871001,0,0,-0.004625444834,0.003859573833,0.9908912555,0.01125012579,8,8,-0.009137578372
2024-10-24,0.00839781928,0.00839781928,0,0,0.009790215555,-0.001392396274,0.98315921,0.01049229053,8,8,0.002162802597
2024-10-25,0.0008729870357,0.0008729870357,0,0,7.823605485e-05,0.0007947509809,0.9860610592,0.01873279518,8,8,-0.0003454048307
2024-10-28,0.002695053236,0.002695053236,0,0,0.0008646148931,0.001830438343,0.9844851016,0.01958868155,8,8,0.003091322621
2024-10-29,-0.004179144286,-0.004179144286,0,0,-0.004600162524,0.0004210182373,0.9808757657,0.02222384036,8,8,0.001618594284
2024-10-30,-0.001061325899,-0.001061325899,0,0,-0.002600777023,0.001539451124,0.9799499371,0.01812042394,8,8,-0.003025315928
2024-10-31,-0.007928745076,-0.007928745076,0,0,-0.007076368065,-0.0008523770103,0.9768464614,0.01707722254,8,8,-0.01960330105
2024-11-01,-0.004395459849,-0.005047077452,0.0006516176031,0.6516176031,-0.0005668055982,-0.003828654251,0.9783797944,0.009221593122,8,8,0.004220917889
2024-11-04,-0.002128085058,-0.002128085058,0,0,-0.001897629916,-0.000230455143,1,0,8,8,-0.002154219375
2024-11-05,0.01049530339,0.01049530339,0,0,0.01083184372,-0.0003365403224,1.000461893,-0.002132623463,8,8,0.0120919242
2024-11-06,0.01751464586,0.01751464586,0,0,0.0179125762,-0.0003979303332,1.001123186,0.008275822662,8,8,0.02486537712
2024-11-07,0.009964272638,0.009964272638,0,0,0.01099672933,-0.001032456696,1.001886014,0.02534653298,8,8,0.00773237896
2024-11-08,0.005869464284,0.005869464284,0,0,0.006885425272,-0.001015960988,1.003911947,0.03496243043,8,8,0.00433150203
2024-11-11,0.004435978464,0.004435978464,0,0,0.003206696422,0.001229282042,1.005909185,0.04059363184,8,8,0.0009530940883
2024-11-12,-0.0004536601979,-0.0004536601979,0,0,-0.004933915998,0.0044802558,1.003435382,0.04483074209,8,8,-0.003106439748
2024-11-13,-0.004244229527,-0.004244229527,0,0,-0.001610918736,-0.00263331079,0.9944723628,0.04439722315,8,8,0.0004856642941
2024-11-14,-0.009732470551,-0.009732470551,0,0,-0.005657618211,-0.004074852341,0.9997378718,0.04032413852,8,8,-0.006430102828
2024-11-15,-0.008348642532,-0.008348642532,0,0,-0.006468098061,-0.001880544471,1.007965097,0.03089232663,8,8,-0.01280853585
2024-11-18,0.003924634748,0.003924634748,0,0,0.005507865909,-0.001583231161,1.011824907,0.02273347778,8,8,0.004097303351
2024-11-19,0.01031038265,0.01031038265,0,0,0.007179587807,0.003130794842,1.014932764,0.02655389817,8,8,0.003655474591
2024-11-20,-0.003231655387,-0.003231655387,0,0,-0.0006719544277,-0.002559700959,1.008582684,0.03648807481,8,8,0.0003387222174
2024-11-21,-0.0002236710977,-0.0002236710977,0,0,0.001316428886,-0.001540099984,1.01374651,0.03336424115,8,8,0.005368458783
2024-11-22,-0.00359389461,-0.00359389461,0,0,0.003054891695,-0.006648786305,1.016830474,0.0331479843,8,8,0.003099289206
2024-11-25,-0.008895079882,-0.008895079882,0,0,-0.006924978503,-0.001970101379,1.030236714,0.02966068707,8,8,0.003392105421
2024-11-26,0.006244378596,0.006244378596,0,0,0.003693522043,0.002550856553,1.034483652,0.0209519767,8,8,0.005221589715
2024-11-27,-0.01128327058,-0.01128327058,0,0,-0.007095415321,-0.004187855263,1.029199605,0.02702758482,8,8,-0.003030088083
2024-11-29,0.006562134717,0.006562134717,0,0,0.007895780166,-0.001333645449,1.038004127,0.01592398891,8,8,0.006212049739
2024-12-02,0.007909288182,0.007594870089,0.0003144180937,0.3144180937,0.006020700325,0.001888587857,1.040406266,0.02233952863,8,8,0.001792327375
2024-12-03,0.007303922231,0.007303922231,0,0,0.004206690194,0.003097232037,1,0,8,8,0.0004639454724
2024-12-04,0.01387177282,0.01387177282,0,0,0.01090658428,0.002965188537,0.9938504517,0.00725096177,8,8,0.006209406836
2024-12-05,-0.0007350948339,-0.0007350948339,0,0,0.0003582695829,-0.001093364417,0.988085352,0.02083373376,8,8,-0.001645637145
2024-12-06,0.01359002396,0.01359002396,0,0,0.008935872879,0.004654151081,0.9902649246,0.02011342421,8,8,0.001895694598
2024-12-09,-0.006887379583,-0.006887379583,0,0,-0.004719295644,-0.002168083938,0.9812119525,0.03325155869,8,8,-0.00514967307
2024-12-10,-0.007021589098,-0.007021589098,0,0,-0.006176984373,-0.0008446047251,0.9854478945,0.0265470185,8,8,-0.003109094054
2024-12-11,0.0135066762,0.0135066762,0,0,0.01298240762,0.0005242685823,0.9870461473,0.0196634984,8,8,0.007730843674
2024-12-12,-0.004892031867,-0.004892031867,0,0,-0.004384854858,-0.0005071770082,0.9861842154,0.0327281264,8,8,-0.005152741655
2024-12-13,0.01622445454,0.01622445454,0,0,0.01535958307,0.0008648714739,0.9871356366,0.02797293904,8,8,-0.0001987212371
2024-12-16,0.01576418449,0.01576418449,0,0,0.01272616579,0.003038018691,0.9856388947,0.04349176345,8,8,0.004270159962
2024-12-17,-0.002450289276,-0.002450289276,0,0,-0.00312484052,0.0006745512444,0.9798800322,0.05833632337,8,8,-0.004119991057
2024-12-18,-0.01371459809,-0.01371459809,0,0,-0.02152128985,0.007806691766,0.9784781951,0.0560233074,8,8,-0.02980366424
2024-12-19,-0.001243382306,-0.001243382306,0,0,-0.001761148985,0.0005177666789,0.9623484355,0.04289702477,8,8,-0.0003069402929
2024-12-20,0.0008547517319,0.0008547517319,0,0,0.002745942006,-0.001891190274,0.9612647394,0.04170549834,8,8,0.01201090616
2024-12-23,0.0101717566,0.0101717566,0,0,0.01086443084,-0.0006926742319,0.9650769705,0.04252390269,8,8,0.005988418862
2024-12-24,0.00852753651,0.00852753651,0,0,0.01131857472,-0.002791038207,0.966800021,0.05216504912,8,8,0.01111488773
2024-12-26,-0.00115724985,-0.00115724985,0,0,-0.0005751049324,-0.0005821449175,0.9726156188,0.06017940356,8,8,6.669503787e-05
2024-12-27,-0.008217063902,-0.008217063902,0,0,-0.009002465727,0.0007854018242,0.9737495302,0.05909053623,8,8,-0.01052658312
2024-12-30,-0.002845215169,-0.002845215169,0,0,-0.00794663357,0.0051014184,0.9719482233,0.05129496634,8,8,-0.01141168951
2024-12-31,-0.009698797174,-0.009698797174,0,0,-0.005534051887,-0.004164745287,0.9616362334,0.04858799447,8,8,-0.003637924844
2025-01-02,0.002728908577,0.001479550009,0.001249358569,1.249358569,-0.00169578243,0.004424691008,0.9696715747,0.03927006974,8,8,-0.002457123997
2025-01-03,0.007380995394,0.007380995394,0,0,0.007395752755,-1.475736126e-05,1,0,8,8,0.01250351075
2025-01-06,-0.004144096967,-0.004144096967,0,0,2.939423748e-06,-0.004147036391,1.000029298,0.007326915464,8,8,0.005760509905
2025-01-07,-0.006321753219,-0.006321753219,0,0,-0.007834345312,0.001512592092,1.008358008,0.003196063293,8,8,-0.01130404543
2025-01-08,0.003995702503,0.003995702503,0,0,0.001880747479,0.002114955024,1.005366751,-0.003145575478,8,8,0.001460906051
2025-01-10,-0.005370427035,-0.005370427035,0,0,-0.01054925526,0.00517882823,1.001132316,0.0008467436889,8,8,-0.01526742961
2025-01-13,-0.0009276384022,-0.0009276384022,0,0,0.001310334622,-0.002237973025,0.9907248483,-0.004548108631,8,8,0.001550477961
2025-01-14,0.00401481579,0.00401481579,0,0,0.001125137933,0.002889677856,0.9951963383,-0.005480831263,8,8,0.001375950424
2025-01-15,0.01429358621,0.01429358621,0,0,0.01927719295,-0.004983606738,0.9894593015,-0.001460153227,8,8,0.01819003078
2025-01-16,-0.004957970138,-0.004957970138,0,0,-0.002281559612,-0.002676410526,0.9994345967,0.01265258221,8,8,-0.001923101896
2025-01-17,0.003370577285,0.003370577285,0,0,0.006365353281,-0.002994775997,1.004811272,0.007732951819,8,8,0.0100400062
2025-01-21,0.006810075731,0.006810075731,0,0,0.009438736434,-0.002628660703,1.010764541,0.01106622952,8,8,0.009153271721
2025-01-22,0.007643736353,0.007643736353,0,0,0.007815872824,-0.0001721364711,1.01591349,0.0177553897,8,8,0.005621641854
2025-01-23,0.002492069087,0.002492069087,0,0,0.005715754651,-0.003223685564,1.016134436,0.02520645456,8,8,0.005458058539
2025-01-24,-0.001435252281,-0.001435252281,0,0,-0.002859028587,0.001423776306,1.022525672,0.02762966861,8,8,-0.00291926496
2025-01-27,0.002722912171,0.002722912171,0,0,-0.008619844229,0.0113427564,1.019706403,0.02623206596,8,8,-0.01414535622
2025-01-28,-0.001382381867,-0.001382381867,0,0,0.003096420977,-0.004478802845,0.9970289797,0.02887635036,8,8,0.008592315317
2025-01-29,-0.0005271080826,-0.0005271080826,0,0,-0.002764258133,0.002237150051,1.005994873,0.02753202827,8,8,-0.004482864465
2025-01-30,0.004319610904,0.004319610904,0,0,0.008237370502,-0.003917759598,1.001521374,0.02701916221,8,8,0.005367082267
2025-01-31,0.001789971128,0.001789971128,0,0,-0.0005357433408,0.002325714469,1.009316649,0.03120398404,8,8,-0.005322116292
2025-02-03,-0.005151195231,-0.006169256591,0.001018061361,1.018061361,-0.007991558836,0.002840363605,1.004656885,0.03293500247,8,8,-0.006729450944
2025-02-04,0.01080053212,0.01080053212,0,0,0.006077813274,0.004722718851,1,0,8,8,0.006708265933
2025-02-05,0.005711641681,0.005711641681,0,0,0.005910314305,-0.0001986726239,0.990655488,0.01068512707,8,8,0.004054629803
2025-02-06,0.002619064796,0.002619064796,0,0,-0.002795361653,0.005414426449,0.991103646,0.01630364815,8,8,0.00347562919
2025-02-07,-0.002839484095,-0.002839484095,0,0,-0.004924750838,0.002085266743,0.9803263198,0.0188732826,8,8,-0.009153615402
2025-02-10,-0.0003465435705,-0.0003465435705,0,0,0.005752238995,-0.006098782566,0.9760878882,0.01607945586,8,8,0.00679132832
2025-02-11,-0.00982275278,-0.00982275278,0,0,-0.006379166773,-0.003443586007,0.9882813924,0.01573836632,8,8,0.0007605411153
2025-02-12,0.009325995704,0.009325995704,0,0,0.002685140626,0.006640855077,0.9951206356,0.005974297589,8,8,-0.003221484742
2025-02-13,0.008042714659,0.008042714659,0,0,0.007759132671,0.0002835819883,0.9820067306,0.01515892126,8,8,0.01055739741
2025-02-14,0.002465470999,0.002465470999,0,0,0.0007737437347,0.001691727264,0.9815876519,0.02301652061,8,8,-4.917697296e-05
2025-02-18,-0.00340750968,-0.00340750968,0,0,-0.002691162564,-0.0007163471161,0.9782578021,0.02541932101,8,8,0.002935999488
2025-02-19,-0.00424153875,-0.00424153875,0,0,0.0006572785858,-0.004898817336,0.9796210549,0.02208707325,8,8,0.002354715553
2025-02-20,-0.0154994992,-0.0154994992,0,0,-0.0109816715,-0.004517827701,0.9893736173,0.01792154944,8,8,-0.004160245253
2025-02-21,-0.008419978572,-0.008419978572,0,0,-0.01422398556,0.005804006984,0.9983842291,0.002460181824,8,8,-0.01710410784
2025-02-24,-0.01043566974,-0.01043566974,0,0,-0.007558828774,-0.00287684097,0.9866639257,-0.006010404224,8,8,-0.004550510344
2025-02-25,-0.004817776745,-0.004817776745,0,0,-0.005216332483,0.0003985557383,0.9923376458,-0.01661950968,8,8,-0.004972975558
2025-02-26,0.01056162226,0.01056162226,0,0,0.003978574448,0.006583047809,0.9914995812,-0.02154106648,8,8,0.000504797509
2025-02-27,-0.01612350291,-0.01612350291,0,0,-0.01410186751,-0.002021635394,0.9785599275,-0.01086469541,8,8,-0.01596211836
2025-02-28,0.0007491682949,0.0007491682949,0,0,0.00693426265,-0.006185094355,0.9823181042,-0.02743047364,8,8,0.01560570443
2025-03-03,-0.002130802131,-0.002928998511,0.0007981963798,0.7981963798,-0.01037006167,0.008239259535,0.9946922693,-0.02666133152,8,8,-0.01751997767
2025-03-04,-0.003812625217,-0.003812625217,0,0,-0.01000030969,0.006187684476,1,0,8,8,-0.01183686799
2025-03-05,0.009017513869,0.009017513869,0,0,0.009960671934,-0.0009431580649,0.9875772678,-0.003827216961,8,8,0.01074783961
2025-03-06,-0.02193449657,-0.02193449657,0,0,-0.02259507577,0.0006605791924,0.9895577471,0.005143911614,8,8,-0.01775105025
2025-03-07,-0.008129237992,-0.008129237992,0,0,-5.320933524e-06,-0.008123917059,0.9879727777,-0.01716713748,8,8,0.005604668443
2025-03-10,-0.02878277035,-0.02878277035,0,0,-0.0262193296,-0.002563440751,1.004255203,-0.02550370113,8,8,-0.02663540673
2025-03-11,0.01358056047,0.01358056047,0,0,0.007957192009,0.005623368458,1.00966013,-0.05589529286,8,8,-0.008313111742
2025-03-12,0.01313537044,0.01313537044,0,0,0.009833277306,0.003302093139,0.9984346515,-0.04174777422,8,8,0.005306712482
2025-03-13,-0.00312999938,-0.00312999938,0,0,-0.01344353711,0.01031353773,0.9919363839,-0.02824144197,8,8,-0.01333043633
2025-03-14,0.007956013664,0.007956013664,0,0,0.01240057995,-0.004444566291,0.9712192246,-0.03146994225,8,8,0.02065579123
2025-03-17,-0.004019146758,-0.004019146758,0,0,0.0008322129931,-0.004851359751,0.9802653662,-0.02332832809,8,8,0.007711226486
2025-03-18,-0.007128823777,-0.007128823777,0,0,-0.01093747459,0.003808650813,0.9899276032,-0.0274578319,8,8,-0.01080848908
2025-03-19,0.01082980103,0.01082980103,0,0,0.008995393046,0.001834407985,0.9821832894,-0.03483498817,8,8,0.01089095786
2025-03-20,-0.002824171533,-0.002824171533,0,0,-0.001848789793,-0.0009753817392,0.9787446645,-0.02374800102,8,8,-0.00289169894
2025-03-21,0.01350342537,0.01350342537,0,0,0.006089146096,0.007414279275,0.9806407542,-0.02664742946,8,8,0.0003298919546
2025-03-24,0.01537043548,0.01537043548,0,0,0.01528706293,8.337254752e-05,0.9662676972,-0.01296887979,8,8,0.01790848775
2025-03-25,0.00984899003,0.00984899003,0,0,0.003629442595,0.006219547435,0.9666141078,0.002365201512,8,8,0.002403713719
2025-03-26,-0.01591645521,-0.01591645521,0,0,-0.01351976,-0.002396695203,0.954621941,0.01209506734,8,8,-0.01193812203
2025-03-27,-0.005457201498,-0.005457201498,0,0,-0.004518081412,-0.000939120086,0.9587589196,-0.003883194555,8,8,-0.002655627026
2025-03-28,-0.01260656288,-0.01260656288,0,0,-0.01466521976,0.002058656879,0.9604211701,-0.009391648169,8,8,-0.02013853758
2025-03-31,-0.005830124472,-0.005830124472,0,0,-0.0007369688693,-0.005093155603,0.9557459651,-0.02227907359,8,8,0.006712912761
2025-04-01,0.006494360318,0.005585225854,0.0009091344633,0.9091344633,0.005065778323,0.001428581994,0.9657324925,-0.02827403923,8,8,0.002824332098
2025-04-02,0.002884364462,0.002884364462,0,0,0.003828244487,-0.0009438800248,1,0,8,8,0.006328409325
2025-04-03,-0.01677749957,-0.01677749957,0,0,-0.03571630581,0.01893880624,1.001882331,0.002876068831,8,8,-0.04928080649
2025-04-04,-0.01144766054,-0.01144766054,0,0,-0.02974257571,0.01829491517,0.9633905024,-0.01413864179,8,8,-0.05854288397
2025-04-07,0.01381867769,0.01381867769,0,0,0.004583194547,0.009235483147,0.9259530072,-0.02588259753,8,8,-0.001781188452
2025-04-08,0.001168450087,0.001168450087,0,0,-0.004766247523,0.00593469761,0.9087430908,-0.01189948469,8,8,-0.01566281567
2025-04-09,0.01407926642,0.01407926642,0,0,0.04422985272,-0.0301505863,0.8969940528,-0.01071851056,8,8,0.1050194469
2025-04-10,-0.003840346983,-0.003840346983,0,0,-0.01752812042,0.01368777343,0.9578881297,0.003314095826,8,8,-0.04381917539
2025-04-11,0.00203135078,0.00203135078,0,0,0.00462056114,-0.002589210359,0.9302446983,-0.0005282799345,8,8,0.01784277788
2025-04-14,-0.0009896612394,-0.0009896612394,0,0,0.002663025206,-0.003652686445,0.9355540314,0.001500023771,8,8,0.009701624028
2025-04-15,0.008869294178,0.008869294178,0,0,0.003464489083,0.005404805095,0.9428027984,0.0005108681183,8,8,-0.002800906917
2025-04-16,-0.002454903015,-0.002454903015,0,0,-0.01070002602,0.008245123002,0.9325910579,0.009297698275,8,8,-0.02222807839
2025-04-17,0.01310062205,0.01310062205,0,0,0.005292681067,0.007807940981,0.9158943407,0.006859634999,8,8,0.00142671728
2025-04-21,0.001886029069,0.001886029069,0,0,-0.005613783424,0.007499812493,0.9015679794,0.01970214667,8,8,-0.02380259235
2025-04-22,0.007666624851,0.007666624851,0,0,0.01454675924,-0.006880134391,0.8867818871,0.02154753646,8,8,0.02601775974
2025-04-23,0.005394011299,0.005394011299,0,0,0.00706478404,-0.00167077274,0.9012988605,0.02899189135,8,8,0.01549548031
2025-04-24,0.009087604969,0.009087604969,0,0,0.01124096216,-0.00215335719,0.9051520171,0.03420141981,8,8,0.02104891295
2025-04-25,0.001644636861,0.001644636861,0,0,0.001644881775,-2.449141835e-07,0.9102741248,0.04289917403,8,8,0.007225198096
2025-04-28,0.000960923363,0.000960923363,0,0,0.001177386867,-0.0002164635037,0.910421938,0.04447067278,8,8,0.0003813852095
2025-04-29,0.002665799432,0.002665799432,0,0,0.004033854227,-0.001368054795,0.9109404444,0.04538798178,8,8,0.006299501905
2025-04-30,0.0006718439574,0.0006718439574,0,0,0.0005854379498,8.640600759e-05,0.9139060631,0.04792602005,8,8,0.0003967183919
2025-05-01,0.007827684489,0.006823171803,0.001004512686,1.004512686,0.004520932499,0.00330675199,0.91379117,0.04856523575,8,8,0.007086868862
2025-05-02,-0.003903014215,-0.003903014215,0,0,0.007538148474,-0.01144116269,1,0,8,8,0.01484424898
2025-05-05,0.0008774353414,0.0008774353414,0,0,-0.002260817583,0.003138252925,1.022971985,-0.003918307424,8,8,-0.005734215591
2025-05-06,0.002215342147,0.002215342147,0,0,-0.003533744238,0.005749086385,1.016680843,-0.003038206253,8,8,-0.008358325677
2025-05-07,-0.002301363348,-0.002301363348,0,0,0.00250849283,-0.004809856179,1.005171214,-0.0008210452102,8,8,0.004205416334
2025-05-08,-0.002670536592,-0.002670536592,0,0,0.0004365250046,-0.003107061596,1.014825045,-0.00312961093,8,8,0.006967762572
2025-05-09,0.003428817477,0.003428817477,0,0,0.0006300737173,0.002798743759,1.021095504,-0.005815678504,8,8,-0.001274221351
2025-05-12,-0.01977920342,-0.01977920342,0,0,0.005396962345,-0.02517616577,1.015445058,-0.002378704883,8,8,0.03304754271
2025-05-13,-0.00168614291,-0.00168614291,0,0,0.002688622348,-0.004374765258,1.06712507,-0.02260501755,8,8,0.006603860822
2025-05-14,-0.003031688138,-0.003031688138,0,0,-0.002573370136,-0.0004583180027,1.076002752,-0.024332188,8,8,0.001278082644
2025-05-15,0.009669411122,0.009669411122,0,0,0.01114773369,-0.001478322564,1.077153293,-0.02744708715,8,8,0.004884285135
2025-05-16,-0.004445453792,-0.004445453792,0,0,0.00181243098,-0.006257884771,1.07934274,-0.01760742262,8,8,0.006334148753
2025-05-19,-0.0005921255576,-0.0005921255576,0,0,-0.0004289115595,-0.000163213998,1.092268686,-0.02215134921,8,8,0.001093715366
2025-05-20,0.0007604271738,0.0007604271738,0,0,-0.0008458159147,0.001606243088,1.092649975,-0.02275694974,8,8,-0.003362257726
2025-05-21,0.005340383366,0.005340383366,0,0,-0.005212657436,0.0105530408,1.089369529,-0.02197980852,8,8,-0.0168505683
2025-05-22,-0.005672331534,-0.005672331534,0,0,-0.001172637408,-0.004499694125,1.067900831,-0.01655103628,8,8,0.0003946018551
2025-05-23,0.007106829958,0.007106829958,0,0,0.0006721063415,0.006434723616,1.077338912,-0.02235014524,8,8,-0.006825851257
2025-05-27,-0.009365187473,-0.009365187473,0,0,0.00438067098,-0.01374585845,1.064014524,-0.0151357481,8,8,0.02079068472
2025-05-28,-0.0002144569447,-0.0002144569447,0,0,-0.003653985129,0.003439528184,1.092371316,-0.02473256064,8,8,-0.005785451741
2025-05-29,-0.0009340594184,-0.0009340594184,0,0,0.002752570854,-0.003686630272,1.085510598,-0.02495236879,8,8,0.003947442277
2025-05-30,0.003797129828,0.003797129828,0,0,0.001398490076,0.002398639753,1.092970698,-0.02591063028,8,8,-0.001118610825
2025-06-02,0.003740702599,0.002900695948,0.000840006651,0.840006651,0.004037554364,-0.0002968517646,1.087839879,-0.02202985025,8,8,0.005633131914
2025-06-03,-0.003218612529,-0.003218612529,0,0,0.001608700349,-0.004827312878,1,0,8,8,0.005702452249
2025-06-04,0.0009411477661,0.0009411477661,0,0,0.0009222109009,1.893686518e-05,1.009685801,-0.003229005446,8,8,-0.0002685124318
2025-06-05,-0.001757803335,-0.001757803335,0,0,-0.002179300184,0.0004214968492,1.009638855,-0.002285706493,8,8,-0.004832652403
2025-06-06,-0.009344963968,-0.009344963968,0,0,-0.002122389181,-0.007222574787,1.00881135,-0.004050630039,8,8,0.01026892554
2025-06-09,-0.002021991001,-0.002021991001,0,0,0.0001397734929,-0.002161764494,1.023475881,-0.0135219562,8,8,0.0009012287765
2025-06-10,-0.006503853483,-0.006503853483,0,0,-0.001370818048,-0.005133035435,1.027855734,-0.0155754406,8,8,0.005669821602
2025-06-11,0.002116708434,0.002116708434,0,0,0.001692409033,0.0004242994004,1.038371367,-0.02222383465,8,8,-0.002852077352
2025-06-12,-0.01145094238,-0.01145094238,0,0,-0.001821453389,-0.009629488987,1.037443511,-0.02006465519,8,8,0.003974378305
2025-06-13,0.0002816189718,0.0002816189718,0,0,-0.004539519893,0.004821138865,1.057359307,-0.03188066118,8,8,-0.01118016115
2025-06-16,-0.00518812368,-0.00518812368,0,0,-0.0005622072369,-0.004625916443,1.047703595,-0.03159014583,8,8,0.009514239843
2025-06-17,0.002712418721,0.002712418721,0,0,-0.006117550649,0.00882996937,1.057252461,-0.03697007483,8,8,-0.008545171398
2025-06-18,6.201552547e-05,6.201552547e-05,0,0,-0.001274802194,0.001336817719,1.039485421,-0.03416498636,8,8,-0.0001506095076
2025-06-20,0.002944036238,0.002944036238,0,0,6.103347508e-05,0.002883002763,1.036809503,-0.03410085605,8,8,-0.002348577608
2025-06-23,0.0008442240822,0.0008442240822,0,0,0.00540159527,-0.004557371188,1.030952372,-0.03106536226,8,8,0.00987748574
2025-06-24,-0.003665906271,-0.003665906271,0,0,0.005718478519,-0.00938438479,1.040033318,-0.03019564628,8,8,0.01104718604
2025-06-25,0.0009758454828,0.0009758454828,0,0,-0.002843868958,0.00381971444,1.059018443,-0.03398614257,8,8,0.0005603844217
2025-06-26,-0.003306756867,-0.003306756867,0,0,0.003664692088,-0.006971448955,1.051328925,-0.03297811554,8,8,0.007823809728
2025-06-27,-0.006852580687,-0.006852580687,0,0,0.005758568257,-0.01261114894,1.065488377,-0.03640525574,8,8,0.004968322293
2025-06-30,-0.001192297594,-0.001192297594,0,0,0.003107502107,-0.004299799701,1.091336566,-0.04355630955,8,8,0.004781279687
2025-07-01,-0.009049584889,-0.01004357757,0.0009939926847,0.9939926847,-0.0001193906223,-0.008930194267,1.100055462,-0.04480202449,8,8,-0.0003237141328
2025-07-02,-0.005724378352,-0.005724378352,0,0,-0.001226928014,-0.004497450339,1,0,8,8,0.004533365492
2025-07-03,0.00560711794,0.00560711794,0,0,0.004269230425,0.001337887515,1.009046687,-0.005757335519,8,8,0.007881299997
2025-07-07,0.006973336416,0.006973336416,0,0,-0.002324026648,0.009297363063,1.006335389,-0.0001493799879,8,8,-0.007451971921
2025-07-08,-0.005586269293,-0.005586269293,0,0,-0.003801549593,-0.0017847197,0.9878255594,0.006776700217,8,8,-0.000547735295
2025-07-09,0.004241903097,0.004241903097,0,0,0.003720600445,0.0005213026523,0.9913466589,0.00119711835,8,8,0.005996656078
2025-07-10,-0.002889027745,-0.002889027745,0,0,0.0004725402301,-0.003361567975,0.9903450091,0.0054160471,8,8,0.002820258275
2025-07-11,0.002477468037,0.002477468037,0,0,-0.00117369719,0.003651165228,0.9970596503,0.002534341137,8,8,-0.003515408484
2025-07-14,0.003194807164,0.003194807164,0,0,0.002204558235,0.000990248929,0.9897826331,0.004999423262,8,8,0.001908283071
2025-07-15,0.002724680007,0.002724680007,0,0,-0.003560807706,0.006285487714,0.9878409809,0.008168134811,8,8,-0.004273310536
2025-07-16,-0.001349444543,-0.001349444543,0,0,0.002977016595,-0.004326461137,0.9753372037,0.01086321603,8,8,0.003343273385
2025-07-17,0.0004323216938,0.0004323216938,0,0,0.004120202364,-0.00368788067,0.9839684924,0.009526627143,8,8,0.006119538411
2025-07-18,-0.003295091243,-0.003295091243,0,0,-0.004084110625,0.0007890193828,0.9913479942,0.009954645228,8,8,-0.0007323346017
2025-07-21,0.002277112863,0.002277112863,0,0,0.00222659935,5.051351289e-05,0.989736135,0.006681570369,8,8,0.001896143492
2025-07-22,-0.008792358002,-0.008792358002,0,0,-0.0003951509169,-0.008397207085,0.9896586564,0.008938329646,8,8,0.0001431954391
2025-07-23,-0.004405478958,-0.004405478958,0,0,0.002083271474,-0.006488750432,1.006510312,0.0001472664636,8,8,0.008507476352
2025-07-24,0.009176937162,0.009176937162,0,0,-0.001372851856,0.01054978902,1.019574045,-0.00427705497,8,8,0.0003309323467
2025-07-25,-0.002458653352,-0.002458653352,0,0,0.001900340714,-0.004358994066,0.9984883398,0.004855325178,8,8,0.004224435836
2025-07-28,-0.004854696506,-0.004854696506,0,0,-0.00238482878,-0.002469867727,1.00722409,0.002402578934,8,8,-0.0002511658678
2025-07-29,0.01323878887,0.01323878887,0,0,-0.0004551625671,0.01369395143,1.012223165,-0.002464079932,8,8,-0.00263746817
2025-07-30,0.005581715236,0.005581715236,0,0,0.0001403754429,0.005441339793,0.9850334015,0.0106339286,8,8,-0.001259466643
2025-07-31,0.00796945507,0.00796945507,0,0,-0.006485116067,0.01445457114,0.9742942043,0.01612563513,8,8,-0.00375126142
2025-08-01,0.006094304809,0.005284962185,0.0008093426238,0.8093426238,-2.336549478e-05,0.006117670304,0.9458168721,0.0239045837,8,8,-0.01639032159
2025-08-04,0.005832330443,0.005832330443,0,0,0.00991735986,-0.004085029417,1,0,8,8,0.01519976416
2025-08-05,-0.00571541923,-0.00571541923,0,0,-0.002654873998,-0.003060545231,1.008122685,0.005798511607,8,8,-0.005069926344
2025-08-06,0.00173751596,0.00173751596,0,0,0.006534359424,-0.004796843464,1.014325652,8.357001544e-05,8,8,0.007659660445
2025-08-07,0.0009655395864,0.0009655395864,0,0,0.0009205782857,4.496130064e-05,1.023877851,0.001817927298,8,8,-0.0008376364317
2025-08-08,-0.003310734275,-0.003310734275,0,0,0.005115111915,-0.00842584619,1.023764982,0.002780781929,8,8,0.007797554831
2025-08-11,0.001302443291,0.001302443291,0,0,-0.001170018324,0.002472461615,1.040751592,-0.0005317127056,8,8,-0.001977404495
2025-08-12,0.001655058369,0.001655058369,0,0,0.007625477312,-0.005970418943,1.035760094,0.0007697280583,8,8,0.01064598077
2025-08-13,-0.01488440957,-0.01488440957,0,0,-0.005770274573,-0.009114134996,1.047622114,0.002420779895,8,8,0.003423228407
2025-08-14,0.002337560409,0.002337560409,0,0,0.0005534887958,0.001784071614,1.066845338,-0.01265194643,8,8,9.291786893e-05
2025-08-15,-0.01584280677,-0.01584280677,0,0,-0.003780453779,-0.01206235299,1.063129625,-0.01029033174,8,8,-0.002341197926
2025-08-18,-0.002238161605,-0.002238161605,0,0,0.0001732511487,-0.002411412754,1.088658937,-0.02655382565,8,8,-0.0002177125565
2025-08-19,-0.01220134504,-0.01220134504,0,0,-0.01255757194,0.000356226907,1.09369146,-0.02885657292,8,8,-0.005425101028
2025-08-20,0.006973912413,0.006973912413,0,0,0.0001634830787,0.006810429334,1.094127488,-0.04156506769,8,8,-0.002657177258
2025-08-21,-0.002649281973,-0.002649281973,0,0,-0.002330445155,-0.0003188368179,1.079949071,-0.0343515903,8,8,-0.004011616774
2025-08-22,-0.007163965764,-0.007163965764,0,0,0.006688960532,-0.0138529263,1.080800809,-0.0370991584,8,8,0.01535673445
2025-08-25,-0.0002263992588,-0.0002263992588,0,0,-0.001318466402,0.001092067143,1.109289609,-0.04458251175,8,8,-0.004401020035
2025-08-26,0.009039747939,0.009039747939,0,0,0.006027517855,0.003012230085,1.107129728,-0.04481905801,8,8,0.004186968759
2025-08-27,-0.00132051864,-0.00132051864,0,0,0.001156147145,-0.002476665785,1.10019949,-0.03545877172,8,8,0.002278548406
2025-08-28,0.003405030625,0.003405030625,0,0,0.003805671415,-0.0004006407902,1.105291862,-0.03682792231,8,8,0.003541419568
2025-08-29,-0.01173547938,-0.01173547938,0,0,-0.01013607405,-0.001599405327,1.105733119,-0.03330947192,8,8,-0.005963829023
2025-09-02,0.003467492717,0.002865009234,0.0006024834827,0.6024834827,-0.002705775379,0.006173268095,1.110225478,-0.04557985272,8,8,-0.007410157012
2025-09-03,-0.002823292654,-0.002823292654,0,0,-0.0005332429052,-0.002290049748,1,0,8,8,0.005419545641
2025-09-04,0.008779950977,0.008779950977,0,0,0.004887847782,0.003892103195,1.004593067,-0.002831286203,8,8,0.008357416747
2025-09-05,-0.001602197697,-0.001602197697,0,0,0.003937762714,-0.005539960411,0.9968366349,0.005896890366,8,8,-0.002896383969
2025-09-08,0.004934562023,0.004934562023,0,0,0.00534294007,-0.0004083780468,1.00792926,0.004301584658,8,8,0.002456768661
2025-09-09,-0.003105188426,-0.003105188426,0,0,0.001624337738,-0.004729526164,1.00870307,0.009190794137,8,8,0.002311789288
2025-09-10,0.04060909036,0.04060909036,0,0,0.03330309803,0.007305992322,1.018218695,0.006104561525,8,8,0.002890805296
2025-09-11,-0.01462910466,-0.01462910466,0,0,-0.009004543291,-0.005624561371,1.003465961,0.04489068211,8,8,0.008310290458
2025-09-12,-0.0002676074604,-0.0002676074604,0,0,-0.005022363923,0.004754756463,1.014933548,0.03071084969,8,8,-0.0003347242485
2025-09-15,0.007346893026,0.007346893026,0,0,0.006006970588,0.001339922438,1.005425487,0.03045139125,8,8,0.005324057169
2025-09-16,-0.001258085677,-0.001258085677,0,0,-0.001073450352,-0.0001846353243,1.002725617,0.03752260967,8,8,-0.001376978198
2025-09-17,-0.005787844491,-0.005787844491,0,0,-0.002243918907,-0.003543925585,1.003098786,0.03631020534,8,8,-0.001242363676
2025-09-18,0.003112534505,0.003112534505,0,0,0.002906750138,0.0002057843669,1.01024594,0.03070004796,8,8,0.004672593155
2025-09-19,0.00410212351,0.00410212351,0,0,0.005377957323,-0.001275833813,1.009803856,0.03370766619,8,8,0.004952774806
2025-09-22,0.003876355789,0.003876355789,0,0,0.006077500455,-0.002201144666,1.012305047,0.03765532291,8,8,0.004730956629
2025-09-23,-0.004655387892,-0.004655387892,0,0,-0.005639672612,0.00098428472,1.016642823,0.04137130879,8,8,-0.005443378865
2025-09-24,-0.002550396124,-0.002550396124,0,0,-0.004155934328,0.001605538205,1.014742887,0.0368876472,8,8,-0.003181757023
2025-09-25,-0.001477077205,-0.001477077205,0,0,-0.006231361887,0.004754284682,1.011561297,0.03442504859,8,8,-0.004613374905
2025-09-26,-0.00173166583,-0.00173166583,0,0,0.001300432975,-0.003032098805,1.002055764,0.03299671007,8,8,0.005729034083
2025-09-29,-0.001514160137,-0.001514160137,0,0,-0.0001532427782,-0.001360917359,1.008134047,0.03131927877,8,8,0.002810446783
2025-09-30,-0.002554348134,-0.002554348134,0,0,0.001551256444,-0.004105604577,1.010872344,0.02985031679,8,8,0.003766834755
2025-10-01,-0.006671668105,-0.007127180972,0.0004555128674,0.4555128674,0.001324083616,-0.00799575172,1.019132424,0.02736587062,8,8,0.003407572225
2025-10-02,-0.0003854130946,-0.0003854130946,0,0,0.0008363233875,-0.001221736482,1,0,8,8,0.001151732626
2025-10-03,-0.003312943021,-0.003312943021,0,0,-0.000829082875,-0.002483860146,1.002444415,-0.0003855616951,8,8,-1.480540638e-05
2025-10-06,0.004048267587,0.004048267587,0,0,0.004677914984,-0.0006296473973,1.007436773,-0.003710798379,8,8,0.003586271966
2025-10-07,-0.00117458705,-0.00117458705,0,0,-0.00180619434,0.00063160729,1.008661006,0.0003361085502,8,8,-0.003707513889
2025-10-08,0.006640133632,0.006640133632,0,0,0.005038736761,0.001601396872,1.007406491,-0.0008394645242,8,8,0.00596305527
2025-10-09,0.0006386626847,0.0006386626847,0,0,0.0003580348543,0.0002806278304,1.004175968,0.005762405962,8,8,-0.002896974725
2025-10-10,-0.003272978598,-0.003272978598,0,0,-0.0137415293,0.01046855071,1.003612405,0.006396983133,8,8,-0.02702786218
2025-10-13,0.01378500371,0.01378500371,0,0,0.01637993444,-0.002594930733,0.9826184142,0.00313426291,8,8,0.01534411814
2025-10-14,-0.006654966852,-0.006654966852,0,0,-0.00849429287,0.001839326018,0.9879740534,0.01668920585,8,8,-0.001221646288
2025-10-15,0.006039377292,0.006039377292,0,0,0.002707387552,0.00333198974,0.9841901876,0.01010146391,8,8,0.00443952991
2025-10-16,-0.00257212208,-0.00257212208,0,0,0.0006544893738,-0.003226611454,0.977661121,0.01604394576,8,8,-0.006810134562
2025-10-17,-0.006144696559,-0.006144696559,0,0,-0.003808719591,-0.002335976968,0.9840733787,0.01350656421,8,8,0.005676205164
2025-10-20,-0.006060354481,-0.006060354481,0,0,0.002145767751,-0.008206122232,0.9886757486,0.007407383776,8,8,0.01040050026
2025-10-21,-0.01261288749,-0.01261288749,0,0,-0.00368048788,-0.008932399615,1.005119016,0.001355242545,8,8,-1.494287878e-05
2025-10-22,-0.005339617184,-0.005339617184,0,0,-0.008723566693,0.00338394951,1.023277411,-0.01140145016,8,8,-0.005198916066
2025-10-23,0.004091713064,0.004091713064,0,0,0.004091670626,4.243809617e-08,1.016598139,-0.01683093811,8,8,0.005929962706
2025-10-24,0.009264477114,0.009264477114,0,0,0.008806738386,0.0004577387287,1.016530417,-0.0126873122,8,8,0.008172554694
2025-10-27,0.003260261464,0.003260261464,0,0,0.007132362197,-0.003872100733,1.015471603,-0.003391415397,8,8,0.01179766449
2025-10-28,0.002894456244,0.002894456244,0,0,0.0066050523,-0.003710596056,1.023140361,-0.0001307277265,8,8,0.002656016019
2025-10-29,0.009776565319,0.009776565319,0,0,0.001331153872,0.008445411447,1.030473349,0.002755752114,8,8,0.0004803706387
2025-10-30,-0.009893919519,-0.009893919519,0,0,-0.01111683973,0.001222920208,1.013451021,0.01241098067,8,8,-0.01099818714
2025-10-31,-0.001538493003,-0.001538493003,0,0,0.0005957158454,-0.002134208849,1.011115154,0.002542213607,8,8,0.003280222088
2025-11-03,0.007204346672,0.006550567522,0.0006537791501,0.6537791501,-0.0006235890071,0.007827935679,1.015407275,0.0010052672,8,8,0.001876739875
2025-11-04,-0.01204831686,-0.01204831686,0,0,-0.01474281801,0.002694501148,1,0,8,8,-0.01185354736
2025-11-05,0.008434837333,0.008434837333,0,0,0.008066532667,0.0003683046665,0.9945452775,-0.01219524908,8,8,0.00346547634
2025-11-06,-0.0003030728044,-0.0003030728044,0,0,-0.0069907016,0.006687628795,0.9938604542,-0.00372895859,8,8,-0.01072945372
2025-11-07,-0.01084460264,-0.01084460264,0,0,-0.007290197596,-0.003554405046,0.9804792804,-0.004033253764,8,8,0.0009845650787
2025-11-10,0.01317728523,0.01317728523,0,0,0.01138961222,0.001787673014,0.9874520126,-0.01504096975,8,8,0.01560437035
2025-11-11,-0.01062805193,-0.01062805193,0,0,-0.001439341097,-0.009188710837,0.9840863651,-0.001839445616,8,8,0.002289177028
2025-11-12,-0.003936560046,-0.003936560046,0,0,0.0002060085978,-0.004142568644,1.002490253,-0.01260142616,8,8,0.0005563903664
2025-11-13,-0.01160344554,-0.01160344554,0,0,-0.01584693742,0.004243491877,1.010817976,-0.01660334628,8,8,-0.01659399641
2025-11-14,0.001339031499,0.001339031499,0,0,-0.000429325379,0.001768356878,1.002358357,-0.02853793014,8,8,-0.0001635496688
2025-11-17,0.003800554384,0.003800554384,0,0,-0.002022660894,0.005823215278,0.9988232195,-0.02716252716,8,8,-0.009316620573
2025-11-18,-0.0001875535196,-0.0001875535196,0,0,-0.003994782258,0.003807228738,0.9872253397,-0.02327352049,8,8,-0.008397461671
2025-11-19,0.01376092332,0.01376092332,0,0,0.009239737786,0.004521185532,0.9796070575,-0.02346547504,8,8,0.003863176643
2025-11-20,-0.009518266768,-0.009518266768,0,0,-0.01165272151,0.002134454747,0.9709642452,-0.009572820872,8,8,-0.01524222732
2025-11-21,-0.01242316702,-0.01242316702,0,0,-0.001023322023,-0.011399845,0.9663752867,-0.01927454793,8,8,0.009961138169
2025-11-24,0.02326485061,0.02326485061,0,0,0.01773108928,0.005533761326,0.9890388039,-0.03209645456,8,8,0.01471860688
2025-11-25,-0.002788028034,-0.002788028034,0,0,0.003758390784,-0.006546418817,0.9784721241,-0.008630809463,8,8,0.009405836039
2025-11-26,0.007783164099,0.007783164099,0,0,0.007614166889,0.0001689972108,0.9915413789,-0.01145076254,8,8,0.006903582418
2025-11-28,-0.0008460207755,-0.0008460207755,0,0,0.001068001337,-0.001914022113,0.9912713212,-0.003639273382,8,8,0.005458434229
2025-12-01,-0.0008631588022,-0.001299874991,0.0004367161892,0.4367161892,-0.004337899486,0.003474740684,0.9950952159,-0.004489092023,8,8,-0.004565470301
2025-12-02,0.003350378974,0.003350378974,0,0,0.002820875853,0.0005295031203,1,0,8,8,0.001852276871
2025-12-03,0.005664940727,0.005664940727,0,0,0.006732196272,-0.001067255545,0.99894453,0.003339191417,8,8,0.00346274908
2025-12-04,0.003973528267,0.003973528267,0,0,0.004313657724,-0.000340129457,1.001072963,0.008953411598,8,8,0.000731139788
2025-12-05,0.0006408297518,0.0006408297518,0,0,0.004216922767,-0.003576093015,1.001746283,0.0128757776,8,8,0.001899394753
2025-12-08,0.007217496004,0.007217496004,0,0,7.937093071e-05,0.007138125074,1.00889277,0.01350795105,8,8,-0.003004209106
2025-12-09,0.001243338275,0.001243338275,0,0,0.002742460785,-0.00149912251,0.9946550968,0.02057693313,8,8,-0.0008631180942
2025-12-10,0.006717063961,0.006717063961,0,0,0.006168326277,0.0005487376837,0.9976562558,0.02179317511,8,8,0.006632235253
2025-12-11,-0.0119859442,-0.0119859442,0,0,-0.008871274367,-0.003114669835,0.9965817411,0.02832001174,8,8,0.002326946031
2025-12-12,-0.0228409622,-0.0228409622,0,0,-0.01572027739,-0.00712068481,1.002845183,0.01653222183,8,8,-0.01075207558
2025-12-15,-0.003180076558,-0.003180076558,0,0,-0.003937595061,0.0007575185036,1.017485949,-0.006456206332,8,8,-0.00151080855
2025-12-16,0.003099328855,0.003099328855,0,0,0.002925879435,0.00017344942,1.016021862,-0.009667024769,8,8,-0.002732285145
2025-12-17,-0.02238623025,-0.02238623025,0,0,-0.01746993102,-0.004916299232,1.015626532,-0.006547403358,8,8,-0.01100359398
2025-12-18,0.009135787565,0.009135787565,0,0,0.006717076687,0.002418710877,1.026042115,-0.02959618052,8,8,0.00755126271
2025-12-19,0.01142900537,0.01142900537,0,0,0.01143609433,-7.088962773e-06,1.021012725,-0.02027516337,8,8,0.009063506224
2025-12-22,0.005718829681,0.005718829681,0,0,0.005387685177,0.0003311445037,1.020789302,-0.008746197665,8,8,0.00622980385
2025-12-23,0.005488627494,0.005488627494,0,0,0.003223142154,0.002265485341,1.020012565,-0.003010153429,8,8,0.004570492347
2025-12-24,-0.0006929023889,-0.0006929023889,0,0,0.001697293063,-0.002390195452,1.015397085,0.002464944901,8,8,0.003517674396
2025-12-26,-0.001259014086,-0.001259014086,0,0,-0.0009286028725,-0.0003304112137,1.020191467,0.001773271216,8,8,-0.0001014096655
2025-12-29,-0.005511031778,-0.005511031778,0,0,-0.005859772315,0.000348740537,1.020878576,0.0005149054029,8,8,-0.003563653507
2025-12-30,-0.0003972221321,-0.0003972221321,0,0,-0.001183227842,0.0007860057096,1.02029293,-0.005023812767,8,8,-0.001221213613
2025-12-31,-0.001293091249,-0.001293091249,0,0,-0.003744769804,0.002451678554,1.018728358,-0.00542318911,8,8,-0.007408852969
2026-01-02,0.01449543717,0.01370793462,0.0007875025482,0.7875025482,0.005442157244,0.009053279923,1.013842901,-0.006724976367,8,8,0.001832993102
2026-01-05,-0.004749221938,-0.004749221938,0,0,-0.0003798444812,-0.004369377457,1,0,8,8,0.006660207108
2026-01-06,-0.006658119441,-0.006658119441,0,0,-0.001443221067,-0.005214898374,1.008780455,-0.004771884678,8,8,0.005947158299
2026-01-07,0.005557594978,0.005557594978,0,0,0.001258448636,0.004299146342,1.019339013,-0.01150661655,8,8,-0.003223412281
2026-01-08,-0.004431257583,-0.004431257583,0,0,-0.001415340781,-0.003015916802,1.010681358,-0.005916142047,8,8,-0.0001015273143
2026-01-09,-0.0006377658046,-0.0006377658046,0,0,0.003499778844,-0.004137544649,1.016787582,-0.01039345571,8,8,0.006613382997
2026-01-12,0.005902077159,0.005902077159,0,0,0.004851534875,0.001050542284,1.025078665,-0.01103826134,8,8,0.001570433001
2026-01-13,0.009578365371,0.009578365371,0,0,0.002731975893,0.006846389478,1.022842761,-0.005106047892,8,8,-0.001999506765
2026-01-14,0.004897355785,0.004897355785,0,0,-0.0004290067601,0.005326362545,1.009063172,0.004429886409,8,8,-0.004915252903
2026-01-15,0.002696564357,0.002696564357,0,0,-0.0007669100567,0.003463474413,0.9984181934,0.009281785986,8,8,0.002723297508
2026-01-16,0.001397562369,0.001397562369,0,0,-0.001486769354,0.002884331723,0.9915141272,0.01194613682,8,8,-0.0008379051892
2026-01-20,-0.0008783453352,-0.0008783453352,0,0,-0.01108442091,0.01020607557,0.9857653576,0.01332507656,8,8,-0.02035680001
2026-01-21,0.002301440935,0.002301440935,0,0,0.005677555585,-0.00337611465,0.9653227479,0.01245767336,8,8,0.01154110928
2026-01-22,-0.002360444023,-0.002360444023,0,0,0.002382952841,-0.004743396864,0.9721390974,0.01472522506,8,8,0.005223257673
2026-01-23,-0.004157964512,-0.004157964512,0,0,-0.003619524171,-0.0005384403404,0.9815824174,0.01239403647,8,8,0.000362735189
2026-01-26,1.709068477e-05,1.709068477e-05,0,0,0.002955080609,-0.002937989924,0.982586895,0.008270460237,8,8,0.005078231762
2026-01-27,0.01073425221,0.01073425221,0,0,0.004071168211,0.006663083997,0.9884630721,0.008287409284,8,8,0.003984165378
2026-01-28,0.003429684283,0.003429684283,0,0,-0.0005588548425,0.003988539126,0.9754009564,0.01881964666,8,8,-0.0001006645803
2026-01-29,0.003472463953,0.003472463953,0,0,0.001750153433,0.001722310521,0.9675352221,0.02217328358,8,8,-0.001984377155
2026-01-30,0.004254237618,0.004254237618,0,0,0.003226053206,0.001028184411,0.9642148636,0.02555700177,8,8,-0.002982484106
2026-02-02,0.01505709451,0.01441408443,0.0006430100845,0.6430100845,0.009126461997,0.005930632516,0.9623187996,0.02968495254,8,8,0.004971222737
2026-02-03,0.008093814557,0.008093814557,0,0,0.001382272936,0.006711541621,1,0,8,8,-0.008455385901
2026-02-04,-0.004599289927,-0.004599289927,0,0,-0.002284763864,-0.002314526063,0.9866846884,0.00802883069,8,8,-0.004843853726
2026-02-05,0.00817829069,0.00817829069,0,0,-0.002738856152,0.01091714684,0.9912736053,0.003445387097,8,8,-0.01248928406
2026-02-06,0.00451423271,0.00451423271,0,0,0.009637905048,-0.005123672338,0.9696872184,0.01152938711,8,8,0.01918478648
2026-02-09,-0.008191483033,-0.008191483033,0,0,-0.0009521723634,-0.007239310669,0.980024736,0.01597152066,8,8,0.004821726717
2026-02-10,-0.005118565719,-0.005118565719,0,0,-0.0003371143835,-0.004781451335,0.9944579599,0.007844294026,8,8,-0.002637057771
2026-02-11,0.00817530759,0.00817530759,0,0,0.003918288464,0.004257019127,1.004041549,0.002739751907,8,8,-0.0002311221437
2026-02-12,9.260882396e-06,9.260882396e-06,0,0,-0.006462949398,0.00647221028,0.9955637787,0.01082654913,8,8,-0.0154488597
2026-02-13,-0.003502824965,-0.003502824965,0,0,0.001379486774,-0.004882311739,0.9826195191,0.01083570966,8,8,0.0007044991031
2026-02-17,0.001853572695,0.001853572695,0,0,-0.0002535465505,0.002107119246,0.9923573718,0.007358660799,8,8,0.001613483019
2026-02-18,-0.003243042934,-0.003243042934,0,0,-9.933054996e-05,-0.003143712384,0.9881650702,0.009195189542,8,8,0.005037707551
2026-02-19,0.0009397001433,0.0009397001433,0,0,0.0002428734618,0.0006968266815,0.9944344456,0.005971512479,8,8,-0.002637344324
2026-02-20,0.001846504214,0.001846504214,0,0,0.002722472581,-0.0008759683665,0.9930473257,0.006904724252,8,8,0.007231849289
2026-02-23,0.00467039606,0.00467039606,0,0,-0.006604965076,0.01127536114,0.9948088479,0.008735099069,8,8,-0.01021136604
2026-02-24,-0.0050619061,-0.0050619061,0,0,0.002285244709,-0.00734715081,0.9723870889,0.01334317721,8,8,0.00726847527
2026-02-25,-0.001018797983,-0.001018797983,0,0,0.004156232727,-0.00517503071,0.987015665,0.008323403393,8,8,0.008438306301
2026-02-26,-0.00562912232,-0.00562912232,0,0,-0.004023880044,-0.001605242276,0.9973630399,0.007312054917,8,8,-0.005554445579
2026-02-27,-0.008723295111,-0.008723295111,0,0,-0.002435354504,-0.006287940607,1.000576771,0.00169245966,8,8,-0.004801940859
2026-03-02,-0.003537847144,-0.004339342121,0.0008014949775,0.8014949775,-0.001047000043,-0.002490847101,1.013268397,-0.00709270723,8,8,0.000568522986
2026-03-03,-0.00749741322,-0.00749741322,0,0,-0.006565877431,-0.0009315357884,1,0,8,8,-0.008814250912
2026-03-04,-7.142655479e-05,-7.142655479e-05,0,0,0.002173441921,-0.002244868475,1.001877145,-0.007554049047,8,8,0.007055355958
2026-03-05,-0.01365299189,-0.01365299189,0,0,-0.01047997221,-0.003173019677,1.006367337,-0.007626020302,8,8,-0.005575670492
2026-03-06,-0.000627422714,-0.000627422714,0,0,-0.004582153079,0.003954730365,1.012889355,-0.02157355578,8,8,-0.01310712991
2026-03-09,0.009397116281,0.009397116281,0,0,0.006015884811,0.00338123147,1.00498302,-0.02221491663,8,8,0.008759961522
2026-03-10,0.00534743037,0.00534743037,0,0,0.001072096729,0.004275333642,0.9982371234,-0.01269847134,8,8,-0.001607015576
2026-03-11,-0.002066219184,-0.002066219184,0,0,0.000147851932,-0.002214071116,0.9897413137,-0.007311940876,8,8,-0.001255134549
2026-03-12,0.002092127711,0.002092127711,0,0,-0.004982314017,0.007074441728,0.9941573838,-0.009397577515,8,8,-0.01518496627
2026-03-13,0.01023623524,0.01023623524,0,0,-0.000444908218,0.01068114345,0.9800502378,-0.00729019778,8,8,-0.005660135753
2026-03-16,-0.001405065564,-0.001405065564,0,0,0.003682745203,-0.005087810767,0.959106546,0.002916186683,8,8,0.01017686501
2026-03-17,0.002713228361,0.002713228361,0,0,0.001883796257,0.0008294321035,0.9692389462,0.001513247331,8,8,0.002630544991
2026-03-18,0.002055759853,0.002055759853,0,0,-0.005389294803,0.007445054656,0.9676678066,0.004215039327,8,8,-0.01395364452
2026-03-19,-0.0003653111762,-0.0003653111762,0,0,-0.002435945359,0.002070634183,0.9528745758,0.006257934369,8,8,-0.002464381043
2026-03-20,0.00079664058,0.00079664058,0,0,-0.00434741942,0.00514406,0.9487145723,0.005894776621,8,8,-0.01433569627
2026-03-23,0.002532836578,0.002532836578,0,0,0.007400148457,-0.00486731188,0.9384754653,0.00668609079,8,8,0.01049999123
2026-03-24,0.01395772872,0.01395772872,0,0,0.002207266864,0.01175046185,0.948340933,0.009195636323,8,8,-0.003356814477
2026-03-25,0.004096953921,0.004096953921,0,0,0.003481274957,0.000615678964,0.9258746311,0.02283464526,8,8,0.005572688244
2026-03-26,-0.001327425196,-0.001327425196,0,0,-0.006668623423,0.005341198227,0.9249507465,0.02682171186,8,8,-0.01785872998
2026-03-27,0.008139343244,0.008139343244,0,0,-0.001700360417,0.009839703661,0.9141543964,0.0255281734,8,8,-0.01705189416
2026-03-30,-0.007729508009,-0.007729508009,0,0,-0.002855187759,-0.00487432025,0.8953269589,0.0333956976,8,8,-0.003343390687
2026-03-31,-0.0008018903554,-0.0008018903554,0,0,0.01255764706,-0.01335953741,0.904336165,0.02586612199,8,8,0.02906786578
2026-04-01,0.01206068805,0.01140260324,0.0006580848074,0.6580848074,0.00308033669,0.008980351358,0.9309999094,0.02508434653,8,8,0.00753449141
2026-04-02,-0.0037563852,-0.0037563852,0,0,-0.0002009884947,-0.003555396706,1,0,8,8,0.0009004595313
2026-04-06,0.001367898807,0.001367898807,0,0,0.001291780819,7.611798786e-05,1.007137605,-0.003770548834,8,8,0.004726845084
2026-04-07,-0.002089851753,-0.002089851753,0,0,-0.0007076394242,-0.001382212329,1.006975827,-0.002399367935,8,8,0.0004400005646
2026-04-08,0.004576462926,0.004576462926,0,0,0.007340534223,-0.002764071297,1.00976065,-0.004498621139,8,8,0.02546963651
2026-04-09,0.003491081675,0.003491081675,0,0,0.001747515057,0.001743566618,1.015219143,7.748717017e-05,8,8,0.005769017699
2026-04-10,0.002160622549,0.002160622549,0,0,-0.002998546423,0.005159168972,1.011691194,0.003556154021,8,8,-0.0006617754266
2026-04-13,-0.01864560174,-0.01864560174,0,0,0.0005511749205,-0.01919677666,1.001369897,0.005704451403,8,8,0.009772447246
2026-04-14,-0.01020321322,-0.01020321322,0,0,8.765523905e-05,-0.01029086846,1.04051895,-0.01318703045,8,8,0.01218487721
2026-04-15,-0.01715084773,-0.01715084773,0,0,-0.002761571285,-0.01438927644,1.061730537,-0.02363135947,8,8,0.007890969227
2026-04-16,-0.00892780222,-0.00892780222,0,0,0.0003006820277,-0.009228484247,1.092088485,-0.04149386211,8,8,0.002457347647
2026-04-17,0.007270334946,0.007270334946,0,0,0.002126570834,0.005143764112,1.111541272,-0.05087587407,8,8,0.0120856861
2026-04-20,-0.00197662041,-0.00197662041,0,0,-0.002390066584,0.0004134461737,1.100522909,-0.04329080051,8,8,-0.001999735115
2026-04-21,-0.01115155727,-0.01115155727,0,0,-0.005081863498,-0.006069693776,1.099893468,-0.04535707464,8,8,-0.006546892849
2026-04-22,-0.006869509504,-0.006869509504,0,0,0.002829018708,-0.009698528212,1.113296286,-0.05714589766,8,8,0.0101267121
2026-04-23,0.02785311806,0.02785311806,0,0,0.005849448312,0.02200366975,1.133611185,-0.06445820341,8,8,-0.003880740868
2026-04-24,-0.009360508554,-0.009360508554,0,0,-0.004250691053,-0.005109817501,1.08717573,-0.03561314813,8,8,0.007749309237
2026-04-27,0.0005856240588,0.0005856240588,0,0,-0.0001951603518,0.0007807844106,1.098315649,-0.04539861076,8,8,0.001722787838
2026-04-28,-0.002454933051,-0.002454933051,0,0,-0.0008645575245,-0.001590375526,1.096697452,-0.0447867585,8,8,-0.004865992267
2026-04-29,0.006512257661,0.006512257661,0,0,0.004421239553,0.002091018108,1.100124001,-0.04735795216,8,8,-0.000154509325
2026-04-30,0.02620286062,0.02620286062,0,0,0.01569444279,0.01050841783,1.095321208,-0.04058141784,8,8,0.009949633528
2026-05-01,-0.009883571591,-0.01048983417,0.0006062625804,0.6062625804,-0.002182013566,-0.007701558025,1.0724071,-0.01401141799,8,8,0.002769095292
2026-05-04,-0.003473990515,-0.003473990515,0,0,-0.0002153586811,-0.003258631834,1,0,8,8,-0.003663392147
2026-05-05,0.00271006259,0.00271006259,0,0,0.002870604003,-0.0001605414129,1.006539984,-0.003486101197,8,8,0.008022228724
2026-05-06,-0.01009845377,-0.01009845377,0,0,-0.005837379712,-0.004261074062,1.006842523,-0.0007739411785,8,8,0.01389939969
2026-05-07,-0.01570172307,-0.01570172307,0,0,-0.007394229696,-0.008307493377,1.015521413,-0.01098330939,8,8,-0.003066082419
2026-05-08,-0.003607548537,-0.003607548537,0,0,-0.0030865414,-0.0005210071371,1.032649046,-0.02711071744,8,8,0.008256097011
2026-05-11,0.01018325191,0.01018325191,0,0,0.005566249901,0.004617002009,1.033813043,-0.03082948485,8,8,0.002277563042
2026-05-12,0.01015722278,0.01015722278,0,0,0.003863424544,0.006293798239,1.024331267,-0.02043810655,8,8,-0.001514952615
2026-05-13,0.0008069915768,0.0008069915768,0,0,0.002541638111,-0.001734646534,1.011625587,-0.01017750854,8,8,0.005594837815
2026-05-14,0.0001556555811,0.0001556555811,0,0,0.002839212369,-0.002683556788,1.015082708,-0.009362961136,8,8,0.007894314905
2026-05-15,-0.0009263450805,-0.0009263450805,0,0,-0.0002319888075,-0.000694356273,1.020446639,-0.009205872609,8,8,-0.01202934376
2026-05-18,0.004074027245,0.004074027245,0,0,0.00428981421,-0.0002157869648,1.021855598,-0.01014161232,8,8,-0.0007035093177
2026-05-19,0.009665947819,0.009665947819,0,0,0.004300373638,0.005365574181,1.022196742,-0.00604296587,8,8,-0.006660788087
2026-05-20,-0.01383655414,-0.01383655414,0,0,-0.00720778902,-0.006628765124,1.011355828,0.003588297651,8,8,0.01024899458
2026-05-21,-0.001086550579,-0.001086550579,0,0,-0.003813649615,0.002727099036,1.024958701,-0.01039204661,8,8,0.001983087701
2026-05-22,-0.0005742316598,-0.0005742316598,0,0,0.004700236448,-0.005274468107,1.019525719,-0.01149108283,8,8,0.003931549077
2026-05-26,-0.005993204383,-0.005993204383,0,0,-0.007602743261,0.001609538877,1.030091935,-0.01207224676,8,8,0.006638641352
2026-05-27,-0.004565648974,-0.004565648974,0,0,-0.0007523511043,-0.003813297869,1.027034882,-0.01817437388,8,8,-0.0001732421647
2026-05-28,-0.01152719817,-0.01152719817,0,0,-0.002191261781,-0.00933593639,1.034820456,-0.02284432201,8,8,0.005516578601
2026-05-29,-0.02439745529,-0.02439745529,0,0,-0.006003595575,-0.01839385972,1.054116136,-0.03477234792,8,8,0.002491404803
2026-06-01,-0.01564009681,-0.01639586312,0.0007557663087,0.7557663087,-0.001553218793,-0.01408687802,1.093177141,-0.0606494966,8,8,0.002723113461
2026-06-02,0.01812661324,0.01812661324,0,0,0.005130199709,0.01299641353,1,0,8,8,0.001357939797
2026-06-03,0.01796410822,0.01796410822,0,0,0.005036215878,0.01292789234,0.9744699464,0.01780388903,8,8,-0.00701718232
2026-06-04,0.001841343415,0.001841343415,0,0,0.00465709449,-0.002815751075,0.9495209724,0.03513679604,8,8,0.003778685762
2026-06-05,0.005320344701,0.005320344701,0,0,-0.00882035134,0.01414069604,0.9552349025,0.03691017514,8,8,-0.02580937125
2026-06-08,0.00402955506,0.00402955506,0,0,0.004186267683,-0.0001567126225,0.9273400862,0.04200702798,8,8,0.002264172609
2026-06-09,0.001566636164,0.001566636164,0,0,-0.004165854597,0.005732490761,0.9279438656,0.0458518206,8,8,-0.002935450551
2026-06-10,0.004841248757,0.004841248757,0,0,-0.002871676926,0.007712925684,0.9166095266,0.04734428549,8,8,-0.01576556251
2026-06-11,0.006902505172,0.006902505172,0,0,0.003158383852,0.00374412132,0.9016597648,0.05193410831,8,8,0.01699684789
2026-06-12,0.005416895332,0.005416895332,0,0,0.00252087847,0.002896016862,0.8948969961,0.05843327749,8,8,0.005408247902
2026-06-15,-0.01061790087,-0.01061790087,0,0,-0.003568875643,-0.007049025226,0.8897024328,0.06350616656,8,8,0.01763396989
2026-06-16,0.004169615003,0.004169615003,0,0,-0.0003668597686,0.004536474772,0.9027680844,0.05345585466,8,8,-0.005961562844
2026-06-17,0.006874928322,0.006874928322,0,0,-0.003940621076,0.0108155494,0.8941365447,0.05738619134,8,8,-0.01248787089
2026-06-18,-0.003513982116,-0.003513982116,0,0,-0.002741321822,-0.0007726602947,0.873375977,0.06382234561,8,8,0.01039699244
2026-06-22,0.01442094897,0.01442094897,0,0,0.005189213287,0.009231735682,0.8744802233,0.06052103332,8,8,-0.003146979694
2026-06-23,0.002144122054,0.002144122054,0,0,-0.002267015148,0.004411137202,0.8580636094,0.07387661144,8,8,-0.01452195401
2026-06-24,0.001613716438,0.001613716438,0,0,-0.002916825327,0.004530541765,0.8495638884,0.07585808451,8,8,-0.0004635170636
2026-06-25,0.008638431326,0.008638431326,0,0,0.002643152162,0.005995279164,0.8407597734,0.07734698484,8,8,0.001445635225
2026-06-26,-0.01570509015,-0.01570509015,0,0,-0.007929491483,-0.007775598667,0.8302357123,0.08524899855,8,8,-0.007231373617
2026-06-29,-0.005233297955,-0.005233297955,0,0,0.0001801916228,-0.005413489578,0.8433263356,0.07065352843,8,8,0.01647486238
2026-06-30,0.003818788577,0.003818788577,0,0,0.002017910823,0.001800877754,0.8533860402,0.06576439515,8,8,0.007786800987
2026-07-01,-0.01618184253,-0.01697164831,0.0007898057757,0.7898057757,-0.005713756234,-0.0104680863,0.8503557444,0.06931847115,8,8,-0.001352504438
2026-07-02,-0.01621541565,-0.01621541565,0,0,-0.0008988081753,-0.01531660748,1,0,8,8,-0.001314069481
2026-07-06,0.009152271311,0.009152271311,0,0,0.003752519831,0.00539975148,1.031138133,-0.01648268931,8,8,0.008727409093
2026-07-07,0.001380369407,0.001380369407,0,0,0.002387145176,-0.001006775769,1.020154173,-0.007263936484,8,8,-0.004751899671
2026-07-08,0.01201971993,0.01201971993,0,0,0.004303060236,0.007716659694,1.022137167,-0.005875456776,8,8,-0.003089429713
2026-07-09,-4.414177663e-05,-4.414177663e-05,0,0,0.0001928874373,-0.0002370292139,1.006624227,0.006071287973,8,8,0.008465250003
2026-07-10,0.0031276972,0.0031276972,0,0,0.004974153446,-0.001846456246,1.007098598,0.006027412257,8,8,0.004310159689
2026-07-13,-0.003957575438,-0.003957575438,0,0,-2.488330461e-05,-0.003932692133,1.010757864,0.009126564327,8,8,-0.007656174851
2026-07-14,0.007200535122,0.007200535122,0,0,0.0006517157692,0.006548819353,1.018697244,0.005189526833,8,8,0.003550641697
2026-07-15,-0.003765268748,-0.003765268748,0,0,-0.001711626446,-0.002053642301,1.005559573,0.01230148468,8,8,0.00396363593
2026-07-16,-0.02008803653,-0.02008803653,0,0,-0.00628919724,-0.01379883929,1.009703393,0.00856847856,8,8,-0.005418617756
2026-07-17,0.01366919976,0.01366919976,0,0,0.002238788292,0.01143041147,1.038065738,-0.01175570704,8,8,-0.009897156018
2026-07-20,0.006450982171,0.006450982171,0,0,0.002818925839,0.003632056332,1.014999879,0.001887689518,8,8,-0.001614378247
2026-07-21,0.0120920914,0.0120920914,0,0,0.007117731308,0.004974360096,1.007686183,0.008285223858,8,8,0.008341309299
2026-07-22,0.01141704474,0.01141704474,0,0,0.004393610924,0.007023433817,0.9977644943,0.02013385485,8,8,-0.001162741378
2026-07-23,0.01195539831,0.01195539831,0,0,0.001867643328,0.01008775498,0.9839014249,0.03119474776,8,8,-0.01234928727
2026-07-24,-0.01031923853,-0.01031923853,0,0,-0.001648675166,-0.008670563361,0.9641544626,0.04264036354,8,8,0.001016012365
2026-07-27,-0.01690458794,-0.01690458794,0,0,-0.004124997732,-0.01277959021,0.9813026468,0.03265813207,8,8,0.0002165755637
2026-07-28,-0.01577177087,-0.01577177087,0,0,-0.002850052042,-0.01292171882,1.006979818,0.01602443052,8,8,0.002394780652
2026-07-29,-0.008065630043,-0.008065630043,0,0,-0.002564027882,-0.005501602161,1.033349232,0.0002567084031,8,8,-0.01538747348
2026-07-30,0.01719681601,0.01719681601,0,0,0.005811355278,0.01138546073,1.044713076,-0.007872417648,8,8,0.0167657995
2026-07-31,0.007929095391,0.007929095391,0,0,0.007921895845,7.199545663e-06,1.021571198,0.009166759285,8,8,0.007199809675
