date,gross_return,net_return,cost,turnover,long_return,short_return,gross_exposure,net_exposure,long_names,short_names,benchmark_return
2010-01-04,0,0,0,0,0,0,0,0,0,0,
2010-01-05,0,0,0,0,0,0,0,0,0,0,0.002647243505
2010-01-06,0,0,0,0,0,0,0,0,0,0,0.0007038098578
2010-01-07,0,0,0,0,0,0,0,0,0,0,0.00422150741
2010-01-08,0,0,0,0,0,0,0,0,0,0,0.003327753803
2010-01-11,0,0,0,0,0,0,0,0,0,0,0.001396606172
2010-01-12,0,0,0,0,0,0,0,0,0,0,-0.009326354695
2010-01-13,0,0,0,0,0,0,0,0,0,0,0.008445828048
2010-01-14,0,0,0,0,0,0,0,0,0,0,0.002704767565
2010-01-15,0,0,0,0,0,0,0,0,0,0,-0.01122386897
2010-01-19,0,0,0,0,0,0,0,0,0,0,0.01249510062
2010-01-20,0,0,0,0,0,0,0,0,0,0,-0.01016837263
2010-01-21,0,0,0,0,0,0,0,0,0,0,-0.01922904132
2010-01-22,0,0,0,0,0,0,0,0,0,0,-0.02229182921
2010-01-25,0,0,0,0,0,0,0,0,0,0,0.005127655482
2010-01-26,0,0,0,0,0,0,0,0,0,0,-0.004190774633
2010-01-27,0,0,0,0,0,0,0,0,0,0,0.004757200144
2010-01-28,0,0,0,0,0,0,0,0,0,0,-0.01147242412
2010-01-29,0,0,0,0,0,0,0,0,0,0,-0.01086810881
2010-02-01,0,0,0,0,0,0,0,0,0,0,0.01555047323
2010-02-02,0,0,0,0,0,0,0,0,0,0,0.01210365779
2010-02-03,0,0,0,0,0,0,0,0,0,0,-0.004983003164
2010-02-04,0,0,0,0,0,0,0,0,0,0,-0.03086563682
2010-02-05,0,0,0,0,0,0,0,0,0,0,0.002066482416
2010-02-08,0,0,0,0,0,0,0,0,0,0,-0.007218923206
2010-02-09,0,0,0,0,0,0,0,0,0,0,0.01256051548
2010-02-10,0,0,0,0,0,0,0,0,0,0,-0.001959154657
2010-02-11,0,0,0,0,0,0,0,0,0,0,0.01046624701
2010-02-12,0,0,0,0,0,0,0,0,0,0,-0.0008318832024
2010-02-16,0,0,0,0,0,0,0,0,0,0,0.01573491634
2010-02-17,0,0,0,0,0,0,0,0,0,0,0.004738092355
2010-02-18,0,0,0,0,0,0,0,0,0,0,0.005895752118
2010-02-19,0,0,0,0,0,0,0,0,0,0,0.00207334196
2010-02-22,0,0,0,0,0,0,0,0,0,0,0.0001802855042
2010-02-23,0,0,0,0,0,0,0,0,0,0,-0.01214491422
2010-02-24,0,0,0,0,0,0,0,0,0,0,0.009197558713
2010-02-25,0,0,0,0,0,0,0,0,0,0,-0.001353370586
2010-02-26,0,0,0,0,0,0,0,0,0,0,0.0006326628622
2010-03-01,0,-0.001,0.001,1,0,0,0,0,0,0,0.01038456426
2010-03-02,-0.0005478545579,-0.0005478545579,0,0,-0.001951313204,0.001403458646,1,0,7,7,0.002770577389
2010-03-03,0.001224579622,0.001224579622,0,0,-0.0009211734873,0.002145753109,0.9971915441,-0.000548154867,7,7,0.0008913623138
2010-03-04,-0.0001333115053,-0.0001333115053,0,0,0.003293103,-0.003426414506,0.9929087217,0.0006755974323,7,7,0.003027368482
2010-03-05,-0.00279214995,-0.00279214995,0,0,0.003616830352,-0.006408980302,0.9997615189,0.0005423582296,7,7,0.01429348831
2010-03-08,-0.002020188215,-0.002020188215,0,0,-0.0007403836107,-0.001279804604,1.012614702,-0.002256091065,7,7,0.0001748410526
2010-03-09,-0.00515268282,-0.00515268282,0,0,-0.003266984864,-0.001885697957,1.015205028,-0.004284935656,7,7,0.001663025676
2010-03-10,-0.003533004751,-0.003533004751,0,0,-0.0001109896157,-0.003422015135,1.01907471,-0.009486499399,7,7,0.004455268154
2010-03-11,-0.0006151724512,-0.0006151724512,0,0,0.002663374169,-0.00327854662,1.026010636,-0.01306566521,7,7,0.004175509953
2010-03-12,-0.002018299986,-0.002018299986,0,0,-0.002043558398,2.525841228e-05,1.032587776,-0.01368925891,7,7,8.668895136e-05
2010-03-15,0.003549614303,0.003549614303,0,0,0.003049398619,0.0005002156833,1.032603062,-0.01573932558,7,7,0.0002595130664
2010-03-16,5.70700153e-05,5.70700153e-05,0,0,0.001907195625,-0.001850125609,1.03149085,-0.01214659555,7,7,0.007966161407
2010-03-17,0.0006748821871,0.0006748821871,0,0,0.00438964,-0.003714757813,1.035189093,-0.01208883562,7,7,0.005927380456
2010-03-18,0.0008346784265,0.0008346784265,0,0,0.002606426877,-0.00177174845,1.042589866,-0.01140625556,7,7,-0.000512280994
2010-03-19,0.001102993352,0.001102993352,0,0,-0.002564594437,0.003667587789,1.046094888,-0.01056276062,7,7,-0.005062022749
2010-03-22,-0.004944995422,-0.004944995422,0,0,0.001213471979,-0.006158467402,1.038717008,-0.009449344705,7,7,0.005346142937
2010-03-23,-0.002523281166,-0.002523281166,0,0,0.003425988802,-0.005949269969,1.05128756,-0.01446587381,7,7,0.00703343758
2010-03-24,-0.004958572263,-0.004958572263,0,0,-0.004413686413,-0.0005448858499,1.063345939,-0.01703213183,7,7,-0.004855071477
2010-03-25,-0.0004648318101,-0.0004648318101,0,0,0.004131282765,-0.004596114575,1.064756812,-0.02210028998,7,7,-0.001626049414
2010-03-26,-0.007300915402,-0.007300915402,0,0,-0.004128431176,-0.003172484227,1.073983431,-0.02257561565,7,7,-0.0005999500769
2010-03-29,0.002364563621,0.002364563621,0,0,0.002983295799,-0.000618732178,1.080919184,-0.03009626131,7,7,0.006347446708
2010-03-30,0.0001848468562,0.0001848468562,0,0,-0.0008222344972,0.001007081353,1.081962842,-0.02766627901,7,7,0.0006820886387
2010-03-31,0.0006582689913,0.0006582689913,0,0,-0.002007853834,0.002666122825,1.079933903,-0.02747635324,7,7,-0.003407338069
2010-04-01,-0.009853413088,-0.01122797053,0.001374557439,1.374557439,-0.003296133771,-0.006557279318,1.074552582,-0.02680044235,7,7,0.006837975433
2010-04-05,-0.0005696524354,-0.0005696524354,0,0,-0.001179859383,0.0006102069479,1,0,7,7,0.008148943268
2010-04-06,-0.007656706307,-0.007656706307,0,0,-0.003571887476,-0.004084818831,0.9987788905,-0.0005699771242,7,7,0.00235810641
2010-04-07,-0.002507862154,-0.002507862154,0,0,-0.003881797853,0.001373935699,1.007002141,-0.008290158742,7,7,-0.0057124408
2010-04-08,0.001342947934,0.001342947934,0,0,0.001874915421,-0.0005319674869,1.004264966,-0.01082516893,7,7,0.003463826287
2010-04-09,0.0008938229049,0.0008938229049,0,0,0.002792878333,-0.001899055428,1.005321754,-0.009469503943,7,7,0.006567115715
2010-04-12,-0.00117726061,-0.00117726061,0,0,-0.001160840762,-1.641984734e-05,1.009111721,-0.008568022743,7,7,0.001589104432
2010-04-13,-0.0001744544627,-0.0001744544627,0,0,-0.0008507529135,0.0006762984508,1.009155339,-0.009756769613,7,7,0.0007520540343
2010-04-14,-0.01338107318,-0.01338107318,0,0,-0.001590015443,-0.01179105773,1.007804103,-0.009932956924,7,7,0.0113490538
2010-04-15,-0.01284850423,-0.01284850423,0,0,-0.005110864091,-0.007737640141,1.031811896,-0.02363022791,7,7,0.0008253843015
2010-04-16,0.004839542367,0.004839542367,0,0,-0.004680890281,0.009520432648,1.047902654,-0.03695352972,7,7,-0.01591203699
2010-04-19,0.001740256148,0.001740256148,0,0,0.002481374842,-0.0007411186944,1.028722783,-0.03195931888,7,7,0.00377010706
2010-04-20,-0.0009161956981,-0.0009161956981,0,0,0.002879957747,-0.003796153445,1.030152548,-0.03016656518,7,7,0.008930740597
2010-04-21,-0.009837210649,-0.009837210649,0,0,-0.005130014448,-0.004707196201,1.037779468,-0.03111126489,7,7,-0.001820333052
2010-04-22,-0.003471509238,-0.003471509238,0,0,0.002079893749,-0.005551402987,1.047662729,-0.0413552963,7,7,0.0029837601
2010-04-23,0.007260653324,0.007260653324,0,0,0.008751855602,-0.001491202278,1.05897025,-0.04498296431,7,7,0.006527717055
2010-04-26,-0.009131922693,-0.009131922693,0,0,-0.009794685885,0.0006627631922,1.061506081,-0.03745039664,7,7,-0.003776104951
2010-04-27,0.00679771889,0.00679771889,0,0,-0.009163770299,0.01596148919,1.060735183,-0.04701162587,7,7,-0.02365061741
2010-04-28,-0.0001499489769,-0.0001499489769,0,0,0.003451260341,-0.003601209318,1.02861767,-0.03994238984,7,7,0.007596649002
2010-04-29,-0.009157813473,-0.009157813473,0,0,0.004037305874,-0.01319511935,1.03582546,-0.04009835152,7,7,0.01239679465
2010-04-30,0.002768822084,0.002768822084,0,0,-0.009440221065,0.01220904315,1.062790725,-0.04971141284,7,7,-0.0169618996
2010-05-03,-0.009439583949,-0.01080496488,0.001365380936,1.365380936,0.002472922136,-0.01191250608,1.038266685,-0.04681297396,7,7,0.01296211462
2010-05-04,0.001369163718,0.001369163718,0,0,-0.01170473884,0.01307390256,1,0,7,7,-0.02351476092
2010-05-05,0.005368234276,0.005368234276,0,0,-0.002023850432,0.007392084708,0.9738879466,0.001367291672,7,7,-0.005956472253
2010-05-06,0.004595281238,0.004595281238,0,0,-0.01228304201,0.01687832325,0.9593221454,0.006699561134,7,7,-0.03321356441
2010-05-07,0.01179067345,0.01179067345,0,0,-0.003542711054,0.0153333845,0.9259059818,0.01124317681,7,7,-0.01487494834
2010-05-10,-0.01382696955,-0.01382696955,0,0,0.01586310632,-0.02969007587,0.8964600189,0.0227654305,7,7,0.04404108854
2010-05-11,-0.01196488503,-0.01196488503,0,0,-0.007983011851,-0.003981873175,0.9552210129,0.009063785642,7,7,-0.002841142648
2010-05-12,-0.005258142226,-0.005258142226,0,0,0.007961413616,-0.01321955584,0.9627389349,-0.00293623105,7,7,0.01398601644
2010-05-13,0.003178229952,0.003178229952,0,0,-0.003085714602,0.006263944554,0.9891208424,-0.008237688213,7,7,-0.01243078526
2010-05-14,0.00450815073,0.00450815073,0,0,-0.01181808533,0.01632623606,0.9766671106,-0.005043429083,7,7,-0.01810504078
2010-05-17,-0.003826673267,-0.003826673267,0,0,0.0005145871212,-0.004341260388,0.9442658962,-0.0005328760676,7,7,0.0005266156333
2010-05-18,7.555357109e-05,7.555357109e-05,0,0,-0.009409216946,0.009484770517,0.9527676743,-0.004376295989,7,7,-0.0136021546
2010-05-19,0.007808654945,0.007808654945,0,0,0.0007412107413,0.007067444204,0.9338031347,-0.004300417506,7,7,-0.005694111607
2010-05-20,0.004530774846,0.004530774846,0,0,-0.01534480445,0.0198755793,0.9202906689,0.003481055081,7,7,-0.03775914926
2010-05-21,-0.005701617959,-0.005701617959,0,0,0.006169357935,-0.01187097589,0.8810783177,0.007975693854,7,7,0.01459913305
2010-05-24,-0.004368681032,-0.004368681032,0,0,-0.005838494052,0.00146981302,0.9042744791,0.002287116158,7,7,-0.01283126375
2010-05-25,0.00170837473,0.00170837473,0,0,0.004833279573,-0.003124904844,0.9009019252,-0.002090698469,7,7,0.001021313455
2010-05-26,-0.001014298664,-0.001014298664,0,0,-0.001161573436,0.0001472747713,0.907310084,-0.0003816717012,7,7,-0.006028619157
2010-05-27,-0.0003919263361,-0.0003919263361,0,0,0.01745595805,-0.01784788438,0.9069211247,-0.001397387734,7,7,0.03349811152
2010-05-28,-0.003426005082,-0.003426005082,0,0,-0.005082171009,0.001656165927,0.9425943947,-0.001790015624,7,7,-0.0125495779
2010-06-01,0.001162016979,-0.0003641850121,0.001526201991,1.526201991,-0.006425639733,0.007587656712,0.9390733278,-0.005233952254,7,7,-0.01682363883
2010-06-02,-0.001062162927,-0.001062162927,0,0,0.01216009864,-0.01322226157,1,0,7,7,0.0260395117
2010-06-03,-0.00762736201,-0.00762736201,0,0,0.001931776483,-0.009559138493,1.026472641,-0.001063292317,7,7,0.003443710027
2010-06-04,-0.004312755822,-0.004312755822,0,0,-0.02123663829,0.01692388247,1.04594133,-0.008757450572,7,7,-0.03513672482
2010-06-07,-0.01098292159,-0.01098292159,0,0,-0.01296787355,0.001984951958,1.012145947,-0.01312681916,7,7,-0.01245051632
2010-06-08,-0.002722596219,-0.002722596219,0,0,0.003142300681,-0.0058648969,1.008266837,-0.02437747667,7,7,0.01071161476
2010-06-09,-0.00785777393,-0.00785777393,0,0,-0.005655938823,-0.002201835107,1.020051222,-0.02717405687,7,7,-0.00534573998
2010-06-10,0.0005928242044,0.0005928242044,0,0,0.01505011989,-0.01445729568,1.024648576,-0.03530928317,7,7,0.0292313095
2010-06-11,0.003558224522,0.003558224522,0,0,0.006701096473,-0.003142871951,1.053531432,-0.0346958904,7,7,0.004855444314
2010-06-14,-0.003949229422,-0.003949229422,0,0,-0.00280009942,-0.001149130002,1.059605088,-0.03102726391,7,7,-0.001549891813
2010-06-15,0.01286259234,0.01286259234,0,0,0.01805134074,-0.005188748402,1.062148788,-0.0351151712,7,7,0.02273808879
2010-06-16,-0.00102528369,-0.00102528369,0,0,0.001077319615,-0.002102603304,1.071605255,-0.02196998786,7,7,-0.0003573346923
2010-06-17,-0.005272284198,-0.005272284198,0,0,0.001943224261,-0.007215508459,1.075888269,-0.02301887243,7,7,0.001607717042
2010-06-18,0.00600070073,0.00600070073,0,0,0.003177145867,0.002823554863,1.090797999,-0.02844110622,7,7,0.001084284189
2010-06-21,0.003729920083,0.003729920083,0,0,-0.0027121584,0.006442078483,1.084642972,-0.02230655056,7,7,-0.002864078564
2010-06-22,0.0009475019982,0.0009475019982,0,0,-0.00955497188,0.01050247388,1.071492155,-0.01850759861,7,7,-0.01651559499
2010-06-23,-0.003421583357,-0.003421583357,0,0,-0.001585725083,-0.001835858274,1.050439416,-0.01754347413,7,7,-0.003103275534
2010-06-24,-0.001297092357,-0.001297092357,0,0,-0.01185136409,0.01055427173,1.054296914,-0.02103703747,7,7,-0.01657053675
2010-06-25,0.008027280266,0.008027280266,0,0,0.005253486708,0.002773793559,1.033231474,-0.02236313688,7,7,0.004189043005
2010-06-28,-0.006634320045,-0.006634320045,0,0,-0.002689012054,-0.003945307991,1.027463431,-0.01422169508,7,7,-0.003151619767
2010-06-29,-0.007766810428,-0.007766810428,0,0,-0.0225410313,0.01477422087,1.035590163,-0.0209953047,7,7,-0.03087498537
2010-06-30,-0.004231829658,-0.004231829658,0,0,-0.006695439181,0.002463609522,1.006089014,-0.02898725363,7,7,-0.009500373282
2010-07-01,-0.004003329082,-0.005184919647,0.001181590565,1.181590565,-0.0006512247174,-0.003352104365,1.001166732,-0.03336025822,7,7,-0.004456286864
2010-07-02,0.001435924352,0.001435924352,0,0,-0.001169176303,0.002605100655,1,0,7,7,-0.005449675916
2010-07-06,5.276901481e-05,5.276901481e-05,0,0,0.0005651647716,-0.0005123957567,0.9947972694,0.00143386543,7,7,0.006555675303
2010-07-07,-0.008737766483,-0.008737766483,0,0,0.01388180291,-0.02261956939,0.9958222814,0.001486556001,7,7,0.03149566433
2010-07-08,-0.0002875894615,-0.0002875894615,0,0,0.003429833808,-0.00371742327,1.041423368,-0.007315128365,7,7,0.009895777679
2010-07-09,-0.000594358251,-0.000594358251,0,0,0.004930246482,-0.005524604733,1.04887227,-0.007604904917,7,7,0.007465508475
2010-07-12,0.003527144182,0.003527144182,0,0,0.005297384434,-0.001770240252,1.059957115,-0.008204139366,7,7,0.000648269406
2010-07-13,0.002920629764,0.002920629764,0,0,0.01341734837,-0.0104967186,1.063274418,-0.004660556729,7,7,0.01508859789
2010-07-14,-0.0008297416785,-0.0008297416785,0,0,-0.0001399789459,-0.0006897627326,1.084022456,-0.001734860081,7,7,-9.120062715e-05
2010-07-15,-0.004433318261,-0.004433318261,0,0,-0.002264592165,-0.002168726096,1.085472902,-0.002566731483,7,7,0.0002734420158
2010-07-16,-0.006275952421,-0.006275952421,0,0,-0.02240919514,0.01613324272,1.090210285,-0.007031221386,7,7,-0.02753480005
2010-07-19,0.002902800925,0.002902800925,0,0,0.006085325275,-0.00318252435,1.058309749,-0.01339121644,7,7,0.005906202624
2010-07-20,0.005686671353,0.005686671353,0,0,0.008619074654,-0.002932403301,1.064487603,-0.01045805786,7,7,0.01109195806
2010-07-21,-0.005734782619,-0.005734782619,0,0,-0.01073519611,0.005000413493,1.069954601,-0.004744406625,7,7,-0.01299758132
2010-07-22,0.01248535857,0.01248535857,0,0,0.01480041007,-0.0023150515,1.060299579,-0.01053963174,7,7,0.02232175304
2010-07-23,-0.007473790856,-0.007473790856,0,0,0.002233279942,-0.009707070798,1.064129008,0.001921733298,7,7,0.008679243012
2010-07-26,0.006504332822,0.006504332822,0,0,0.006115161566,0.0003891712558,1.084172235,-0.005593864935,7,7,0.0104154497
2010-07-27,0.0001716989926,0.0001716989926,0,0,-0.002623228708,0.002794927701,1.082854977,0.0009045841703,7,7,-8.946572432e-05
2010-07-28,-0.0008850292771,-0.0008850292771,0,0,-0.007250815319,0.006365786042,1.077251857,0.001076098398,7,7,-0.006454916413
2010-07-29,-0.003680290576,-0.003680290576,0,0,-0.006122009406,0.00244171883,1.064577438,0.0001912383724,7,7,-0.004872114091
2010-07-30,-0.001679634009,-0.001679634009,0,0,0.001227577056,-0.002907211065,1.059914503,-0.003501940362,7,7,-0.0001813593628
2010-08-02,0.002322958299,0.0009390010242,0.001383957275,1.383957275,0.01054312408,-0.008220165781,1.065839511,-0.005190292163,7,7,0.02258122289
2010-08-03,0.003285003457,0.003285003457,0,0,0.001542157191,0.001742846266,1,0,7,7,-0.004789259894
2010-08-04,-0.000102722885,-0.000102722885,0,0,0.004342966318,-0.004445689203,0.9965257205,0.003274247543,7,7,0.006683288582
2010-08-05,-0.0003063398355,-0.0003063398355,0,0,-0.00123089122,0.000924551384,1.005417655,0.003171850479,7,7,-0.001062341813
2010-08-06,0.005988073432,0.005988073432,0,0,0.00306200344,0.002926069992,1.003569646,0.002866388733,7,7,-0.004076192118
2010-08-09,-0.003840070846,-0.003840070846,0,0,0.0004202917057,-0.004260362552,0.9977310926,0.0088017566,7,7,0.005338670411
2010-08-10,0.001536244809,0.001536244809,0,0,-0.001796077706,0.003332322515,1.006275918,0.004980812427,7,7,-0.005398474459
2010-08-11,0.00258268715,0.00258268715,0,0,-0.0119576511,0.01454033825,0.9996118689,0.006507060797,7,7,-0.02740703272
2010-08-12,0.006800219562,0.006800219562,0,0,0.003619798988,0.003180420574,0.970607105,0.009066332447,7,7,-0.006130104241
2010-08-13,0.005777949538,0.005777949538,0,0,0.004747790146,0.001030159392,0.9644877549,0.01575938473,7,7,-0.002945625831
2010-08-16,0.002586774529,0.002586774529,0,0,0.002860499561,-0.0002737250317,0.9626432814,0.02141360753,7,7,-0.0004618739734
2010-08-17,-0.003137583928,-0.003137583928,0,0,0.004128987305,-0.007266571233,0.9632857031,0.02393845866,7,7,0.01228514153
2010-08-18,-0.0039938621,-0.0039938621,0,0,-0.004210633286,0.0002167711861,0.9777490312,0.02086634464,7,7,0.001825455633
2010-08-19,0.00806493934,0.00806493934,0,0,0.001024410669,0.007040528671,0.9772245268,0.01694013912,7,7,-0.01739712278
2010-08-20,-0.008305039898,-0.008305039898,0,0,0.001535280051,-0.00984031995,0.963438337,0.02480502742,7,7,-0.00324412666
2010-08-23,0.005262516451,0.005262516451,0,0,0.0005978185842,0.004664697866,0.9829776053,0.01663816817,7,7,-0.003813010939
2010-08-24,-0.004871993058,-0.004871993058,0,0,-0.01103388056,0.006161887499,0.9737861603,0.02178603525,7,7,-0.01484303922
2010-08-25,0.008607393417,0.008607393417,0,0,0.007513823552,0.001093569864,0.9612737111,0.01699685073,7,7,0.003884794839
2010-08-26,0.003768493915,0.003768493915,0,0,-0.001451653659,0.005220147574,0.959435724,0.02538573911,7,7,-0.006701854375
2010-08-27,-0.002017009383,-0.002017009383,0,0,0.005536397695,-0.007553407078,0.9491869177,0.02904477795,7,7,0.01548979273
2010-08-30,-0.001016684886,-0.001016684886,0,0,-0.009338659492,0.008321974607,0.9642215664,0.02708239401,7,7,-0.01450517544
2010-08-31,-0.00152831433,-0.00152831433,0,0,-0.0006420203175,-0.0008862940129,0.9475242659,0.02609223671,7,7,0
2010-09-01,0.002455642512,0.0007447305956,0.001710911917,1.710911917,0.01833889676,-0.01588325425,0.949219245,0.02460152124,7,7,0.02991208785
2010-09-02,-0.003170685176,-0.003170685176,0,0,0.00447088799,-0.007641573165,1,0,7,7,0.009311870058
2010-09-03,0.002481837226,0.002481837226,0,0,0.01014256216,-0.007660724935,1.015331759,-0.003180770397,7,7,0.0129716765
2010-09-07,-0.01204444655,-0.01204444655,0,0,-0.01061614855,-0.001428297993,1.03057732,-0.0006972028274,7,7,-0.01127217011
2010-09-08,-0.002980621841,-0.002980621841,0,0,0.004401842634,-0.007382464475,1.033841519,-0.01289698644,7,7,0.007023267983
2010-09-09,0.004258397396,0.004258397396,0,0,0.002000443188,0.002257954207,1.048751758,-0.0159250749,7,7,0.004618718277
2010-09-10,-0.004347407208,-0.004347407208,0,0,-0.001034187983,-0.003313219225,1.044048275,-0.01161720683,7,7,0.005048946526
2010-09-13,0.005401670003,0.005401670003,0,0,0.01292657935,-0.007524909349,1.050895979,-0.01603432176,7,7,0.01112270607
2010-09-14,0.001381674655,0.001381674655,0,0,-0.0005752423317,0.001956916987,1.065591494,-0.01057552625,7,7,-0.0006205345425
2010-09-15,0.006516946339,0.006516946339,0,0,0.004851318147,0.001665628191,1.061592559,-0.009181166214,7,7,0.003816907531
2010-09-16,6.675013053e-05,6.675013053e-05,0,0,-0.000151074002,0.0002178241326,1.057884075,-0.002646969715,7,7,-0.0002653270741
2010-09-17,0.0005810818191,0.0005810818191,0,0,-0.0007882545463,0.001369336365,1.057444593,-0.002580047366,7,7,0.000373492518
2010-09-20,-0.0001442716316,-0.0001442716316,0,0,0.01139722663,-0.01154149827,1.05467415,-0.001997804659,7,7,0.01529027328
2010-09-21,-0.01059439182,-0.01059439182,0,0,-0.00477885759,-0.005815534234,1.077768366,-0.002142385376,7,7,-0.002013471622
2010-09-22,-0.01122352623,-0.01122352623,0,0,-0.005390991577,-0.005832534654,1.090356709,-0.01287316051,7,7,-0.004913494345
2010-09-23,-0.01002458967,-0.01002458967,0,0,-0.008336181618,-0.001688408054,1.10317982,-0.02437020639,7,7,-0.008111316779
2010-09-24,-0.0009992955994,-0.0009992955994,0,0,0.01330733524,-0.01430663084,1.107635639,-0.03474308119,7,7,0.02062182164
2010-09-27,0.0006240693771,0.0006240693771,0,0,-0.004367657766,0.004991727144,1.13638519,-0.03577812972,7,7,-0.004790122919
2010-09-28,0.004304475851,0.004304475851,0,0,0.001441377166,0.002863098685,1.126322901,-0.03513213545,7,7,0.003500734105
2010-09-29,-0.004906242998,-0.004906242998,0,0,-0.001923165238,-0.00298307776,1.120079823,-0.03069553143,7,7,-0.00174408507
2010-09-30,0.008619097388,0.008619097388,0,0,-0.0009998189767,0.009618916365,1.12666744,-0.03577730659,7,7,-0.002970115965
2010-10-01,0.009917526502,0.008254910961,0.001662615541,1.662615541,0.002707399096,0.007210127406,1.106511573,-0.02692613026,7,7,0.004205679115
2010-10-04,-0.001732384117,-0.001732384117,0,0,-0.003098007699,0.001365623582,1,0,7,7,-0.007503851782
2010-10-05,-0.001822259992,-0.001822259992,0,0,0.006456454023,-0.008278714015,0.9972640131,-0.00173539048,7,7,0.02013196668
2010-10-06,0.003364318971,0.003364318971,0,0,-0.00539451274,0.008758831712,1.013846673,-0.003564145271,7,7,-8.616166377e-05
2010-10-07,0.006996714341,0.006996714341,0,0,0.006655150961,0.00034156338,0.9963413189,-0.0001991562748,7,7,-0.001206454099
2010-10-08,-0.006039399404,-0.006039399404,0,0,-0.001579726138,-0.004459673266,0.9956883594,0.00675032795,7,7,0.005608799864
2010-10-11,-0.00438467266,-0.00438467266,0,0,-0.003270303076,-0.001114369583,1.004635703,0.0007152482163,7,7,0.0009438847786
2010-10-12,0.0009386921845,0.0009386921845,0,0,0.005260447978,-0.004321755794,1.006894673,-0.003685584525,7,7,0.00308594454
2010-10-13,-0.0003831148359,-0.0003831148359,0,0,0.003770392049,-0.004153506885,1.015523613,-0.002744316272,7,7,0.007776832765
2010-10-14,0.00464675494,0.00464675494,0,0,0.0008246237199,0.00382213122,1.02383976,-0.003128629733,7,7,-0.003900932386
2010-10-15,-0.0124208182,-0.0124208182,0,0,0.0027032787,-0.0151240969,1.016120589,0.00151110348,7,7,0.002043482107
2010-10-18,-0.003637291023,-0.003637291023,0,0,-0.001086100945,-0.002551190078,1.046951964,-0.01104692659,7,7,0.004927837456
2010-10-19,0.002615240453,0.002615240453,0,0,-0.005843613827,0.008458854281,1.052244373,-0.01473782336,7,7,-0.01310418339
2010-10-20,0.004530198605,0.004530198605,0,0,0.004509194858,2.100374668e-05,1.035234517,-0.01209096214,7,7,0.009765919612
2010-10-21,-0.009425140396,-0.009425140396,0,0,9.316317333e-05,-0.009518303569,1.0350338,-0.007526666239,7,7,0.002205764591
2010-10-22,-0.001555648974,-0.001555648974,0,0,0.003356284053,-0.004911933027,1.054584877,-0.01711310001,7,7,0.001862275563
2010-10-25,0.002369180626,0.002369180626,0,0,0.003594184039,-0.001225003412,1.064509097,-0.01869783625,7,7,0.00295730851
2010-10-26,-0.004760472006,-0.004760472006,0,0,-5.443388776e-05,-0.004706038118,1.06680084,-0.01629006152,7,7,0.0001683767564
2010-10-27,2.465659188e-05,2.465659188e-05,0,0,-0.000187654082,0.0002123106739,1.076577461,-0.02115122334,7,7,-0.002863790685
2010-10-28,0.002584985282,0.002584985282,0,0,0.002466479046,0.0001185062368,1.076150962,-0.02112604585,7,7,0.0001689170493
2010-10-29,0.001610094505,0.001610094505,0,0,0.001050543589,0.0005595509161,1.075718219,-0.01849325577,7,7,0.0007600834704
2010-11-01,0.0009484078028,-0.0006912386915,0.001639646494,1.639646494,-0.002585508451,0.003533916254,1.074479199,-0.01685602148,7,7,0.0003375204985
2010-11-02,-0.002437845422,-0.002437845422,0,0,0.003264332508,-0.005702177931,1,0,7,7,0.007930416008
2010-11-03,-0.002678117751,-0.002678117751,0,0,-0.002394347079,-0.0002837706722,1.011432226,-0.002443803036,7,7,0.00401786637
2010-11-04,0.005531718809,0.005531718809,0,0,0.01363000686,-0.008098288049,1.01203199,-0.005135674729,7,7,0.01925800473
2010-11-05,0.003074100873,0.003074100873,0,0,0.003695681105,-0.0006215802322,1.028073273,0.0003938653273,7,7,0.003762621004
2010-11-08,-0.0009227476266,-0.0009227476266,0,0,-0.002426499422,0.001503751796,1.029226588,0.003457337994,7,7,-0.001873929863
2010-11-09,-0.004086317056,-0.004086317056,0,0,-0.006990664825,0.002904347769,1.0262433,0.002536931315,7,7,-0.007184281274
2010-11-10,0.005216860009,0.005216860009,0,0,0.005496676794,-0.0002798167858,1.02051845,-0.001555743,7,7,0.004029127738
2010-11-11,0.0009663700959,0.0009663700959,0,0,-0.001454757109,0.002421127205,1.020968692,0.003642116596,7,7,-0.003767385568
2010-11-12,-0.005580980245,-0.005580980245,0,0,-0.004527656085,-0.00105332416,1.016110869,0.004604037488,7,7,-0.01183815011
2010-11-15,0.00308797755,0.00308797755,0,0,8.616180197e-05,0.003001815748,1.01831976,-0.0009824256555,7,7,-0.001414557736
2010-11-16,0.001464658797,0.001464658797,0,0,-0.00614901103,0.007613669827,1.012278213,0.002099070014,7,7,-0.01557957394
2010-11-17,-0.003877412388,-0.003877412388,0,0,-0.004427089433,0.0005496770446,0.9970551867,0.003558516798,7,7,0.0005080359412
2010-11-18,-0.0003036434416,-0.0003036434416,0,0,0.00556326832,-0.005866911762,0.9959400906,-0.0003201368926,7,7,0.01471865554
2010-11-19,0.002725585166,0.002725585166,0,0,0.0008911083076,0.001834476858,1.007676245,-0.0006239697986,7,7,0.002750336724
2010-11-22,-0.005861906692,-0.005861906692,0,0,-0.00553126263,-0.0003306440621,1.003996399,0.002095902806,7,7,-0.0008310072448
2010-11-23,0.002502859111,0.002502859111,0,0,-0.007912318674,0.01041517778,1.004685151,-0.00378821002,7,7,-0.01447706985
2010-11-24,-0.0005629939403,-0.0005629939403,0,0,0.00692491816,-0.0074879121,0.9838951035,-0.001282141889,7,7,0.01477422784
2010-11-26,-0.005794132527,-0.005794132527,0,0,-0.00560480422,-0.0001893283071,0.9988702917,-0.001846175215,7,7,-0.01164733591
2010-11-29,0.005087658531,0.005087658531,0,0,0.002381062935,0.002706595596,0.9992445713,-0.007684834693,7,7,0.003030351106
2010-11-30,0.004761690875,0.004761690875,0,0,-0.003779757021,0.008541447896,0.993862605,-0.002584029502,7,7,-0.005622947927
2010-12-01,0.003397103194,0.001536695883,0.001860407311,1.860407311,0.01385277937,-0.01045567617,0.9768897531,0.002167341165,7,7,0.02126761914
2010-12-02,0.008213466768,0.008213466768,0,0,0.003387757651,0.004825709118,1,0,7,7,0.01280905307
2010-12-03,0.003489094135,0.003489094135,0,0,0.001471532651,0.002017561484,0.9904272076,0.008146555307,7,7,0.002692567241
2010-12-06,0.00123921954,0.00123921954,0,0,0.001851942947,-0.0006127234071,0.9864393988,0.01159519272,7,7,-0.001057666094
2010-12-07,-0.003033658348,-0.003033658348,0,0,0.001356336946,-0.004389995294,0.9876801127,0.01281852729,7,7,0.0005700334023
2010-12-08,-0.003998051983,-0.003998051983,0,0,-0.000485552101,-0.003512499882,0.9964493318,0.009814643219,7,7,0.003663678739
2010-12-09,0.004385243351,0.004385243351,0,0,0.001864141723,0.002521101629,1.003488278,0.005839939618,7,7,0.003893446309
2010-12-10,0.002270507658,0.002270507658,0,0,0.004366930631,-0.002096422973,0.9984528592,0.01018053883,7,7,0.005817641422
2010-12-13,0.01169802237,0.01169802237,0,0,0.002529611414,0.009168410955,1.002639712,0.01242284033,7,7,0.000642800749
2010-12-14,0.009082971775,0.009082971775,0,0,0.0005280327015,0.008554939073,0.9844843917,0.02384195893,7,7,0.000882868563
2010-12-15,-0.002266275551,-0.002266275551,0,0,-0.001833173922,-0.0004331016284,0.9676681825,0.03262856636,7,7,-0.004572056291
2010-12-16,-0.005823941396,-0.005823941396,0,0,0.002250963448,-0.008074904844,0.968462914,0.03043125642,7,7,0.005801784871
2010-12-17,0.002732794557,0.002732794557,0,0,0.001932409913,0.000800384644,0.9845225841,0.02475146611,7,7,0.001071027259
2010-12-20,-0.001432824505,-0.001432824505,0,0,-0.0001252106288,-0.001307613877,0.9829683588,0.02740935653,7,7,0.002413685964
2010-12-21,-0.009995311717,-0.009995311717,0,0,0.001536727947,-0.01153203966,0.9855629008,0.02601380524,7,7,0.006340263093
2010-12-22,0.003008410241,0.003008410241,0,0,0.002754631913,0.0002537783283,1.00871408,0.01618021987,7,7,0.003110258993
2010-12-23,0.008372319785,0.008372319785,0,0,0.0009793912632,0.007392928521,1.008181909,0.01913107598,7,7,-0.001431059336
2010-12-27,0.01239152508,0.01239152508,0,0,0.0007896015569,0.01160192353,0.9934508831,0.02727504041,7,7,0.0003982502533
2010-12-28,-0.001124344311,-0.001124344311,0,0,0.0006858925792,-0.00181023689,0.970611208,0.0391810525,7,7,0.00143269928
2010-12-29,-0.002284484857,-0.002284484857,0,0,-0.0003135197194,-0.001970965138,0.9742026767,0.03809954519,7,7,0.0007148865564
2010-12-30,0.001472608055,0.001472608055,0,0,-0.001883256388,0.003355864443,0.9780945643,0.03589706664,7,7,-0.001588076962
2010-12-31,0.0001042666171,0.0001042666171,0,0,-0.0001405585349,0.000244825152,0.9714249154,0.03731472473,7,7,0.0002382913838
2011-01-03,-0.003384331831,-0.005372402804,0.001988070974,1.988070974,0.005202193411,-0.008586525241,0.9709382952,0.0374150902,7,7,0.01033864875
2011-01-04,-0.0004689946886,-0.0004689946886,0,0,-0.001491725381,0.001022730693,1,0,7,7,-0.0005514551535
2011-01-05,0.005046812658,0.005046812658,0,0,0.006292104697,-0.001245292039,0.9979535789,-0.0004692147478,7,7,0.005197813807
2011-01-06,0.005250661283,0.005250661283,0,0,0.002642868345,0.002607792937,1.000441933,0.004554611639,7,7,-0.001958797465
2011-01-07,0.003161049546,0.003161049546,0,0,0.0004017121377,0.002759337408,0.9952512806,0.009754057668,7,7,-0.001962405771
2011-01-10,0.003500738309,0.003500738309,0,0,0.004105508106,-0.0006047697973,0.9897649593,0.01287441056,7,7,-0.001258506988
2011-01-11,-0.00870219687,-0.00870219687,0,0,-0.002874547911,-0.005827648959,0.9910059846,0.01631802374,7,7,0.003543877823
2011-01-12,-0.004146356859,-0.004146356859,0,0,0.0001617860135,-0.004308142872,1.002684645,0.007682683093,7,7,0.009024673278
2011-01-13,0.0009568953132,0.0009568953132,0,0,-0.0001079008213,0.001064796135,1.011347983,0.003551050156,7,7,-0.001633354842
2011-01-14,-3.240986147e-05,-3.240986147e-05,0,0,0.006840300619,-0.00687271048,1.009209578,0.004503635961,7,7,0.007245006044
2011-01-18,0.001227972628,0.001227972628,0,0,0.0004444194385,0.0007835531893,1.022955743,0.004471371016,7,7,0.001701025252
2011-01-19,-0.001450574573,-0.001450574573,0,0,-0.009406330755,0.007955756182,1.021362405,0.005692353589,7,7,-0.009804713121
2011-01-20,-0.01675354059,-0.01675354059,0,0,-0.01191309007,-0.004840450516,1.005458811,0.004247940972,7,7,-0.001326024693
2011-01-21,-0.001246277523,-0.001246277523,0,0,0.0008276219488,-0.002073899472,1.015397677,-0.01271868258,7,7,0.002264092455
2011-01-24,0.002682002034,0.002682002034,0,0,0.00149652477,0.001185477265,1.019569866,-0.01398238604,7,7,0.005687004055
2011-01-25,-0.0002768476451,-0.0002768476451,0,0,-0.0001998622226,-7.698542249e-05,1.017152907,-0.01127015742,7,7,0.0005423879609
2011-01-26,-0.00364845952,-0.00364845952,0,0,0.0003317079317,-0.003980167452,1.017311671,-0.01155020271,7,7,0.00387049171
2011-01-27,0.01035810739,0.01035810739,0,0,0.01405878326,-0.003700675877,1.025364547,-0.01525431699,7,7,0.002467981537
2011-01-28,0.004953842686,0.004953842686,0,0,-0.0036753648,0.008629207485,1.032429985,-0.004846014067,7,7,-0.01746326308
2011-01-31,-0.007042050245,-0.007042050245,0,0,-0.001963694126,-0.005078356119,1.015096783,0.0001072970856,7,7,0.007516752434
2011-02-01,-0.006892127235,-0.008385936521,0.001493809286,1.493809286,0.003375406181,-0.01026753342,1.025432593,-0.006983934377,7,7,0.01600857065
2011-02-02,-0.00131802443,-0.00131802443,0,0,0.000546928122,-0.001864952552,1,0,7,7,-0.001912122137
2011-02-03,-0.003575383909,-0.003575383909,0,0,-0.00281373886,-0.0007616450486,1.003734828,-0.001319763911,7,7,0.00222243087
2011-02-04,0.0001378917258,0.0001378917258,0,0,0.002312097365,-0.00217420564,1.005276985,-0.004912712653,7,7,0.002829050365
2011-02-07,0.001348264222,0.001348264222,0,0,-0.0006732837185,0.002021547941,1.009624069,-0.00477416261,7,7,0.006252496492
2011-02-08,0.01135422722,0.01135422722,0,0,0.01011071074,0.001243516485,1.005573459,-0.003421285591,7,7,0.004546579285
2011-02-09,0.0001426468827,0.0001426468827,0,0,-0.001994196158,0.00213684304,1.003051775,0.00784388043,7,7,-0.002263114173
2011-02-10,-0.001719870018,-0.001719870018,0,0,0.0002427042606,-0.001962574278,0.9987782635,0.007985388222,7,7,0.0003780917796
2011-02-11,-0.004348297131,-0.004348297131,0,0,0.001044329588,-0.005392626719,1.00270807,0.006276312646,7,7,0.005970273881
2011-02-14,-0.008181269345,-0.008181269345,0,0,-0.001311015814,-0.006870253531,1.013552252,0.001936435713,7,7,0.002403899567
2011-02-15,0.004926770638,0.004926770638,0,0,-0.001680516389,0.006607287027,1.027517891,-0.006296345732,7,7,-0.003147744333
2011-02-16,-0.002086281867,-0.002086281867,0,0,0.005174814548,-0.007261096415,1.014233193,-0.001362860593,7,7,0.006315669344
2011-02-17,-0.007318066914,-0.007318066914,0,0,-0.0007813249562,-0.006536741958,1.028815503,-0.003456353387,7,7,0.002987980289
2011-02-18,-0.002166969148,-0.002166969148,0,0,0.0006031066375,-0.002770075785,1.042197793,-0.0108538495,7,7,0.002085653932
2011-02-22,0.008883158621,0.008883158621,0,0,-0.01086237261,0.01974553123,1.047841616,-0.01304909563,7,7,-0.02006979892
2011-02-23,0.003246004614,0.003246004614,0,0,-0.003733521715,0.006979526329,1.008277027,-0.004129256175,7,7,-0.006143888556
2011-02-24,0.0002002069426,0.0002002069426,0,0,0.002514051704,-0.002313844761,0.994336359,-0.000880393798,7,7,-0.0006870274104
2011-02-25,3.63425405e-05,3.63425405e-05,0,0,0.004849419438,-0.004813076897,0.9989642559,-0.0006800507045,7,7,0.01069277277
2011-02-28,0.0073833965,0.0073833965,0,0,0.003808988514,0.003574407986,1.008590097,-0.0006436847708,7,7,0.006196589777
2011-03-01,0.005846260805,0.004286076411,0.001560184394,1.560184394,-0.00332665575,0.009172916555,1.001430718,0.006690314485,7,7,-0.01667292153
2011-03-02,-0.005033703424,-0.005033703424,0,0,-0.001990423303,-0.003043280122,1,0,7,7,0.002138692391
2011-03-03,-0.003915867212,-0.003915867212,0,0,0.003171226747,-0.007087093959,1.006117353,-0.005059169784,7,7,0.01722394011
2011-03-04,0.00144848299,0.00144848299,0,0,-0.0005790730685,0.002027556059,1.020371312,-0.009010320214,7,7,-0.007492422393
2011-03-07,0.00253994066,0.00253994066,0,0,-0.003491161774,0.006031102434,1.016292601,-0.007550899874,7,7,-0.007850893422
2011-03-08,-0.004943479311,-0.004943479311,0,0,-0.003273979382,-0.001669499929,1.004219678,-0.00499826392,7,7,0.008750090302
2011-03-09,0.006173126376,0.006173126376,0,0,0.001109612619,0.005063513757,1.00759623,-0.009991134196,7,7,-0.00143282987
2011-03-10,3.474078648e-05,3.474078648e-05,0,0,-0.009765495851,0.009800236637,0.9974847294,-0.003794583377,7,7,-0.01850614202
2011-03-11,-0.001216554335,-0.001216554335,0,0,0.002451005145,-0.00366755948,0.9778850244,-0.003759711975,7,7,0.006926452354
2011-03-14,-0.001919650441,-0.001919650441,0,0,-0.003846949574,0.001927299133,0.985202141,-0.004982327582,7,7,-0.006038036349
2011-03-15,-0.004063797757,-0.004063797757,0,0,-0.007660174266,0.003596376509,0.9813116677,-0.006915252891,7,7,-0.01145712536
2011-03-16,0.005298863,0.005298863,0,0,-0.005722589563,0.01102145256,0.97401331,-0.01102384934,7,7,-0.01851272721
2011-03-17,-0.007251462063,-0.007251462063,0,0,0.0001305136395,-0.007381975702,0.9522235656,-0.005694810323,7,7,0.01323480451
2011-03-18,0.00508500198,0.00508500198,0,0,0.001009799872,0.004075202108,0.9667463797,-0.01304083752,7,7,0.003637707627
2011-03-21,-0.002966132539,-0.002966132539,0,0,0.004893388209,-0.007859520749,0.9588054498,-0.00791558478,7,7,0.01549769227
2011-03-22,-0.0004377303032,-0.0004377303032,0,0,-0.003402735413,0.00296500511,0.9744487028,-0.01091408996,7,7,-0.003468565238
2011-03-23,-0.002164465857,-0.002164465857,0,0,0.0033864476,-0.005550913457,0.9685049062,-0.01135679147,7,7,0.002861552543
2011-03-24,0.006303685556,0.006303685556,0,0,0.008800073508,-0.002496387952,0.9795624969,-0.01355058711,7,7,0.009563440424
2011-03-25,-0.004302768558,-0.004302768558,0,0,-0.00220143536,-0.002101333199,0.9846520216,-0.007201505529,7,7,0.003055678507
2011-03-28,0.005035489435,0.005035489435,0,0,0.002377448625,0.00265804081,0.9888065251,-0.01155398823,7,7,-0.002436837323
2011-03-29,0.002894781146,0.002894781146,0,0,0.005065800366,-0.00217101922,0.9835731606,-0.006485839414,7,7,0.006718949125
2011-03-30,-0.00539214409,-0.00539214409,0,0,7.609193215e-05,-0.005468236022,0.9879500809,-0.003580692945,7,7,0.006900848752
2011-03-31,0.01321267365,0.01321267365,0,0,0.0100230487,0.003189624955,0.9988805166,-0.009021482167,7,7,-0.001356018912
2011-04-01,-0.005603664608,-0.007209540547,0.001605875939,1.605875939,-0.003242783657,-0.002360880951,0.9925990529,0.004136536776,7,7,0.004223859987
2011-04-04,-0.001998891439,-0.001998891439,0,0,-0.002721379622,0.0007224881834,1,0,7,7,0.0008258342238
2011-04-05,0.003830463214,0.003830463214,0,0,0.004114476296,-0.0002840130816,0.9985521295,-0.002002895008,7,7,-0.0001497485625
2011-04-06,0.01008692039,0.01008692039,0,0,0.00875789504,0.001329025345,0.999123513,0.001820594486,7,7,0.003152083712
2011-04-07,0.001084654825,0.001084654825,0,0,0.0006663286461,0.0004183261784,0.9965007589,0.01178860416,7,7,-0.002543708079
2011-04-08,-0.003244062656,-0.003244062656,0,0,-0.005354485658,0.002110423002,0.9956688044,0.01285931107,7,7,-0.003450378385
2011-04-11,0.003108097231,0.003108097231,0,0,-0.001440869641,0.004548966872,0.9914201247,0.009646542402,7,7,-0.003010674675
2011-04-12,0.0008906458017,0.0008906458017,0,0,-0.003435264404,0.004325910205,0.9823769651,0.0127151198,7,7,-0.007473938323
2011-04-13,0.0002005939984,0.0002005939984,0,0,0.001965350769,-0.001764756771,0.9737485254,0.01359365847,7,7,-7.615945558e-05
2011-04-14,0.0004023584237,0.0004023584237,0,0,0.0004866495235,-8.429109989e-05,0.977282596,0.01379148598,7,7,0.0007605894386
2011-04-15,-0.002818428996,-0.002818428996,0,0,-0.0009498928205,-0.001868536176,0.9774602472,0.01418813569,7,7,0.003648525088
2011-04-18,-0.002899648155,-0.002899648155,0,0,-0.008381452014,0.005481803859,0.9811441758,0.01140184197,7,7,-0.01120835199
2011-04-19,-0.007145087006,-0.007145087006,0,0,-0.0008941573725,-0.006250929633,0.9700938507,0.008526918884,7,7,0.005743971327
2011-04-20,0.0003939257578,0.0003939257578,0,0,0.007949499329,-0.007555573571,0.9824704599,0.00139177624,7,7,0.01363205272
2011-04-21,-0.007325204089,-0.007325204089,0,0,-0.0008483569991,-0.006476847089,0.9975825594,0.001784998841,7,7,0.005108671203
2011-04-25,0.002690297165,0.002690297165,0,0,0.001349894636,0.001340402529,1.010614003,-0.005581087855,7,7,-0.001046329597
2011-04-26,0.004503392454,0.004503392454,0,0,0.004099584114,0.0004038083396,1.007911913,-0.002883034471,7,7,0.008605368045
2011-04-27,-0.0009582988283,-0.0009582988283,0,0,0.004203568668,-0.005161867496,1.007072446,0.00161309359,7,7,0.006528512529
2011-04-28,-0.001386472263,-0.001386472263,0,0,0.003640840667,-0.00502731293,1.017412868,0.0006554228522,7,7,0.003243304494
2011-04-29,-0.003924960282,-0.003924960282,0,0,1.677844538e-07,-0.003925128066,1.02750563,-0.0007320643981,7,7,0.002350941411
2011-05-02,-0.003490989814,-0.005110949518,0.001619959704,1.619959704,-0.002002891245,-0.001488098569,1.035495203,-0.004675375342,7,7,-0.001539081579
2011-05-03,0.003875934402,0.003875934402,0,0,-0.002711307818,0.00658724222,1,0,7,7,-0.003597141282
2011-05-04,0.000925341163,0.000925341163,0,0,-0.002654379102,0.003579720265,0.9868763818,0.003860969537,7,7,-0.00663069018
2011-05-05,-0.0006808968521,-0.0006808968521,0,0,-0.004465169942,0.00378427309,0.9797356927,0.004781885825,7,7,-0.009048209212
2011-05-06,-0.004489436676,-0.004489436676,0,0,0.002035456814,-0.00652489349,0.9721481823,0.004103783226,7,7,0.004415608926
2011-05-09,-0.004461523742,-0.004461523742,0,0,0.002123662075,-0.006585185817,0.9851312168,-0.0003873926253,7,7,0.00387504175
2011-05-10,0.0002084094028,0.0002084094028,0,0,0.003843075384,-0.003634665981,0.998293977,-0.004870646873,7,7,0.008536081035
2011-05-11,-0.001784046919,-0.001784046919,0,0,-0.006091701417,0.004307654498,1.00556215,-0.004661266019,7,7,-0.01052510929
2011-05-12,-0.008899837765,-0.008899837765,0,0,-0.001887057104,-0.007012780661,0.9969413841,-0.006456832229,7,7,0.004760289556
2011-05-13,0.007137814403,0.007137814403,0,0,-0.004918813573,0.01205662798,1.011065426,-0.01549456915,7,7,-0.007699006663
2011-05-16,0.004792236655,0.004792236655,0,0,-0.006443586939,0.01123582359,0.9870446429,-0.008297528525,7,7,-0.006340945208
2011-05-17,0.005742025516,0.005742025516,0,0,0.002949290533,0.002792734983,0.9647419605,-0.003488573798,7,7,-0.0001503518541
2011-05-18,-0.001092854207,-0.001092854207,0,0,0.003557452773,-0.00465030698,0.9593896761,0.002240586215,7,7,0.008935811319
2011-05-19,-0.005104368724,-0.005104368724,0,0,0.001116891116,-0.00622125984,0.9686560357,0.001148987684,7,7,0.002381710402
2011-05-20,-0.002028364918,-0.002028364918,0,0,-0.004385380397,0.002357015479,0.9810015804,-0.003975674348,7,7,-0.00794438427
2011-05-23,0.004412824829,0.004412824829,0,0,-0.003834427115,0.008247251945,0.9762393542,-0.006016242401,7,7,-0.01160121879
2011-05-24,0.003388679567,0.003388679567,0,0,-2.868596845e-05,0.003417365536,0.9599217088,-0.001596373057,7,7,-0.000832877322
2011-05-25,-0.003254544537,-0.003254544537,0,0,0.004051330798,-0.007305875334,0.953245414,0.001786253469,7,7,0.003334664617
2011-05-26,-0.001617645668,-0.001617645668,0,0,0.002968541517,-0.004586187186,0.9677522128,-0.001473085289,7,7,0.004607334486
2011-05-27,-0.0002641129919,-0.0002641129919,0,0,0.005205275488,-0.00546938848,0.9768871989,-0.003095738766,7,7,0.003834496735
2011-05-31,-0.0005220298827,-0.0005220298827,0,0,0.007360345276,-0.007882375159,0.9878227597,-0.003360739373,7,7,0.01041147706
2011-06-01,0.003801714519,0.002498416539,0.001303297981,1.303297981,-0.01204846089,0.01585017541,1.003589384,-0.003884797236,7,7,-0.02246070935
2011-06-02,-0.004312721717,-0.004312721717,0,0,-0.001352246744,-0.002960474973,1,0,7,7,-0.0010620136
2011-06-03,2.128436906e-05,2.128436906e-05,0,0,-0.001148420031,0.0011697044,1.005946596,-0.004331401848,7,7,-0.009944540616
2011-06-06,0.00182205027,0.00182205027,0,0,-0.008832022993,0.01065407326,1.00360711,-0.004310025743,7,7,-0.0105816064
2011-06-07,-0.00262269396,-0.00262269396,0,0,-0.002350215386,-0.0002724785743,0.9823311574,-0.002483450501,7,7,-0.0006195888959
2011-06-08,0.002361130074,0.002361130074,0,0,-0.003350462771,0.005711592844,0.9828310857,-0.005119571531,7,7,-0.004187159553
2011-06-09,0.002118148614,0.002118148614,0,0,0.005830637016,-0.003712488402,0.9714752507,-0.00275194376,7,7,0.007630859346
2011-06-10,0.004737646892,0.004737646892,0,0,-0.002621523062,0.007359169955,0.9789448255,-0.0006324555111,7,7,-0.01391017914
2011-06-13,-0.001032034825,-0.001032034825,0,0,0.001793466626,-0.002825501452,0.9643951687,0.004085834142,7,7,0.0007836759448
2011-06-14,-0.002046376411,-0.002046376411,0,0,0.003373397299,-0.00541977371,0.9700152262,0.003056954199,7,7,0.01268589032
2011-06-15,-0.001146824957,-0.001146824957,0,0,-0.01100541795,0.009858592993,0.980815515,0.001012650051,7,7,-0.01778543371
2011-06-16,0.003616472141,0.003616472141,0,0,0.001347006436,0.002269465705,0.9610536644,-0.0001343289574,7,7,0.002204737108
2011-06-17,0.002483349494,0.002483349494,0,0,0.003151206817,-0.0006678573234,0.9566714295,0.003469595488,7,7,0.002983998063
2011-06-20,0.001739416166,0.001739416166,0,0,0.001932128749,-0.0001927125834,0.9581111688,0.005938198359,7,7,0.00511576519
2011-06-21,-0.00151731095,-0.00151731095,0,0,0.008623495776,-0.01014080673,0.9585686603,0.007664283147,7,7,0.01370417118
2011-06-22,-0.0005346491277,-0.0005346491277,0,0,-0.00429925445,0.003764605323,0.9788181343,0.006156313239,7,7,-0.006025472088
2011-06-23,-0.006967557267,-0.006967557267,0,0,-0.003323988843,-0.003643568424,0.9712735651,0.005624671337,7,7,-0.002875824683
2011-06-24,-0.003833431722,-0.003833431722,0,0,-0.00921688019,0.005383448468,0.9784102743,-0.001352308215,7,7,-0.01161335758
2011-06-27,0.0005269751033,0.0005269751033,0,0,0.005539539568,-0.005012564465,0.9675188631,-0.005205695616,7,7,0.008911235912
2011-06-28,-0.003145559342,-0.003145559342,0,0,0.005237696171,-0.008383255513,0.9775558196,-0.004676256242,7,7,0.01305274531
2011-06-29,0.003227105098,0.003227105098,0,0,0.006503202869,-0.003276097771,0.9943044148,-0.007846497206,7,7,0.008564214865
2011-06-30,0.001892329106,0.001892329106,0,0,0.005381844771,-0.003489515665,1.000853855,-0.004604532798,7,7,0.009562427215
2011-07-01,0.00168108899,-0.0003379405939,0.002019029584,2.019029584,0.007302830204,-0.005621741215,1.007818092,-0.002707081004,7,7,0.01477626278
2011-07-05,-0.001382928107,-0.001382928107,0,0,-0.00049637423,-0.0008865538769,1,0,7,7,-0.0008215599403
2011-07-06,-0.004586913029,-0.004586913029,0,0,-0.0005842190897,-0.004002693939,1.001775563,-0.001384843246,7,7,0.001195789881
2011-07-07,0.002073661008,0.002073661008,0,0,0.005983179822,-0.003909518814,1.009826022,-0.005999274424,7,7,0.01037555364
2011-07-08,-0.003320015723,-0.003320015723,0,0,-0.006099567835,0.002779552111,1.017608546,-0.00391748987,7,7,-0.007092213675
2011-07-11,-0.0008771927503,-0.0008771927503,0,0,-0.01055274386,0.009675551107,1.012089579,-0.007261614267,7,7,-0.01808049983
2011-07-12,0.003197301841,0.003197301841,0,0,-0.001951630231,0.005148932071,0.9927321015,-0.008145952588,7,7,-0.004319340339
2011-07-13,-0.001858083645,-0.001858083645,0,0,0.001039200897,-0.002897284542,0.9824902214,-0.004932878844,7,7,0.003348886731
2011-07-14,-0.004608227112,-0.004608227112,0,0,-0.007174843181,0.002566616069,0.9882629821,-0.006803604155,7,7,-0.006902508138
2011-07-15,0.007365035237,0.007365035237,0,0,0.01073659578,-0.003371560546,0.9830516481,-0.01146466304,7,7,0.005804866446
2011-07-18,-0.002099970721,-0.002099970721,0,0,-0.006382653046,0.004282682325,0.9898693816,-0.004069654652,7,7,-0.008201067241
2011-07-19,-0.0001824382284,-0.0001824382284,0,0,0.008110799322,-0.008293237551,0.9812646733,-0.00618260867,7,7,0.01623149003
2011-07-20,0.000815419674,0.000815419674,0,0,-0.00151335104,0.002328770714,0.9978507563,-0.006366208338,7,7,-0.0006026849679
2011-07-21,0.007958748337,0.007958748337,0,0,0.01185997075,-0.003901222411,0.9931987607,-0.005546266129,7,7,0.01387078753
2011-07-22,0.005391582639,0.005391582639,0,0,0.003361341389,0.00203024125,1.0009933,0.002393433473,7,7,0.0006693971393
2011-07-25,-0.0002592799907,-0.0002592799907,0,0,-0.003814447757,0.003555167767,0.9969492659,0.007743267645,7,7,-0.005572880234
2011-07-26,-0.001719006002,-0.001719006002,0,0,-0.002002915251,0.0002839092493,0.9898362951,0.007485928605,7,7,-0.003736321599
2011-07-27,-0.003354808621,-0.003354808621,0,0,-0.01520391836,0.01184910974,0.9892499973,0.005776853049,7,7,-0.02047500009
2011-07-28,-0.004434396065,-0.004434396065,0,0,-0.0004355919658,-0.003998804099,0.9654358216,0.002430197274,7,7,-0.002909765772
2011-07-29,0.0009329314572,0.0009329314572,0,0,-0.002533808934,0.003466740392,0.9733150984,-0.002013125787,7,7,-0.006834745141
2011-08-01,0.006372149335,0.005080791521,0.001291357814,1.291357814,0.002547044282,0.003825105054,0.966412952,-0.001079187522,7,7,-0.004252820134
2011-08-02,-0.0004896601829,-0.0004896601829,0,0,-0.01200600587,0.01151634569,1,0,7,7,-0.02554714797
2011-08-03,0.004780605842,0.004780605842,0,0,0.006289962855,-0.001509357012,0.9769560249,-0.0004899000675,7,7,0.005418337189
2011-08-04,-0.009585912737,-0.009585912737,0,0,-0.02840714301,0.01882123027,0.9800700163,0.004270291196,7,7,-0.04684148151
2011-08-05,-0.01289438543,-0.01289438543,0,0,-0.01194801481,-0.0009463706164,0.9418703298,-0.005367069804,7,7,-0.001496548843
2011-08-08,-0.01422823964,-0.01422823964,0,0,-0.04026725058,0.02603901094,0.9430284581,-0.01850000138,7,7,-0.06512332522
2011-08-09,0.00930544758,0.00930544758,0,0,0.02933518242,-0.02002973484,0.8893764579,-0.03320062751,7,7,0.04649909576
2011-08-10,-0.009579736224,-0.009579736224,0,0,-0.02682232553,0.01724258931,0.930086504,-0.02367487462,7,7,-0.04417815343
2011-08-11,0.004058154804,0.004058154804,0,0,0.02615402673,-0.02209587192,0.8945915401,-0.03357626258,7,7,0.04488383943
2011-08-12,-0.002664092442,-0.002664092442,0,0,0.0009719699352,-0.003636062377,0.9390307068,-0.02939880289,7,7,0.006733829712
2011-08-15,0.007663668402,0.007663668402,0,0,0.01211315587,-0.004449487471,0.9461593952,-0.03214854202,7,7,0.0211645827
2011-08-16,-0.003713039676,-0.003713039676,0,0,-0.009125952002,0.005412912326,0.9554001684,-0.02429865677,7,7,-0.008539161024
2011-08-17,0.001497174184,0.001497174184,0,0,0.0001645801344,0.00133259405,0.9443677792,-0.02811609261,7,7,0.0006689883847
2011-08-18,-0.004964514089,-0.004964514089,0,0,-0.02566230202,0.02069778793,0.9417897419,-0.02657912485,7,7,-0.04311849622
2011-08-19,-0.00131630568,-0.00131630568,0,0,-0.006011270434,0.004694964755,0.8998972043,-0.03170101909,7,7,-0.01633052915
2011-08-22,-0.003851479572,-0.003851479572,0,0,-0.003414149501,-0.0004373300701,0.890362959,-0.03306084295,7,7,0.0007985417244
2011-08-23,-0.0006533408926,-0.0006533408926,0,0,0.01883823712,-0.01949157802,0.8908171034,-0.03705503924,7,7,0.0329110299
2011-08-24,0.0124304277,0.0124304277,0,0,0.01480387951,-0.002373451802,0.9297543651,-0.03773303267,7,7,0.01408449863
2011-08-25,0.001846256917,0.001846256917,0,0,-0.00455619631,0.006402453227,0.9353054496,-0.02499194441,7,7,-0.01524405145
2011-08-26,-0.0008044411203,-0.0008044411203,0,0,0.008819626564,-0.009624067684,0.9226433634,-0.02310303336,7,7,0.01453400759
2011-08-29,0.007544862228,0.007544862228,0,0,0.01817803685,-0.01063317463,0.9418447163,-0.02392672212,7,7,0.02873613305
2011-08-30,-0.002777588444,-0.002777588444,0,0,-0.000328437805,-0.002449150639,0.9633873033,-0.01625918657,7,7,0.002636925353
2011-08-31,-0.002140532512,-0.002140532512,0,0,-0.0004682372321,-0.00167229528,0.9681972697,-0.01908979861,7,7,0.004437741209
2011-09-01,-0.005721420083,-0.007424430814,0.001703010731,1.703010731,-0.009194785507,0.003473365424,0.971480814,-0.02127587282,7,7,-0.01047275098
2011-09-02,-0.01546167927,-0.01546167927,0,0,-0.02305160344,0.007589924169,1,0,7,7,-0.02555010357
2011-09-06,-0.005455413467,-0.005455413467,0,0,-0.006049256915,0.0005938434474,0.9845817598,-0.01570449717,7,7,-0.007297511073
2011-09-07,0.009550188522,0.009550188522,0,0,0.01497334416,-0.005423155634,0.9833029838,-0.02127597991,7,7,0.02820757946
2011-09-08,-0.006766990883,-0.006766990883,0,0,-0.008694263777,0.001927272894,0.9942046418,-0.01161486721,7,7,-0.01039147561
2011-09-09,-0.0001299728162,-0.0001299728162,0,0,-0.01218128952,0.0120513167,0.9902843503,-0.01850709544,7,7,-0.02620975733
2011-09-12,0.002191779505,0.002191779505,0,0,0.004259321203,-0.002067541698,0.9661773208,-0.01863949089,7,7,0.006470307718
2011-09-13,0.005812830512,0.005812830512,0,0,0.005413571533,0.0003992589796,0.9703773306,-0.01641174047,7,7,0.009171042171
2011-09-14,0.002568432541,0.002568432541,0,0,0.005825960382,-0.003257527841,0.9697546239,-0.01053765634,7,7,0.01384402855
2011-09-15,-0.00704493917,-0.00704493917,0,0,-0.002114041589,-0.004930897581,0.9763304732,-0.007948807825,7,7,0.01725740699
2011-09-16,-0.002135831696,-0.002135831696,0,0,0.0003371282416,-0.002472959938,0.9860943035,-0.01510012647,7,7,0.005918453625
2011-09-19,-0.005994351102,-0.005994351102,0,0,-0.008741921685,0.002747570583,0.9910210459,-0.01727285006,7,7,-0.009957340438
2011-09-20,-0.01332628724,-0.01332628724,0,0,-0.01069239934,-0.002633887896,0.9854386187,-0.02340751402,7,7,-0.001163442571
2011-09-21,-0.003866906973,-0.003866906973,0,0,-0.0133229396,0.009456032623,0.9905808725,-0.03722993811,7,7,-0.02945851132
2011-09-22,-0.007034010009,-0.007034010009,0,0,-0.01816208174,0.01112807173,0.9715588279,-0.04125637967,7,7,-0.03232421334
2011-09-23,0.007207555849,0.007207555849,0,0,0.008832151624,-0.001624595775,0.9489435528,-0.04863247096,7,7,0.00602512235
2011-09-26,-0.003227578873,-0.003227578873,0,0,0.006052422686,-0.009280001559,0.9525348521,-0.0411284793,7,7,0.02377998457
2011-09-27,0.0009982799403,0.0009982799403,0,0,0.00477407103,-0.00377579109,0.9710012595,-0.04449968442,7,7,0.01118371553
2011-09-28,-0.008530176747,-0.008530176747,0,0,-0.01554258839,0.007012411638,0.9785742306,-0.04345802121,7,7,-0.02041842061
2011-09-29,-0.009381136307,-0.009381136307,0,0,-0.002334783097,-0.00704635321,0.9642444058,-0.05243548188,7,7,0.007903657195
2011-09-30,-0.005756324356,-0.005756324356,0,0,-0.01096482355,0.005208499192,0.9781319652,-0.06240202004,7,7,-0.02498912557
2011-10-03,-0.008690946016,-0.009921561179,0.001230615164,1.230615164,-0.01771497372,0.009024027703,0.9675280477,-0.06855295746,7,7,-0.028458133
2011-10-04,0.01491279637,0.01491279637,0,0,0.02002255325,-0.005109756877,1,0,7,7,0.02192305549
2011-10-05,0.0018267561,0.0018267561,0,0,0.009858295304,-0.008031539204,1.010069352,0.01469367262,7,7,0.01851513174
2011-10-06,0.0182221741,0.0182221741,0,0,0.0223450469,-0.004122872798,1.026084779,0.01649030496,7,7,0.01809123418
2011-10-07,-0.01853484391,-0.01853484391,0,0,-0.01947084981,0.0009360059026,1.033716144,0.03409126214,7,7,-0.006695726415
2011-10-10,0.002798039798,0.002798039798,0,0,0.01775785394,-0.01495981414,1.032445504,0.0158501992,7,7,0.03344561127
2011-10-11,0.000712596949,0.000712596949,0,0,0.001487097773,-0.0007745008241,1.062191119,0.01859620608,7,7,0.001003442298
2011-10-12,0.008063114257,0.008063114257,0,0,0.01342609015,-0.005362975891,1.063694732,0.01929505343,7,7,0.00877210291
2011-10-13,-0.01026091536,-0.01026091536,0,0,-0.007979346057,-0.0022815693,1.073825421,0.02713934009,7,7,-0.001987520646
2011-10-14,-0.006509891091,-0.006509891091,0,0,0.006462939239,-0.01297283033,1.079201237,0.01705340831,7,7,0.01709416148
2011-10-17,-0.002938959552,-0.002938959552,0,0,-0.01163567936,0.008696719808,1.105835878,0.01061260411,7,7,-0.01909140677
2011-10-18,0.01289734114,0.01289734114,0,0,0.01944188283,-0.006544541694,1.088703133,0.007696263569,7,7,0.01954583552
2011-10-19,0.002002694203,0.002002694203,0,0,-0.01043600396,0.01243869817,1.100496084,0.02033138391,7,7,-0.01182892373
2011-10-20,0.006068949497,0.006068949497,0,0,0.006274493654,-0.000205544157,1.075467549,0.02228943919,7,7,0.004375716365
2011-10-21,0.006530557227,0.006530557227,0,0,0.0121939619,-0.005663404676,1.075420912,0.02818732125,7,7,0.01898710785
2011-10-24,0.006957015347,0.006957015347,0,0,0.01537948983,-0.008422474485,1.086184886,0.03449262244,7,7,0.01226107798
2011-10-25,-0.02787579727,-0.02787579727,0,0,-0.03927888447,0.0114030872,1.102318007,0.04116326432,7,7,-0.01944412769
2011-10-26,0.0165926605,0.0165926605,0,0,0.008458868489,0.008133792009,1.081791845,0.01366848703,7,7,0.01015871614
2011-10-27,0.02718314954,0.02718314954,0,0,0.03717609785,-0.009992948312,1.064454785,0.02976722998,7,7,0.03483496457
2011-10-28,0.001175704465,0.001175704465,0,0,0.006173456993,-0.004997752529,1.082206062,0.05544325717,7,7,-0.0002329419391
2011-10-31,-0.02033236642,-0.02033236642,0,0,-0.02584385411,0.005511487699,1.092093293,0.05655247264,7,7,-0.02410580979
2011-11-01,-0.01293779101,-0.01490134248,0.001963551469,1.963551469,-0.02365626672,0.01071847571,1.082752879,0.03697183104,7,7,-0.02788872794
2011-11-02,0.0001310891826,0.0001310891826,0,0,0.004711027369,-0.004579938186,1,0,7,7,0.01631148753
2011-11-03,-0.007143756702,-0.007143756702,0,0,0.01515207702,-0.02229583372,1.009158676,0.0001310720005,7,7,0.01822765459
2011-11-04,-0.002682141806,-0.002682141806,0,0,-0.004869593804,0.002187451999,1.054137085,-0.00706314207,7,7,-0.00609903963
2011-11-07,0.004973082974,0.004973082974,0,0,0.002755047791,0.002218035182,1.04989601,-0.009771492403,7,7,0.006215773924
2011-11-08,-0.003750831866,-0.003750831866,0,0,0.003979704621,-0.007730536487,1.045234982,-0.004774664626,7,7,0.012830713
2011-11-09,0.009614799606,0.009614799606,0,0,-0.01431249504,0.02392729464,1.060924573,-0.008557594591,7,7,-0.03690932446
2011-11-10,-0.007339368645,-0.007339368645,0,0,-0.0005957434486,-0.006743625197,1.012945515,0.001047137003,7,7,0.009418411599
2011-11-11,-0.006637358433,-0.006637358433,0,0,0.01034648526,-0.0169838437,1.026628199,-0.006338754096,7,7,0.01882243299
2011-11-14,-0.005086015939,-0.005086015939,0,0,-0.00621184172,0.001125825781,1.061000771,-0.01306281512,7,7,-0.00947422421
2011-11-15,-0.003537866638,-0.003537866638,0,0,0.002808971175,-0.006346837813,1.059049446,-0.01824160816,7,7,0.004941968498
2011-11-16,-0.004498567665,-0.004498567665,0,0,-0.01001736344,0.005518795778,1.07199784,-0.02185680125,7,7,-0.015862881
2011-11-17,0.003723460617,0.003723460617,0,0,-0.01143723619,0.01516069681,1.061235722,-0.02647446609,7,7,-0.01587724338
2011-11-18,0.008544202478,0.008544202478,0,0,-0.003198577884,0.01174278036,1.030799647,-0.02266660726,7,7,-0.001064310546
2011-11-21,-0.005407024887,-0.005407024887,0,0,-0.0121225794,0.006715554509,1.007252122,-0.01400276234,7,7,-0.01901953342
2011-11-22,-0.001185141915,-0.001185141915,0,0,-0.002636879262,0.001451737346,0.9937874217,-0.01951530698,7,7,-0.003927920378
2011-11-23,0.005892224017,0.005892224017,0,0,-0.007788221074,0.01368044509,0.9908731304,-0.02072501097,7,7,-0.02206555043
2011-11-25,-0.005078381602,-0.005078381602,0,0,-0.007893589019,0.002815207417,0.9637259749,-0.01474590081,7,7,-0.001887449605
2011-11-28,-0.007722924668,-0.007722924668,0,0,0.01365388528,-0.02137680994,0.9578816671,-0.01992547156,7,7,0.02896693902
2011-11-29,0.005383602425,0.005383602425,0,0,-0.0002774261395,0.005661028564,1.000640231,-0.02786358459,7,7,0.002840301439
2011-11-30,-0.01995370141,-0.01995370141,0,0,0.007678553119,-0.02763225453,0.9893753731,-0.02235960693,7,7,0.04114930397
2011-12-01,0.004085820719,0.002868346697,0.001217474022,1.217474022,0.002892111366,0.001193709353,1.045548748,-0.04317480552,7,7,-0.0001601070606
2011-12-02,0.007806580014,0.007806580014,0,0,0.01043515169,-0.00262857168,1,0,7,7,-0.0008801367604
2011-12-05,0.008232422959,0.008232422959,0,0,0.01356020749,-0.005327784536,1.005216421,0.007746109391,7,7,0.010892284
2011-12-06,-0.004885589716,-0.004885589716,0,0,-0.004907580854,2.199113807e-05,1.015742392,0.01584806438,7,7,0.0003167021759
2011-12-07,0.0129425767,0.0129425767,0,0,0.01190428924,0.001038287453,1.015775482,0.01101629577,7,7,0.003722674888
2011-12-08,-0.002203777806,-0.002203777806,0,0,-0.01846958789,0.01626581009,1.013523874,0.023652745,7,7,-0.02193637656
2011-12-09,0.0007046536187,0.0007046536187,0,0,0.009167301124,-0.008462647505,0.980950272,0.02149634035,7,7,0.01694248777
2011-12-12,-0.004871131868,-0.004871131868,0,0,-0.01254654754,0.007675415668,0.997877063,0.02218536097,7,7,-0.01459758847
2011-12-13,-0.009255578722,-0.009255578722,0,0,-0.01424058559,0.004985006866,0.982440698,0.01739898184,7,7,-0.009339272562
2011-12-14,-0.0003743426689,-0.0003743426689,0,0,-0.007443871075,0.007069528406,0.9722135041,0.008219479153,7,7,-0.01064588733
2011-12-15,-0.005265201088,-0.005265201088,0,0,-0.001937011375,-0.003328189713,0.9580587469,0.007848074354,7,7,0.003614197286
2011-12-16,-0.003786056354,-0.003786056354,0,0,-0.001127520978,-0.002658535375,0.964528361,0.002596544595,7,7,0.001482516073
2011-12-19,-0.009956008647,-0.009956008647,0,0,-0.01604000761,0.006083998959,0.969730831,-0.001194032432,7,7,-0.01069168625
2011-12-20,0.001390997649,0.001390997649,0,0,0.01780307991,-0.01641208226,0.9571360795,-0.01126216731,7,7,0.0302605322
2011-12-21,-0.007446345981,-0.007446345981,0,0,-0.007080470656,-0.0003658753247,0.9899741899,-0.009857457964,7,7,0.00193636148
2011-12-22,0.01097925768,0.01097925768,0,0,0.01605558032,-0.005076322637,0.9906362146,-0.01743362072,7,7,0.008858793762
2011-12-23,-0.003025990988,-0.003025990988,0,0,-0.0009660623675,-0.00205992862,1.000780293,-0.006384268508,7,7,0.008941001354
2011-12-27,-0.00658439831,-0.00658439831,0,0,-0.005562254263,-0.001022144048,1.004915023,-0.009438821284,7,7,0.0007914180018
2011-12-28,-0.001895081144,-0.001895081144,0,0,-0.008716563749,0.006821482605,1.007005438,-0.01612942213,7,7,-0.01312407541
2011-12-29,0.0005790136696,0.0005790136696,0,0,0.007049483958,-0.006470470288,0.9933498698,-0.01805872603,7,7,0.0103342533
2011-12-30,0.002043563336,0.002043563336,0,0,-0.0009113756698,0.002954939006,1.00628717,-0.01746959722,7,7,-0.004915957419
2012-01-03,0.01149533585,0.01030937131,0.001185964541,1.185964541,0.01648049345,-0.004985157594,1.000376523,-0.0153945741,7,7,0.01593622879
2012-01-04,-0.01191751486,-0.01191751486,0,0,-0.002748179335,-0.009169335522,1,0,7,7,0.001568748146
2012-01-05,0.004541170672,0.004541170672,0,0,0.004084235349,0.0004569353227,1.018559858,-0.01206125504,7,7,0.002662187214
2012-01-06,-0.002601516224,-0.002601516224,0,0,0.002483296644,-0.005084812868,1.017566217,-0.007486088765,7,7,-0.002577119547
2012-01-09,-0.008797503167,-0.008797503167,0,0,0.001457479622,-0.01025498279,1.027808186,-0.01011391651,7,7,0.002427299806
2012-01-10,0.007719372016,0.007719372016,0,0,0.008695559261,-0.0009761872441,1.048747003,-0.01907926961,7,7,0.008670620217
2012-01-11,0.003906428421,0.003906428421,0,0,0.001248094515,0.002658333906,1.050311008,-0.01127287805,7,7,0.0005422223115
2012-01-12,-3.886562399e-07,-3.886562399e-07,0,0,0.001932608786,-0.001932997442,1.044819257,-0.007337785099,7,7,0.002399002548
2012-01-13,-0.01525543785,-0.01525543785,0,0,-0.01696203541,0.001706597559,1.048685271,-0.007338176607,7,7,-0.005173153347
2012-01-17,0.01041694677,0.01041694677,0,0,0.01042879525,-1.18484787e-05,1.045973421,-0.02294362957,7,7,0.003880547461
2012-01-18,0.007076248169,0.007076248169,0,0,0.01707357031,-0.009997322137,1.045522908,-0.01239753831,7,7,0.01105658969
2012-01-19,0.006386522971,0.006386522971,0,0,0.01289922321,-0.006512700238,1.065057191,-0.005283899953,7,7,0.005276348796
2012-01-20,0.007208522316,0.007208522316,0,0,-0.001571733376,0.008780255692,1.07758708,0.001095625779,7,7,0.003727088164
2012-01-23,0.005675749101,0.005675749101,0,0,0.000139220649,0.005536528452,1.059596963,0.008244715876,7,7,-0.002576664361
2012-01-24,0.008464631434,0.008464631434,0,0,0.006348832629,0.002115798805,1.048250051,0.01384190182,7,7,-0.00113952036
2012-01-25,0.0001646161548,0.0001646161548,0,0,0.003274602685,-0.003109986531,1.043648981,0.02211930151,7,7,0.008367011886
2012-01-26,-0.01432735581,-0.01432735581,0,0,0.003848150346,-0.01817550615,1.049860746,0.02228024998,7,7,-0.005129319752
2012-01-27,-0.001490959561,-0.001490959561,0,0,0.005790025984,-0.007280985545,1.087464899,0.008068494362,7,7,-0.0004551131953
2012-01-30,-0.004382482689,-0.004382482689,0,0,-0.003630662245,-0.000751820444,1.102179215,0.006587356282,7,7,-0.003413636698
2012-01-31,0.00520673878,0.00520673878,0,0,-0.000402953338,0.005609692118,1.104139244,0.002214578947,7,7,-0.000380558947
2012-02-01,-0.002920588699,-0.004880918366,0.001960329667,1.960329667,0.002302855033,-0.005223443732,1.092438557,0.007382877016,7,7,0.008757160163
2012-02-02,6.319205872e-05,6.319205872e-05,0,0,0.001679268985,-0.001616076927,1,0,7,7,0.001585431143
2012-02-03,-0.01043310861,-0.01043310861,0,0,0.004147274111,-0.01458038272,1.00323195,6.318806574e-05,7,7,0.01401825892
2012-02-06,0.004135543445,0.004135543445,0,0,0.00451884345,-0.0003833000054,1.032734235,-0.01047925171,7,7,-0.0006684430015
2012-02-07,0.004134291863,0.004134291863,0,0,0.001970673611,0.002163618253,1.033362861,-0.006317581632,7,7,0.002528387111
2012-02-08,-0.002580377852,-0.002580377852,0,0,0.0001031667441,-0.002683544597,1.028916077,-0.002174300576,7,7,0.002967589721
2012-02-09,-0.003067059427,-0.003067059427,0,0,-0.001174686949,-0.001892372478,1.034371859,-0.004766979035,7,7,0.001257673687
2012-02-10,0.001917346646,0.001917346646,0,0,-0.001785295495,0.003702642141,1.038273992,-0.007858139844,7,7,-0.007387695343
2012-02-13,7.100942466e-05,7.100942466e-05,0,0,0.003204754759,-0.003133745334,1.030809635,-0.005929424437,7,7,0.007442679593
2012-02-14,0.00371666473,0.00371666473,0,0,0.001987695501,0.00172896923,1.037074493,-0.005857999039,7,7,-0.001256093931
2012-02-15,0.001126671837,0.001126671837,0,0,-0.002558910145,0.003685581982,1.033492076,-0.002133405157,7,7,-0.00466001733
2012-02-16,-0.006272960439,-0.006272960439,0,0,0.004046275219,-0.01031923566,1.026091516,-0.001005600338,7,7,0.01107313436
2012-02-17,0.003198689217,0.003198689217,0,0,0.0002735895978,0.00292509962,1.047024973,-0.00732450712,7,7,0.002646405468
2012-02-21,0.003705151188,0.003705151188,0,0,0.003121021153,0.0005841300347,1.041043488,-0.004112662773,7,7,0.0004397834328
2012-02-22,0.00404089478,0.00404089478,0,0,-0.0005701510817,0.004611045861,1.03972803,-0.0004060072664,7,7,-0.003224284428
2012-02-23,-0.003921312011,-0.003921312011,0,0,0.003350020248,-0.007271332259,1.030383163,0.00362025843,7,7,0.004410842472
2012-02-24,-0.0001230415776,-0.0001230415776,0,0,0.003242710578,-0.003365752155,1.045102689,-0.0003022387537,7,7,0.002195664316
2012-02-27,-0.0005163245746,-0.0005163245746,0,0,0.0005871334987,-0.001103458073,1.051840572,-0.0004253326649,7,7,0.001679303276
2012-02-28,-0.002995086479,-0.002995086479,0,0,0.002296841042,-0.005291927521,1.054075409,-0.0009421436914,7,7,0.002916742499
2012-02-29,0.003600742429,0.003600742429,0,0,-0.0007815199677,0.004382262396,1.064853505,-0.003949057941,7,7,-0.003925533299
2012-03-01,-0.00572018674,-0.00736331417,0.001643127429,1.643127429,0.001980305162,-0.007700491902,1.055887743,-0.0003470658176,7,7,0.00518159335
2012-03-02,0.004587588141,0.004587588141,0,0,0.001324335175,0.003263252967,1,0,7,7,-0.003049907585
2012-03-05,0.007537692647,0.007537692647,0,0,-0.000118183529,0.007655876176,0.9935032983,0.004566638286,7,7,-0.004077720493
2012-03-06,0.0003426352052,0.0003426352052,0,0,-0.006320251059,0.006662886264,0.9783547015,0.01201377479,7,7,-0.01462534693
2012-03-07,-0.00405662486,-0.00405662486,0,0,0.001318320013,-0.005374944873,0.9650409072,0.01235217771,7,7,0.006976228629
2012-03-08,-0.000847075019,-0.000847075019,0,0,0.005145279907,-0.005992354926,0.9756921893,0.008329341861,7,7,0.009948680709
2012-03-09,-0.00497033794,-0.00497033794,0,0,0.0002829347774,-0.005253272718,0.9876664517,0.007488610257,7,7,0.003867552729
2012-03-12,-0.0007648778086,-0.0007648778086,0,0,0.0009492314559,-0.001714109264,0.9981638709,0.002530851504,7,7,7.266731149e-05
2012-03-13,-0.007567216939,-0.007567216939,0,0,0.004373623962,-0.0119408409,1.001593308,0.001767325483,7,7,0.01802589395
2012-03-14,-0.005799414514,-0.005799414514,0,0,-0.002513877048,-0.003285537466,1.025669235,-0.005844115143,7,7,-0.001071052063
2012-03-15,0.0005109521599,0.0005109521599,0,0,0.003949189877,-0.003438237717,1.032428375,-0.01171144921,7,7,0.005789643762
2012-03-16,-0.005684211461,-0.005684211461,0,0,7.706564919e-05,-0.00576127711,1.039284778,-0.01119477705,7,7,0.001384664695
2012-03-19,0.002756879345,0.002756879345,0,0,0.002808722246,-5.184290117e-05,1.051097783,-0.01697548073,7,7,0.003920161202
2012-03-20,0.001486793699,0.001486793699,0,0,0.002845781834,-0.001358988135,1.0510607,-0.01417951019,7,7,-0.002911025871
2012-03-21,0.001569110986,0.001569110986,0,0,0.002620699526,-0.001051588539,1.053698838,-0.01267387306,7,7,-0.001637637808
2012-03-22,0.005792315737,0.005792315737,0,0,-0.001124726226,0.006917041963,1.055714592,-0.01108736476,7,7,-0.00720360485
2012-03-23,0.0009797026966,0.0009797026966,0,0,0.003190418351,-0.002210715655,1.04163932,-0.005264555062,7,7,0.003232878814
2012-03-26,-0.006385437717,-0.006385437717,0,0,0.008436433484,-0.0148218712,1.04601567,-0.004280658593,7,7,0.01403517689
2012-03-27,0.004873380157,0.004873380157,0,0,0.001983663141,0.002889717016,1.076145635,-0.0107346417,7,7,-0.003107296849
2012-03-28,-0.003350358357,-0.003350358357,0,0,-0.003861078462,0.0005107201052,1.070024943,-0.005832835912,7,7,-0.004958221495
2012-03-29,-0.003096879167,-0.003096879167,0,0,-0.002009441962,-0.001087437205,1.069235467,-0.009214064688,7,7,-0.001709188139
2012-03-30,0.001657633551,0.001657633551,0,0,0.00199888984,-0.0003412562894,1.071632177,-0.0123491878,7,7,0.004136657078
2012-04-02,-0.005471233095,-0.007123166931,0.001651933836,1.651933836,-0.001536340885,-0.00393489221,1.072195017,-0.0106738609,7,7,0.00731441819
2012-04-03,-0.005989532963,-0.005989532963,0,0,-0.003072763518,-0.002916769444,1,0,7,7,-0.004089150399
2012-04-04,0.00913672326,0.00913672326,0,0,-0.004710547741,0.013847271,1.00586869,-0.006025623634,7,7,-0.00991047248
2012-04-05,-0.001225185812,-0.001225185812,0,0,5.726801068e-06,-0.001230912613,0.9783717589,0.003082931732,7,7,-0.0005006059912
2012-04-09,0.00233860889,0.00233860889,0,0,-0.00551282635,0.00785143524,0.9808100728,0.001860024796,7,7,-0.01123098287
2012-04-10,4.665682262e-05,4.665682262e-05,0,0,-0.01027738733,0.01032404416,0.9651886126,0.004188837634,7,7,-0.01678511886
2012-04-11,-0.0042528069,-0.0042528069,0,0,0.002094303005,-0.006347109905,0.9445431117,0.004235296851,7,7,0.008094527936
2012-04-12,0.001894784358,0.001894784358,0,0,0.008187429244,-0.006292644886,0.9570546934,-1.758483422e-05,7,7,0.01306523454
2012-04-13,0.005584327263,0.005584327263,0,0,-0.004298633899,0.009882961162,0.9696974001,0.001873649362,7,7,-0.01188822716
2012-04-16,0.006161796163,0.006161796163,0,0,0.00177243213,0.004389364032,0.9502095241,0.007416560126,7,7,-0.0006564733635
2012-04-17,-0.0008002566976,-0.0008002566976,0,0,0.007261269664,-0.008061526362,0.9417894774,0.01349520161,7,7,0.01481231419
2012-04-18,-0.001529965898,-0.001529965898,0,0,-0.000821140239,-0.0007088256595,0.9578788224,0.01270511226,7,7,-0.003379500318
2012-04-19,-0.001061759351,-0.001061759351,0,0,-0.004581844017,0.003520084667,0.9592341033,0.01119227015,7,7,-0.006420625908
2012-04-20,0.006513920068,0.006513920068,0,0,0.0008442374459,0.005669682622,0.9521431214,0.0101412784,7,7,0.001670052231
2012-04-23,0.001867509918,0.001867509918,0,0,-0.002919651531,0.004787161448,0.9411868603,0.01654740996,7,7,-0.008408986094
2012-04-24,0.0009806344558,0.0009806344558,0,0,0.001854005807,-0.0008733713511,0.9317400136,0.01838059394,7,7,0.00380110568
2012-04-25,-0.01024753152,-0.01024753152,0,0,0.001410652174,-0.0116581837,0.9335519176,0.01934226071,7,7,0.01369233186
2012-04-26,-0.0007226296511,-0.0007226296511,0,0,0.003335885332,-0.004058514983,0.9564217151,0.009188892652,7,7,0.006968743421
2012-04-27,-0.009116442093,-0.009116442093,0,0,0.001822916297,-0.01093935839,0.9645131012,0.008472385398,7,7,0.001640909006
2012-04-30,0.001549519277,0.001549519277,0,0,-0.001080375689,0.002629894967,0.9862666184,-0.0006499822204,7,7,-0.003704121564
2012-05-01,-0.0004082479126,-0.001969999878,0.001561751965,1.561751965,0.004237317458,-0.004645565371,0.9810362132,0.0008981453633,7,7,0.00622011546
2012-05-02,-0.005033917718,-0.005033917718,0,0,-0.002207322457,-0.002826595261,1,0,7,7,-0.002984091468
2012-05-03,-0.0140735746,-0.0140735746,0,0,-0.01515097981,0.001077405209,1.005681792,-0.005059386252,7,7,-0.007625780647
2012-05-04,-0.008733248603,-0.008733248603,0,0,-0.01515715499,0.006423906386,1.003577328,-0.01940607368,7,7,-0.01615753895
2012-05-07,0.005679690711,0.005679690711,0,0,0.006033444847,-0.0003537541358,0.9906478401,-0.02838723506,7,7,0.0007298666843
2012-05-08,-0.00224740355,-0.00224740355,0,0,-0.006333144845,0.004085741295,0.99140417,-0.02257930091,7,7,-0.00401187388
2012-05-09,0.001260584094,0.001260584094,0,0,-0.0019108511,0.003171435193,0.9831949196,-0.02488262576,7,7,-0.005931927116
2012-05-10,0.0004141078479,0.0004141078479,0,0,0.003308482999,-0.002894375151,0.9768811924,-0.02359230158,7,7,0.002062770069
2012-05-11,0.001849967846,0.001849967846,0,0,0.002417034737,-0.0005670668908,0.9826771163,-0.02316859944,7,7,-0.00301417972
2012-05-14,-0.004035794439,-0.004035794439,0,0,-0.008541708027,0.004505913588,0.9838411434,-0.02127926563,7,7,-0.0110609404
2012-05-15,0.001536474216,0.001536474216,0,0,-0.001303258016,0.002839732232,0.9747273209,-0.02541764044,7,7,-0.00574145287
2012-05-16,-0.0047876249,-0.0047876249,0,0,-0.006095899749,0.001308274849,0.9690953406,-0.02384452972,7,7,-0.003825174277
2012-05-17,0.00447046378,0.00447046378,0,0,-0.007911681445,0.01238214522,0.9663175319,-0.02876989408,7,7,-0.01483117141
2012-05-18,-0.008053937277,-0.008053937277,0,0,-0.01065048741,0.002596550131,0.9418133627,-0.02419128405,7,7,-0.008558405493
2012-05-21,0.000305592446,0.000305592446,0,0,0.007969500585,-0.007663908139,0.9361056615,-0.03250703091,7,7,0.01718815293
2012-05-22,0.0003358532288,0.0003358532288,0,0,0.001072372682,-0.0007365194531,0.9514483148,-0.03219160096,7,7,0.001742743293
2012-05-23,0.01395253754,0.01395253754,0,0,0.01383543651,0.0001171010225,0.9529371599,-0.03184505246,7,7,0.0005296124429
2012-05-24,-0.01070929333,-0.01070929333,0,0,-0.008704820027,-0.002004473308,0.9533537908,-0.0176463042,7,7,0.001965721071
2012-05-25,0.002622734702,0.002622734702,0,0,0.0004196125593,0.002203122143,0.9569011795,-0.02866255323,7,7,-0.003244346978
2012-05-29,0.007104557316,0.007104557316,0,0,0.01184561626,-0.004741058947,0.9526192025,-0.02597170164,7,7,0.01211192226
2012-05-30,-0.006669787537,-0.006669787537,0,0,-0.01320835602,0.006538568487,0.9623686743,-0.01873404722,7,7,-0.01451008287
2012-05-31,-0.006885674916,-0.006885674916,0,0,-0.005048542952,-0.001837131964,0.9489510517,-0.02557441064,7,7,-0.002201360932
2012-06-01,-0.003075288808,-0.004500309638,0.00142502083,1.42502083,-0.01654444054,0.01346915173,0.9522968472,-0.03268514484,7,7,-0.0251767313
2012-06-04,-0.003490895498,-0.003490895498,0,0,-0.002794927881,-0.0006959676169,1,0,7,7,-0.0004682635486
2012-06-05,0.003660228654,0.003660228654,0,0,0.004792305584,-0.00113207693,1.001396811,-0.003503124539,7,7,0.00757243339
2012-06-06,0.009236940154,0.009236940154,0,0,0.01588112248,-0.006644182329,1.003647614,0.0001565311751,7,7,0.02246839235
2012-06-07,-0.006045306891,-0.006045306891,0,0,-0.004290076584,-0.001755230307,1.016780974,0.009307498522,7,7,0.0006062521092
2012-06-08,0.001205068164,0.001205068164,0,0,0.007951693994,-0.00674662583,1.020414849,0.003282032525,7,7,0.007951358624
2012-06-11,-0.01093581318,-0.01093581318,0,0,-0.01504907,0.004113256818,1.033867288,0.004481699935,7,7,-0.01269703402
2012-06-12,0.00437136519,0.00437136519,0,0,0.007529340445,-0.003157975256,1.025924277,-0.00652547462,7,7,0.01149064649
2012-06-13,-0.002687138319,-0.002687138319,0,0,-0.003600354231,0.000913215912,1.032099907,-0.002144734014,7,7,-0.006394627848
2012-06-14,-0.002473385247,-0.002473385247,0,0,0.003261439241,-0.005734824488,1.030355044,-0.004844891226,7,7,0.0106003036
2012-06-15,0.01171215507,0.01171215507,0,0,0.01173504855,-2.28934854e-05,1.041928398,-0.007336422272,7,7,0.01022730544
2012-06-18,0.002215977798,0.002215977798,0,0,0.004702877303,-0.002486899505,1.041488268,0.004325076826,7,7,0.00193818784
2012-06-19,0.009668145733,0.009668145733,0,0,0.01048845959,-0.0008203138569,1.046359335,0.006526591842,7,7,0.009672626909
2012-06-20,0.007924674352,0.007924674352,0,0,0.004787969222,0.003136705131,1.047540336,0.01603966377,7,7,-0.001621377874
2012-06-21,-0.01174539856,-0.01174539856,0,0,-0.01752668898,0.005781290415,1.04094247,0.02377592168,7,7,-0.02243856238
2012-06-22,0.008846487203,0.008846487203,0,0,0.01033528119,-0.001488793986,1.029729069,0.0121735058,7,7,0.007701560421
2012-06-25,-0.006182809636,-0.006182809636,0,0,-0.009999487532,0.003816677896,1.032419855,0.02083567051,7,7,-0.01603440789
2012-06-26,-0.006705198677,-0.006705198677,0,0,-0.003324042335,-0.003381156342,1.024940703,0.01474402035,7,7,0.00502533146
2012-06-27,-0.0003113628001,-0.0003113628001,0,0,0.004033170703,-0.004344533504,1.031917026,0.008093087428,7,7,0.009016595391
2012-06-28,-0.004866304837,-0.004866304837,0,0,-0.00516155471,0.000295249873,1.04061874,0.007784148322,7,7,-0.002853482473
2012-06-29,0.004660871826,0.004660871826,0,0,0.01096313872,-0.006302266894,1.040223982,0.002932112036,7,7,0.02492689125
2012-07-02,0.0004042543103,-0.001220325873,0.001624580183,1.624580183,-0.001394846836,0.001799101146,1.052583432,0.007557758121,7,7,0.003012244731
2012-07-03,0.003826441277,0.003826441277,0,0,0.007445134484,-0.003618693207,1,0,7,7,0.006593170438
2012-07-05,0.006753929743,0.006753929743,0,0,0.001803937488,0.004949992255,1.007209799,0.003811855436,7,7,-0.004512029601
2012-07-06,1.517696429e-05,1.517696429e-05,0,0,-0.007213227987,0.007228404951,0.9973278615,0.01049490334,7,7,-0.009504122153
2012-07-09,-0.0005347806773,-0.0005347806773,0,0,-0.004678020859,0.004143240182,0.9828713115,0.01050992079,7,7,-0.001254316109
2012-07-10,0.001300159629,0.001300159629,0,0,-0.002973045203,0.004273204832,0.9745712324,0.009980477484,7,7,-0.008720078326
2012-07-11,-0.003196962898,-0.003196962898,0,0,-0.002268698731,-0.0009282641668,0.9660689385,0.01126598953,7,7,0.000149158307
2012-07-12,0.005559753968,0.005559753968,0,0,0.003582687807,0.001977066161,0.9678225969,0.008094905743,7,7,-0.00484529073
2012-07-13,0.0006350325025,0.0006350325025,0,0,0.01037132032,-0.009736287819,0.9640682363,0.01357916291,7,7,0.016777571
2012-07-16,-0.002122141677,-0.002122141677,0,0,-0.003669851865,0.001547710188,0.9835512574,0.01420517466,7,7,-0.002356796591
2012-07-17,-0.002779078108,-0.002779078108,0,0,0.001073448722,-0.00385252683,0.9804142734,0.01210872942,7,7,0.006866815003
2012-07-18,0.002867576385,0.002867576385,0,0,0.006305179074,-0.003437602689,0.9880862177,0.009355651402,7,7,0.00740697466
2012-07-19,-0.0001558788901,-0.0001558788901,0,0,0.003676721725,-0.003832600615,0.9949758303,0.01218827697,7,7,0.00262072918
2012-07-20,0.004213896076,0.004213896076,0,0,-0.004779163027,0.008993059103,1.002641443,0.01203427397,7,7,-0.009148011211
2012-07-23,-0.001413599582,-0.001413599582,0,0,-0.004407461876,0.002993862294,0.9847197146,0.01617998925,7,7,-0.01011299501
2012-07-24,0.001495063817,0.001495063817,0,0,-0.003351413812,0.004846477629,0.978701883,0.01478729298,7,7,-0.008586748473
2012-07-25,-0.000268243419,-0.000268243419,0,0,0.001829198852,-0.002097442271,0.9690551922,0.01625804998,7,7,0.0002248509545
2012-07-26,-0.002645913349,-0.002645913349,0,0,0.006222975014,-0.008868888363,0.9732428993,0.01599409687,7,7,0.01649705345
2012-07-27,0.001548464632,0.001548464632,0,0,0.01225488547,-0.01070642083,0.9909567484,0.01338359535,7,7,0.01843240912
2012-07-30,-0.002087362131,-0.002087362131,0,0,-0.004925284131,0.002837922,1.012350466,0.01490897397,7,7,0
2012-07-31,-0.005761367477,-0.005761367477,0,0,-0.004535620715,-0.001225746762,1.006688583,0.01284843117,7,7,-0.006994092426
2012-08-01,-0.001114611119,-0.002850605111,0.001735993992,1.735993992,-0.002692970806,0.001578359687,1.009193041,0.007128131474,7,7,-0.000871466589
2012-08-02,-0.004517929362,-0.004517929362,0,0,-0.007564227706,0.003046298344,1,0,7,7,-0.006904574312
2012-08-03,0.007464002368,0.007464002368,0,0,0.01677165452,-0.009307652151,0.9938797525,-0.004538433685,7,7,0.01983323008
2012-08-06,0.01152074223,0.01152074223,0,0,0.01459061979,-0.003069877563,1.012402485,0.002903894012,7,7,0.001937478977
2012-08-07,0.009028617194,0.009028617194,0,0,0.00932939396,-0.0003007767661,1.018331052,0.01426034646,7,7,0.005013966039
2012-08-08,-0.00416955672,-0.00416955672,0,0,-0.003498509387,-0.0006710473337,1.0187632,0.02308057795,7,7,0.001211070757
2012-08-09,0.004616179819,0.004616179819,0,0,0.005093789368,-0.0004776095482,1.020189476,0.01899020196,7,7,0.0008544299503
2012-08-10,0.007535998495,0.007535998495,0,0,0.007123565159,0.0004124333367,1.021047536,0.02349791119,7,7,0.001635458048
2012-08-13,0.0009312578131,0.0009312578131,0,0,0.00445307603,-0.003521818217,1.020071411,0.03080178747,7,7,-0.0004969083598
2012-08-14,-0.008837618732,-0.008837618732,0,0,-0.007808818155,-0.001028800577,1.02708982,0.03170352113,7,7,0.0001419259475
2012-08-15,0.00936284882,0.00936284882,0,0,0.00830128073,0.00106156809,1.029407312,0.02306978435,7,7,0.00113635186
2012-08-16,0.009530312524,0.009530312524,0,0,0.009438056987,9.225553681e-05,1.027031088,0.0321317881,7,7,0.007378731306
2012-08-17,-0.005472512609,-0.005472512609,0,0,-0.003588867842,-0.001883644768,1.026593136,0.0412687961,7,7,0.001337944816
2012-08-20,0.0005238172765,0.0005238172765,0,0,0.003744762011,-0.003220944734,1.030527487,0.03599325704,7,7,7.019083492e-05
2012-08-21,0.0031898926,0.0031898926,0,0,-0.0004698869198,0.00365977952,1.036950022,0.03649795606,7,7,-0.003023808688
2012-08-22,0.002543279955,0.002543279955,0,0,0.004682694483,-0.002139414528,1.029536245,0.03956165124,7,7,0.0004231474485
2012-08-23,0.0001408826476,0.0001408826476,0,0,-0.001793654338,0.001934536985,1.033729291,0.04199811822,7,7,-0.008179196522
2012-08-24,-0.006009570193,-0.006009570193,0,0,-0.002734236212,-0.003275333981,1.029856011,0.04213306505,7,7,0.006042793085
2012-08-27,-0.004742513954,-0.004742513954,0,0,-0.004200447797,-0.0005420661561,1.03662679,0.03634189402,7,7,0.0002117756762
2012-08-28,-0.004200518954,-0.004200518954,0,0,-0.001910407853,-0.002290111101,1.037890619,0.03174995467,7,7,-0.0009888331741
2012-08-29,-0.001743154292,-0.001743154292,0,0,7.119508164e-05,-0.001814349374,1.042649994,0.02766564579,7,7,0.0007778715226
2012-08-30,-0.004351279167,-0.004351279167,0,0,-0.007542800889,0.003191521723,1.046359504,0.0259677573,7,7,-0.007208002687
2012-08-31,-0.003206855017,-0.003206855017,0,0,-0.001702645406,-0.001504209611,1.04015117,0.02171094854,7,7,0.004768911351
2012-09-04,-0.009594769237,-0.01138048713,0.001785717897,1.785717897,-0.007087050356,-0.002507718881,1.043298441,0.01856362437,7,7,-0.0009208658951
2012-09-05,0.00583044238,0.00583044238,0,0,0.002480125689,0.003350316692,1,0,7,7,-0.0008507445722
2012-09-06,-0.008257306964,-0.008257306964,0,0,0.006148500501,-0.01440580746,0.9933382078,0.005796645373,7,7,0.02029636918
2012-09-07,-0.006466225564,-0.006466225564,0,0,-0.0007387199603,-0.005727505603,1.022334243,-0.002481149201,7,7,0.003895199684
2012-09-10,0.01148168082,0.01148168082,0,0,-3.642705895e-05,0.01151810788,1.034009166,-0.009005607052,7,7,-0.005681366725
2012-09-11,-0.002394487436,-0.002394487436,0,0,0.003633175189,-0.006027662625,1.010848392,0.002447966993,7,7,0.002787374215
2012-09-12,0.002592715875,0.002592715875,0,0,0.005824314112,-0.003231598236,1.022958692,5.360792084e-05,7,7,0.003335416448
2012-09-13,-0.007757465948,-0.007757465948,0,0,0.006235853938,-0.01399331989,1.029345803,0.002639480374,7,7,0.01523648284
2012-09-14,-0.01109514411,-0.01109514411,0,0,-0.0001404286769,-0.01095471543,1.057780674,-0.005157998572,7,7,0.004433973782
2012-09-17,0.001624943723,0.001624943723,0,0,-0.00132939187,0.002954335593,1.080584198,-0.01643549689,7,7,-0.003395804447
2012-09-18,0.007680239416,0.007680239416,0,0,0.001519512165,0.006160727251,1.07455438,-0.01478652589,7,7,-0.0008171761302
2012-09-19,0.004645658048,0.004645658048,0,0,0.007602076983,-0.002956418935,1.061758605,-0.007052124469,7,7,0.0005451190681
2012-09-20,-0.001599194495,-0.001599194495,0,0,-0.002307451452,0.0007082569565,1.067358518,-0.002395338498,7,7,6.875751393e-05
2012-09-21,0.004783885019,0.004783885019,0,0,-0.0002692340674,0.005053119087,1.066047627,-0.00400093126,7,7,-0.0004186162922
2012-09-24,-0.004084563049,-0.004084563049,0,0,-0.006499484521,0.002414921472,1.055675046,0.0007792260316,7,7,-0.001508286522
2012-09-25,0.01219472401,0.01219472401,0,0,-0.002944702543,0.01513942655,1.051053735,-0.003318893246,7,7,-0.01064157756
2012-09-26,0.00409228429,0.00409228429,0,0,0.001041945892,0.003050338398,1.020524591,0.008768896491,7,7,-0.005621342557
2012-09-27,-0.009227649048,-0.009227649048,0,0,0.0004544351972,-0.009682084245,1.014365128,0.01280876368,7,7,0.009421372649
2012-09-28,0.00458289026,0.00458289026,0,0,0.003919172816,0.0006637174444,1.034043437,0.00361446767,7,7,-0.004631701718
2012-10-01,0.001735554954,0.0001242694531,0.001611285501,1.611285501,0.003083890475,-0.001348335521,1.032566752,0.008159961721,7,7,0.002639321591
2012-10-02,-0.000762185246,-0.000762185246,0,0,-0.0002778527633,-0.0004843324828,1,0,7,7,0.001039370123
2012-10-03,0.005189598301,0.005189598301,0,0,0.008727331277,-0.003537732976,1.000969404,-0.0007627666155,7,7,0.004082725817
2012-10-04,0.002981081475,0.002981081475,0,0,0.009657443618,-0.006676362143,1.008003336,0.004403976815,7,7,0.007167465452
2012-10-05,0.001024991503,0.001024991503,0,0,-0.001667539598,0.0026925311,1.021292585,0.007363108264,7,7,6.912268482e-05
2012-10-08,0.0112538243,0.0112538243,0,0,0.006937008143,0.004316816157,1.015891234,0.00837951084,7,7,-0.003421866046
2012-10-09,-0.0102040732,-0.0102040732,0,0,-0.0142760438,0.004071970602,1.007176835,0.0194148439,7,7,-0.009887505017
2012-10-10,-0.002017388009,-0.002017388009,0,0,-0.00522693589,0.00320954788,0.9990229239,0.009305727017,7,7,-0.006379451778
2012-10-11,-2.348250221e-05,-2.348250221e-05,0,0,0.002648642468,-0.00267212497,0.9925888771,0.007303072138,7,7,0.0005580382013
2012-10-12,0.002632982712,0.002632982712,0,0,-0.001488770727,0.00412175344,0.9979330785,0.007279760583,7,7,-0.003278670601
2012-10-15,-0.004556657712,-0.004556657712,0,0,0.004332838542,-0.008889496255,0.9897166475,0.009886711754,7,7,0.008328489194
2012-10-16,0.007397705773,0.007397705773,0,0,0.008939490553,-0.00154178478,1.007529951,0.005354452449,7,7,0.01013309019
2012-10-17,-0.002067657776,-0.002067657776,0,0,0.00289250622,-0.004960163996,1.010535582,0.01265851426,7,7,0.004535052273
2012-10-18,0.005370153639,0.005370153639,0,0,-0.001927729731,0.007297883369,1.020498293,0.01061280012,7,7,-0.002599196444
2012-10-19,-0.008304897072,-0.008304897072,0,0,-0.01314935746,0.00484446039,1.005870998,0.0158975813,7,7,-0.01666431345
2012-10-22,-0.0007102364573,-0.0007102364573,0,0,-0.0007018644909,-8.371966421e-06,0.9961501046,0.007656268757,7,7,0.0001392675807
2012-10-23,0.007829270552,0.007829270552,0,0,0.002183262503,0.005646008049,0.9961641242,0.006950969131,7,7,-0.01387597399
2012-10-24,-0.02490055803,-0.02490055803,0,0,-0.01307723405,-0.01182332398,0.9849896283,0.01466542014,7,7,-0.002828598558
2012-10-25,0.004598995046,0.004598995046,0,0,0.001494694668,0.003104300377,1.008856816,-0.01049650676,7,7,0.00290742629
2012-10-26,0.01503216428,0.01503216428,0,0,0.009964713422,0.005067450862,1.002636092,-0.005870513257,7,7,-0.0005659534112
2012-10-31,0.00786976658,0.00786976658,0,0,0.01070045343,-0.00283068685,0.9926122441,0.009025971146,7,7,0
2012-11-01,0.001055091577,-0.000398921991,0.001454013568,1.454013568,0.01032204064,-0.009266949063,0.9982870979,0.01676381045,7,7,0.01047042008
2012-11-02,-0.002823787834,-0.002823787834,0,0,-0.005102870337,0.002279082503,1,0,7,7,-0.008891444312
2012-11-05,0.005135162386,0.005135162386,0,0,0.005430225184,-0.0002950627988,0.9954289273,-0.002831784192,7,7,0.002048287617
2012-11-06,-0.001295365473,-0.001295365473,0,0,0.001883087575,-0.003178453049,0.9960393912,0.002291610403,7,7,0.007825272326
2012-11-07,0.004203374826,0.004203374826,0,0,-0.01163166675,0.01583504158,1.002399405,0.0009975371044,7,7,-0.0226636635
2012-11-08,-0.002790813781,-0.002790813781,0,0,-0.007645896594,0.004855082813,0.9708518429,0.005179142056,7,7,-0.01202397385
2012-11-09,-0.008079942404,-0.008079942404,0,0,-0.005196817295,-0.00288312511,0.9610329274,0.002395012308,7,7,0.00086904247
2012-11-12,-0.001489658684,-0.001489658684,0,0,-0.0009228840844,-0.0005667745991,0.9665287317,-0.005731238171,7,7,0.0007961581605
2012-11-13,0.000149318756,0.000149318756,0,0,-0.0009075267632,0.001056845519,0.9676140369,-0.007231669574,7,7,-0.003471298236
2012-11-14,0.003185600113,0.003185600113,0,0,-0.003240305207,0.00642590532,0.9655054965,-0.007081293448,7,7,-0.01349849659
2012-11-15,-0.005275568052,-0.005275568052,0,0,-0.001343743849,-0.003931824203,0.9528040334,-0.003883322621,7,7,-0.001692391945
2012-11-16,0.0008117547118,0.0008117547118,0,0,0.001115501314,-0.0003037466025,0.960459081,-0.009207465283,7,7,0.0049371972
2012-11-19,0.004729221419,0.004729221419,0,0,0.01329997075,-0.008570749332,0.9610981529,-0.008388900841,7,7,0.02023949798
2012-11-20,-0.002389285774,-0.002389285774,0,0,0.0004969182888,-0.002886204063,0.9783420767,-0.003642453453,7,7,0.0004312908238
2012-11-21,0.002423856581,0.002423856581,0,0,0.004156581657,-0.001732725076,0.9840764389,-0.006046185292,7,7,0.001867750476
2012-11-23,0.0001892716605,0.0001892716605,0,0,0.005631048076,-0.005441776416,0.9875720127,-0.003613569935,7,7,0.01362490946
2012-11-26,0.00658881144,0.00658881144,0,0,0.004085017956,0.002503793484,0.9984558578,-0.003423650275,7,7,-0.002122243701
2012-11-27,0.001425667459,0.001425667459,0,0,-0.0008501135789,0.002275781038,0.9934911564,0.003144443023,7,7,-0.005104423058
2012-11-28,0.0007637512619,0.0007637512619,0,0,0.00456718995,-0.003803438688,0.9889553403,0.0045636043,7,7,0.008052816448
2012-11-29,0.002965637918,0.002965637918,0,0,0.003250104743,-0.0002844668252,0.9965648413,0.005323289892,7,7,0.004664481715
2012-11-30,-0.002402809723,-0.002402809723,0,0,-0.0005357125979,-0.001867097126,0.99714225,0.008264418538,7,7,0.0002117213861
2012-12-03,0.003601671471,0.00174735838,0.001854313092,1.854313092,-0.002691779721,0.006293451193,1.000878555,0.005875727068,7,7,-0.004923964551
2012-12-04,-0.001810421114,-0.001810421114,0,0,-0.0018275687,1.714758636e-05,1,0,7,7,-0.001414443701
2012-12-05,0.002150069916,0.002150069916,0,0,0.002722694147,-0.0005726242307,0.9999656426,-0.001813704683,7,7,0.001769959634
2012-12-06,0.0004458388738,0.0004458388738,0,0,0.001178250729,-0.0007324118552,1.001108508,0.000335643576,7,7,0.00339226353
2012-12-07,-7.773016033e-05,-7.773016033e-05,0,0,0.001220923146,-0.001298653306,1.002572185,0.0007811341898,7,7,0.003028691305
2012-12-10,0.0007035687358,0.0007035687358,0,0,0.001429971351,-0.0007264026148,1.005169893,0.0007034587095,7,7,0.0004210175894
2012-12-11,-0.002652905405,-0.002652905405,0,0,0.003774161348,-0.006427066753,1.006618042,0.001406038201,7,7,0.006808555372
2012-12-12,-0.001106349522,-0.001106349522,0,0,-0.001273965965,0.0001676164425,1.019523971,-0.001250183823,7,7,0.0004878738098
2012-12-13,0.0004797325083,0.0004797325083,0,0,-0.003422375902,0.003902108411,1.019209991,-0.002359143383,7,7,-0.006131820936
2012-12-14,0.001964696503,0.001964696503,0,0,-0.002161486101,0.004126182604,1.011400305,-0.001878509692,7,7,-0.003715615884
2012-12-17,-0.000935008155,-0.000935008155,0,0,0.005517467252,-0.006452475407,1.003141767,8.601781211e-05,7,7,0.01175170444
2012-12-18,0.000378592573,0.000378592573,0,0,0.007440233608,-0.007061641035,1.016061736,-0.0008497848987,7,7,0.01112919213
2012-12-19,-5.694933058e-05,-5.694933058e-05,0,0,-0.004574208001,0.00451725867,1.030173594,-0.0004710140033,7,7,-0.007429466886
2012-12-20,0.0009155970871,0.0009155970871,0,0,0.002518947497,-0.00160335041,1.021140281,-0.0005279934028,7,7,0.005752474937
2012-12-21,-0.002272950955,-0.002272950955,0,0,-0.005165601318,0.002892650364,1.02432471,0.0003872491201,7,7,-0.009077686564
2012-12-24,-0.006249893868,-0.006249893868,0,0,-0.003074882074,-0.003175011794,1.018581645,-0.001889997707,7,7,-0.003080998649
2012-12-26,0.006788728824,0.006788728824,0,0,-0.002334631831,0.009123360654,1.025088468,-0.008191084987,7,7,-0.004215156056
2012-12-27,0.001717440922,0.001717440922,0,0,0.000111568109,0.001605872813,1.006795614,-0.001392900141,7,7,-0.001340039586
2012-12-28,-0.001399317693,-0.001399317693,0,0,-0.006911835404,0.00551251771,1.003577723,0.0003239843565,7,7,-0.0108082
2012-12-31,-0.003978760526,-0.003978760526,0,0,0.00562144049,-0.009600201016,0.9925422523,-0.001076840178,7,7,0.01699630421
2013-01-02,-0.004415779413,-0.0060382242,0.001622444787,1.622444787,0.01034685875,-0.01476263816,1.011789562,-0.005075796081,7,7,0.02562992753
2013-01-03,-0.0007352866495,-0.0007352866495,0,0,-6.101946965e-05,-0.0006742671799,1,0,7,7,-0.002258900237
2013-01-04,-0.006551702848,-0.006551702848,0,0,-0.0002750337642,-0.006276669084,1.001349527,-0.0007358276938,7,7,0.004391566973
2013-01-07,-0.002193055426,-0.002193055426,0,0,-0.0006073355009,-0.001585719925,1.013994553,-0.007335591155,7,7,-0.002732794034
2013-01-08,0.002130635106,0.002130635106,0,0,-0.0009938615869,0.003124496692,1.017203722,-0.00954958936,7,7,-0.002877507404
2013-01-09,0.006717434493,0.006717434493,0,0,0.005043044017,0.001674390477,1.010931437,-0.007403180778,7,7,0.00254225452
2013-01-10,-0.003539724679,-0.003539724679,0,0,0.004691914119,-0.008231638798,1.00753206,-0.0006811705661,7,7,0.007949714159
2013-01-11,0.002129343618,0.002129343618,0,0,0.003519692235,-0.001390348617,1.024080576,-0.004235889126,7,7,-6.806189191e-05
2013-01-14,-0.004699071041,-0.004699071041,0,0,-0.00412740683,-0.0005716642105,1.026804198,-0.00210206948,7,7,-0.0006799466939
2013-01-15,-0.00492439184,-0.00492439184,0,0,-0.004751510867,-0.000172880973,1.028079474,-0.00683325045,7,7,0.0006804093359
2013-01-16,0.004215850409,0.004215850409,0,0,0.003103050466,0.001112799942,1.028565906,-0.01181582806,7,7,-0.0001359370804
2013-01-17,0.002384700027,0.002384700027,0,0,0.002555637495,-0.0001709374682,1.026229725,-0.00756807179,7,7,0.006460273798
2013-01-18,-0.003671041616,-0.003671041616,0,0,-0.0007975282811,-0.002873513335,1.026508386,-0.005171040383,7,7,0.002229873818
2013-01-22,0.002589246471,0.002589246471,0,0,0.003384268341,-0.00079502187,1.03237426,-0.00887466125,7,7,0.005393366248
2013-01-23,-0.004234490003,-0.004234490003,0,0,0.00144631212,-0.005680802123,1.033876589,-0.006269182321,7,7,0.001608840571
2013-01-24,-0.04256781592,-0.04256781592,0,0,-0.007165777737,-0.03540203819,1.045430568,-0.01054833916,7,7,0.0002678165886
2013-01-25,-0.02061791634,-0.02061791634,0,0,0.0007296723309,-0.02134758867,1.121402483,-0.05547772048,7,7,0.005622256724
2013-01-28,0.01077620707,0.01077620707,0,0,0.003738168821,0.00703803825,1.167552238,-0.07769759943,7,7,-0.001197604331
2013-01-29,-0.009445077444,-0.009445077444,0,0,-0.0008747281806,-0.008570349263,1.151839904,-0.06620792208,7,7,0.003931162155
2013-01-30,0.006227235398,0.006227235398,0,0,0.001927081037,0.004300154361,1.170591855,-0.07637436128,7,7,-0.003915768633
2013-01-31,0.002485990768,0.002485990768,0,0,-0.0003601583295,0.002846149097,1.16098903,-0.06971300658,7,7,-0.002465874724
2013-02-01,-0.01066354001,-0.01227878026,0.001615240248,1.615240248,-0.003473715566,-0.007189824443,1.154911623,-0.06706030451,7,7,0.0102871802
2013-02-04,-0.001132608517,-0.001132608517,0,0,-0.006379556121,0.005246947604,1,0,7,7,-0.01124032522
2013-02-05,0.002353122112,0.002353122112,0,0,0.007801593384,-0.005448471272,0.9894942058,-0.001133892774,7,7,0.01009761685
2013-02-06,-0.008631115348,-0.008631115348,0,0,-0.000196140965,-0.008434974383,1.00039023,0.001216367078,7,7,0.0007280496404
2013-02-07,0.00542595481,0.00542595481,0,0,0.001606460557,0.003819494253,1.01741045,-0.007479302997,7,7,-0.001322908026
2013-02-08,0.002965178884,0.002965178884,0,0,0.003224123579,-0.000258944695,1.009718729,-0.002042266939,7,7,0.005564719319
2013-02-11,0.002563657107,0.002563657107,0,0,-8.693088483e-05,0.002650587992,1.010206354,0.0009201834359,7,7,-0.0001979000946
2013-02-12,0.004112332908,0.004112332908,0,0,0.001382099119,0.002730233789,1.004892635,0.003474932009,7,7,0.001647890288
2013-02-13,-0.008663232088,-0.008663232088,0,0,-0.0008710069832,-0.007792225105,0.9994344933,0.007556191343,7,7,0.0008544719451
2013-02-14,-0.003155237751,-0.003155237751,0,0,0.001145594928,-0.004300832679,1.015150193,-0.001116715108,7,7,0.0009201046464
2013-02-15,0.0009857362908,0.0009857362908,0,0,-0.003293032893,0.004278769183,1.023827038,-0.00428547455,7,7,-0.001181687925
2013-02-19,-0.009766750639,-0.009766750639,0,0,0.002600003419,-0.01236675406,1.015254463,-0.003296488791,7,7,0.007494583049
2013-02-20,0.004934263106,0.004934263106,0,0,-0.006930581575,0.01186484468,1.040382376,-0.01319208322,7,7,-0.01246327068
2013-02-21,0.01152233595,0.01152233595,0,0,-0.002649707026,0.01417204297,1.016570921,-0.008217273919,7,7,-0.006079532686
2013-02-22,0.002132193118,0.002132193118,0,0,0.004089438524,-0.001957245406,0.9883609444,0.003267413788,7,7,0.00977272572
2013-02-25,0.0006821934027,0.0006821934027,0,0,-0.01002269331,0.01070488671,0.9922918705,0.005388118397,7,7,-0.01902669171
2013-02-26,0.002371701617,0.002371701617,0,0,0.005606885134,-0.003235183517,0.9709019476,0.006066173497,7,7,0.006845570113
2013-02-27,0.001592211909,0.001592211909,0,0,0.006611696105,-0.005019484196,0.9774258537,0.008417910342,7,7,0.01259828542
2013-02-28,-0.002363354762,-0.002363354762,0,0,-0.001130622723,-0.001232732039,0.9874847491,0.009994209351,7,7,-0.001974596181
2013-03-01,0.001004692215,-0.000610743665,0.00161543588,1.61543588,0.001254624723,-0.0002499325083,0.9899264057,0.007648931728,7,7,0.003297927321
2013-03-04,0.0004772209636,0.0004772209636,0,0,8.071911231e-05,0.0003965018513,1,0,8,8,0.005324960531
2013-03-05,-0.0008500847299,-0.0008500847299,0,0,0.004354628221,-0.005204712951,0.9992073746,0.0004769933324,8,8,0.008958641695
2013-03-06,0.0001358877972,0.0001358877972,0,0,0.001954634918,-0.00181874712,1.009624983,-0.0003734088267,8,8,0.001361388073
2013-03-07,0.001598805456,0.001598805456,0,0,0.003802049958,-0.002203244502,1.013260675,-0.0002374887576,8,8,0.001811907927
2013-03-08,-0.0007631023023,-0.0007631023023,0,0,0.0004301516997,-0.001193254002,1.017638963,0.001359143692,8,8,0.004264580119
2013-03-11,0.003086447291,0.003086447291,0,0,0.003748820662,-0.0006623733719,1.020040764,0.0005964965778,8,8,0.003795352337
2013-03-12,-0.004719352436,-0.004719352436,0,0,-0.004546028691,-0.0001733237451,1.02129977,0.003671611633,8,8,-0.002242938128
2013-03-13,-0.0055096176,-0.0055096176,0,0,-0.002064581802,-0.003445035799,1.021749059,-0.001052708908,8,8,0.001413287656
2013-03-14,-0.002573470603,-0.002573470603,0,0,-0.002185473115,-0.0003879974886,1.028797795,-0.006598682727,8,8,0.005323561218
2013-03-15,-0.001314318607,-0.001314318607,0,0,-0.003104061052,0.001789742444,1.029650094,-0.009195818499,8,8,-0.001320272207
2013-03-18,0.003672835316,0.003672835316,0,0,0.0005538512735,0.003118984043,1.026104919,-0.01052396895,8,8,-0.005518728501
2013-03-19,-0.0008036148367,-0.0008036148367,0,0,-0.002187105234,0.001383490398,1.01979425,-0.006826062634,8,8,-0.002322589198
2013-03-20,-0.002608320205,-0.002608320205,0,0,0.0002145944443,-0.002822914649,1.017040964,-0.007635813724,8,8,0.006985163911
2013-03-21,-0.001768836272,-0.001768836272,0,0,-0.005639834794,0.003870998522,1.022746122,-0.01027092379,8,8,-0.008542630525
2013-03-22,-0.001079057355,-0.001079057355,0,0,0.002718115329,-0.003797172685,1.015030712,-0.01206109416,8,8,0.008033046254
2013-03-25,-0.001260309721,-0.001260309721,0,0,-0.002809709744,0.001549400024,1.022649497,-0.01315434581,8,8,-0.004177588094
2013-03-26,-0.005814729241,-0.005814729241,0,0,0.002686766348,-0.008501495589,1.019575368,-0.01443284539,8,8,0.008003140641
2013-03-27,0.006767095576,0.006767095576,0,0,0.00381236162,0.002954733957,1.036792297,-0.02036599739,8,8,0
2013-03-28,-0.001459343989,-0.001459343989,0,0,-0.0008756097357,-0.0005837342536,1.030675247,-0.0135074953,8,8,0.003072472607
2013-04-01,0.01349730804,0.01219811177,0.00129919627,1.29919627,0.00944936483,0.004047943211,1.031889252,-0.01498871298,8,8,-0.003956937656
2013-04-02,0.0003068603166,0.0003068603166,0,0,0.00168190637,-0.001375046054,1,0,8,8,0.004933950038
2013-04-03,0.004892446915,0.004892446915,0,0,-0.00266403653,0.007556483445,1.002749248,0.0003067661822,8,8,-0.01013873604
2013-04-04,-0.004289091413,-0.004289091413,0,0,0.002017140159,-0.006306231572,0.9876964759,0.005173900066,8,8,0.004058462113
2013-04-05,0.00217977469,0.00217977469,0,0,-0.0007955595227,0.002975334213,1.00031027,0.0008886200257,8,8,-0.004490827344
2013-04-08,-0.005175925076,-0.005175925076,0,0,6.566458629e-05,-0.005241589662,0.9943718695,0.003061720855,8,8,0.006766782884
2013-04-09,0.004087518797,0.004087518797,0,0,0.003446431697,0.0006410871003,1.004880309,-0.002125204119,8,8,0.003457085593
2013-04-10,0.003103413531,0.003103413531,0,0,0.009360647103,-0.006257233572,1.003583487,0.001954326333,8,8,0.01224861057
2013-04-11,-0.00504413191,-0.00504413191,0,0,-0.0003622025861,-0.004681929324,1.01604815,0.005042092167,8,8,0.003277021457
2013-04-12,-0.002665836968,-0.002665836968,0,0,-0.004120045794,0.001454208826,1.02554084,-2.050083633e-06,8,8,-0.002449978578
2013-04-15,-0.00276056939,-0.00276056939,0,0,-0.01199210609,0.009231536704,1.022692918,-0.002675018214,8,8,-0.02317346424
2013-04-16,-0.004054676701,-0.004054676701,0,0,0.005374863162,-0.009429539863,1.004241554,-0.005450634459,8,8,0.01476314522
2013-04-17,-0.00657816796,-0.00657816796,0,0,-0.01137870974,0.004800541777,1.023194681,-0.009544009031,8,8,-0.01461198313
2013-04-18,-0.007500631264,-0.007500631264,0,0,-0.007668752681,0.0001681214168,1.01368361,-0.01622893364,8,8,-0.006253466603
2013-04-19,-0.004357156791,-0.004357156791,0,0,0.003886688052,-0.008243844843,1.013448238,-0.02390889672,8,8,0.008693253237
2013-04-22,-0.0009568176602,-0.0009568176602,0,0,0.00437733649,-0.00533415415,1.030066934,-0.02838975212,8,8,0.004438503365
2013-04-23,-0.002018884668,-0.002018884668,0,0,0.005236943895,-0.007255828563,1.040774255,-0.02937467599,8,8,0.01030868169
2013-04-24,0.002536876633,0.002536876633,0,0,0.003547986871,-0.001011110238,1.055397754,-0.03145706885,8,8,0.0006338351458
2013-04-25,-0.004221073582,-0.004221073582,0,0,0.00101294634,-0.005234019922,1.057274676,-0.02884701091,8,8,0.004053648244
2013-04-26,0.0008533084124,0.0008533084124,0,0,0.002310284936,-0.001456976524,1.068029875,-0.03320825899,8,8,-0.001766164033
2013-04-29,-0.0001231133575,-0.0001231133575,0,0,0.004999228925,-0.005122342283,1.070883343,-0.03232736537,8,8,0.006698479857
2013-04-30,0.004165215147,0.004165215147,0,0,0.005821704316,-0.001656489169,1.081138016,-0.03245447431,8,8,0.002385543649
2013-05-01,-0.001262748875,-0.002838109456,0.001575360581,1.575360581,-0.005680387633,0.004417638758,1.084100697,-0.02817191706,8,8,-0.008767925592
2013-05-02,0.002631430234,0.002631430234,0,0,0.007633390363,-0.005001960129,1,0,8,8,0.009287571923
2013-05-03,0.004311233205,0.004311233205,0,0,0.006986028415,-0.00267479521,1.009977665,0.002624523982,8,8,0.01014137454
2013-05-06,-8.68496567e-05,-8.68496567e-05,0,0,0.003066626537,-0.003153476193,1.015261459,0.00690598388,8,8,0.002540458741
2013-05-07,0.01125812213,0.01125812213,0,0,0.003501871298,0.007756250829,1.021570285,0.006819726514,8,8,0.005068870015
2013-05-08,0.003405585444,0.003405585444,0,0,0.003446262439,-4.067699544e-05,1.005990344,0.01787659179,8,8,0.004550728232
2013-05-09,-0.01662560048,-0.01662560048,0,0,0.002002385029,-0.01862798551,1.00605109,0.02120994495,8,8,-0.002816183893
2013-05-10,-0.01246569965,-0.01246569965,0,0,0.001188102148,-0.0136538018,1.04403924,0.004661850537,8,8,0.003253858893
2013-05-13,-0.01716565548,-0.01716565548,0,0,-0.001702314904,-0.01546334058,1.072247459,-0.007902357533,8,8,0.00079601813
2013-05-14,0.004607459939,0.004607459939,0,0,0.006080408572,-0.001472948632,1.104976124,-0.02550583743,8,8,0.01033380553
2013-05-15,-0.00565044888,-0.00565044888,0,0,0.0008686440072,-0.006519092887,1.107427055,-0.02080253066,8,8,0.005386177238
2013-05-16,-0.003751925653,-0.003751925653,0,0,-9.441797303e-05,-0.00365750768,1.121149792,-0.02660330013,8,8,-0.004695659584
2013-05-17,0.00198284485,0.00198284485,0,0,0.007016105965,-0.005033261114,1.128948613,-0.03046954525,8,8,0.009677659702
2013-05-20,0.004976247729,0.004976247729,0,0,0.0006444996711,0.004331748058,1.138740035,-0.02843032747,8,8,-6.073064698e-05
2013-05-21,0.003864652009,0.003864652009,0,0,0.0003475412906,0.003517110719,1.129432451,-0.02333794435,8,8,0.001438143225
2013-05-22,0.002137596183,0.002137596183,0,0,-0.005643652863,0.007781249046,1.121927024,-0.01939832457,8,8,-0.007417600022
2013-05-23,-0.006935064062,-0.006935064062,0,0,-0.002853007668,-0.004082056394,1.106137646,-0.01722391062,8,8,-0.002893043174
2013-05-24,-0.00402149334,-0.00402149334,0,0,-0.001861790263,-0.002159703077,1.115099985,-0.02432768876,8,8,-0.0008457466746
2013-05-28,-0.01376666731,-0.01376666731,0,0,0.0004170344663,-0.01418370178,1.119901574,-0.02846364848,8,8,0.005988534627
2013-05-29,0.009280908302,0.009280908302,0,0,-0.002869856887,0.01215076519,1.15033864,-0.04281980175,8,8,-0.006494318406
2013-05-30,0.003057868176,0.003057868176,0,0,0.008751260485,-0.00569339231,1.124878127,-0.03323048437,8,8,0.003692078628
2013-05-31,0.008329530179,0.008329530179,0,0,-0.005750892643,0.01408042282,1.135849502,-0.03008063358,8,8,-0.01435235711
2013-06-03,0.00375289858,0.001780125161,0.001972773419,1.972773419,-0.0005764602533,0.004329358833,1.10679907,-0.02157142358,8,8,0.005506630614
2013-06-04,0.003075267171,0.003075267171,0,0,0.002233468164,0.0008417990071,1,0,8,8,-0.004806638065
2013-06-05,-0.0005797859902,-0.0005797859902,0,0,-0.007052715756,0.006472929766,0.9983215636,0.003065838897,8,8,-0.0140012769
2013-06-06,-0.00135733493,-0.00135733493,0,0,0.003709031165,-0.005066366095,0.9853672202,0.002487495122,8,8,0.009053279066
2013-06-07,-0.004817485847,-0.004817485847,0,0,0.006384435317,-0.01120192116,0.995493836,0.001131696282,8,8,0.01272074247
2013-06-10,0.004807229083,0.004807229083,0,0,0.002692656609,0.002114572474,1.017984318,-0.003703631758,8,8,0
2013-06-11,0.006348415985,0.006348415985,0,0,-0.004223379067,0.01057179505,1.013689365,0.001098317461,8,8,-0.01031573662
2013-06-12,-0.00211363134,-0.00211363134,0,0,-0.003822390785,0.001708759446,0.9925927986,0.007399756712,8,8,-0.008277315581
2013-06-13,-0.003559062009,-0.003559062009,0,0,0.004419378037,-0.007978440046,0.9891523518,0.005297321958,8,8,0.01520884039
2013-06-14,0.002573071694,0.002573071694,0,0,-0.0008302626791,0.003403334373,1.005127481,0.001744468621,8,8,-0.006272583268
2013-06-17,-0.003815970136,-0.003815970136,0,0,0.003224939191,-0.007040909327,0.9983251217,0.004306459486,8,8,0.00772147364
2013-06-18,-0.0002017409724,-0.0002017409724,0,0,0.004193093816,-0.004394834789,1.012454466,0.0004923682127,8,8,0.007905551696
2013-06-19,0.003131494298,0.003131494298,0,0,-0.001251109116,0.004382603414,1.021248422,0.0002906858836,8,8,-0.01381700567
2013-06-20,-0.0003256497867,-0.0003256497867,0,0,-0.01297234245,0.01264669266,1.012444247,0.003411497098,8,8,-0.02477814079
2013-06-21,0.007286399876,0.007286399876,0,0,0.005757270667,0.001529129209,0.9871466756,0.003086852544,8,8,0.003210531378
2013-06-24,0.001937198556,0.001937198556,0,0,-0.005617338118,0.007554536674,0.9842035167,0.0102982155,8,8,-0.01263642705
2013-06-25,-0.001864449621,-0.001864449621,0,0,0.004647626826,-0.006512076446,0.9691541977,0.01221175746,8,8,0.009614725844
2013-06-26,0.0003048822789,0.0003048822789,0,0,0.005914469368,-0.005609587089,0.982145061,0.01036663591,8,8,0.009900621784
2013-06-27,-0.005568433655,-0.005568433655,0,0,0.002552593111,-0.008121026766,0.9933662577,0.01066826562,8,8,0.005869980659
2013-06-28,0.001283180736,0.001283180736,0,0,-0.003314832468,0.004598013204,1.009662114,0.005128389063,8,8,-0.004097328473
2013-07-01,-0.008002375184,-0.009650406352,0.001648031169,1.648031169,0.0007819150876,-0.008784290271,1.00046549,0.00640335314,8,8,0.005859378475
2013-07-02,0.003181531599,0.003181531599,0,0,0.002631170978,0.0005503606201,1,0,8,8,-0.0009296007009
2013-07-03,0.0006304875419,0.0006304875419,0,0,0.001294872873,-0.0006643853311,0.9989027696,0.003171441557,8,8,0.0004347209229
2013-07-05,-0.0001110670422,-0.0001110670422,0,0,0.00536896619,-0.005480033232,1.000231394,0.00379953354,8,8,0.01078838125
2013-07-08,-0.0006256258028,-0.0006256258028,0,0,0.002803925531,-0.003429551334,1.011192704,0.003688876211,8,8,0.005704647654
2013-07-09,0.002455107671,0.002455107671,0,0,0.005880817855,-0.003425710185,1.018063107,0.003065168056,8,8,0.007197341534
2013-07-10,0.001219086989,0.001219086989,0,0,0.0008661506782,0.0003529363113,1.02485351,0.005506756048,8,8,0.0003634431502
2013-07-11,0.00107842713,0.00107842713,0,0,0.008779354529,-0.007700927399,1.024118235,0.006717653633,8,8,0.013620826
2013-07-12,0.002178529849,0.002178529849,0,0,0.004414128152,-0.002235598303,1.039477516,0.007787682315,8,8,0.000417864129
2013-07-15,0.00210889351,0.00210889351,0,0,0.002322584644,-0.000213691134,1.043853177,0.00994454767,8,8,0.003820888524
2013-07-16,0.01020727877,0.01020727877,0,0,-0.002620356754,0.01282763552,1.044187373,0.01202807525,8,8,-0.003747047582
2013-07-17,-0.001306470459,-0.001306470459,0,0,0.005381283204,-0.006687753663,1.018344851,0.02201068482,8,8,0.002567326146
2013-07-18,-0.0003382519931,-0.0003382519931,0,0,0.004453939951,-0.004792191944,1.031761854,0.0207312992,8,8,0.005477937903
2013-07-19,0.000598473944,0.000598473944,0,0,0.001190516794,-0.0005920428499,1.041360228,0.02039994753,8,8,0.001776405281
2013-07-22,0.002849896825,0.002849896825,0,0,0.0030366638,-0.0001867669743,1.042518868,0.02098586198,8,8,0.001950524547
2013-07-23,-0.0006128590206,-0.0006128590206,0,0,-0.0008881128928,0.0002752538721,1.04277051,0.02376802239,8,8,-0.002124212906
2013-07-24,0.003146122236,0.003146122236,0,0,-0.000257732301,0.003403854537,1.042245893,0.02316936292,8,8,-0.003665379361
2013-07-25,0.001635108423,0.001635108423,0,0,0.004363286542,-0.002728178119,1.035327041,0.02623295308,8,8,0.002433192224
2013-07-26,-0.002633720479,-0.002633720479,0,0,0.001024474209,-0.003658194689,1.040716821,0.02782256859,8,8,0.001065464749
2013-07-29,-0.003492542518,-0.003492542518,0,0,-0.001880655099,-0.001611887419,1.04816005,0.02525536368,8,8,-0.003075070818
2013-07-30,0.001133469223,0.001133469223,0,0,0.000874168384,0.0002593008388,1.051563914,0.02183909513,8,8,0
2013-07-31,8.858750452e-05,8.858750452e-05,0,0,0.00120609928,-0.001117511775,1.05098752,0.02294655514,8,8,0.0007120810894
2013-08-01,-0.0007674834515,-0.002587198662,0.00181971521,1.81971521,0.007454454744,-0.008221938195,1.053217829,0.0230331022,8,8,0.01155798023
2013-08-02,-0.002360321417,-0.002360321417,0,0,0.0001947899916,-0.002555111409,1,0,8,8,0.001699460046
2013-08-05,-0.007378263329,-0.007378263329,0,0,-0.001487064706,-0.005891198623,1.005122313,-0.002365905715,8,8,-0.001462493264
2013-08-06,0.001814100807,0.001814100807,0,0,-0.002173858092,0.003987958899,1.017030365,-0.009816598493,8,8,-0.005682526285
2013-08-07,0.005877046827,0.005877046827,0,0,1.316430735e-05,0.005863882519,1.009038051,-0.007988006636,8,8,-0.003240747021
2013-08-08,-0.005473907417,-0.005473907417,0,0,0.003899710118,-0.009373617535,0.9973260013,-0.002098626086,8,8,0.003665187635
2013-08-09,9.149580974e-05,9.149580974e-05,0,0,-0.002074930318,0.002166426128,1.016161704,-0.007614213,8,8,-0.002885739141
2013-08-12,0.003626414176,0.003626414176,0,0,0.001893334524,0.001733079652,1.01182777,-0.007522028956,8,8,-0.001181305102
2013-08-13,-0.001630435377,-0.001630435377,0,0,-0.0004721793752,-0.001158256002,1.008331397,-0.003881538713,8,8,0.002956586805
2013-08-14,0.0008274327882,0.0008274327882,0,0,-0.003335929508,0.004163362297,1.010665298,-0.005520975684,8,8,-0.005129493285
2013-08-15,0.0007666243837,0.0007666243837,0,0,-0.006400901585,0.007167525968,1.00233664,-0.004689662516,8,8,-0.01398617407
2013-08-16,-0.003337279582,-0.003337279582,0,0,-0.0002900129555,-0.003047266626,0.9880107796,-0.003920032939,8,8,-0.003305541457
2013-08-19,-0.003375852824,-0.003375852824,0,0,-0.001730121613,-0.00164573121,0.9940855748,-0.0072816133,8,8,-0.006392271442
2013-08-20,-0.001901511154,-0.001901511154,0,0,0.001014518229,-0.002916029383,0.9973681524,-0.01069356603,8,8,0.004916163646
2013-08-21,6.021005792e-05,6.021005792e-05,0,0,-0.002447564448,0.002507774506,1.003206308,-0.01261907249,8,8,-0.006160362253
2013-08-22,-0.003881720981,-0.003881720981,0,0,0.00408364231,-0.007965363291,0.998190868,-0.01255810631,8,8,0.009115470294
2013-08-23,-0.001864617884,-0.001864617884,0,0,0.00462517653,-0.006489794414,1.014176624,-0.01650389079,8,8,0.003372068733
2013-08-26,-0.003169823986,-0.003169823986,0,0,-0.0009962900969,-0.002173533889,1.027206944,-0.0184028229,8,8,-0.003721043372
2013-08-27,0.002952621445,0.002952621445,0,0,-0.007876527983,0.01082914943,1.03165435,-0.02164124583,8,8,-0.01608433083
2013-08-28,0.001081232318,0.001081232318,0,0,0.003207698771,-0.002126466453,1.009966624,-0.0186336064,8,8,0.003551109307
2013-08-29,-0.00179694392,-0.00179694392,0,0,0.002299430224,-0.004096374145,1.014204198,-0.01753341638,8,8,0.001586371761
2013-08-30,-0.009819559271,-0.009819559271,0,0,-0.002201579815,-0.007617979456,1.022437265,-0.01936515841,8,8,-0.003167370623
2013-09-03,-0.005904876909,-0.007450873213,0.001545996304,1.545996304,-0.00206593964,-0.003838937269,1.038046827,-0.02947414075,8,8,0.004521684855
2013-09-04,0.002672151444,0.002672151444,0,0,0.00445971538,-0.001787563937,1,0,8,8,0.008273430177
2013-09-05,-0.001150534724,-0.001150534724,0,0,-0.0002482547023,-0.0009022800217,1.0035656,0.00266503008,8,8,0.001266833037
2013-09-06,0.001121723173,0.001121723173,0,0,0.0006086901085,0.0005130330641,1.005376346,0.001516239842,8,8,0.0004820142969
2013-09-09,0.001704086718,0.001704086718,0,0,0.004414006622,-0.002709919904,1.004345405,0.002635007266,8,8,0.009575590564
2013-09-10,-0.002173926332,-0.002173926332,0,0,0.007111471356,-0.009285397688,1.009748633,0.004331712371,8,8,0.007397815062
2013-09-11,0.002062108273,0.002062108273,0,0,-0.0003693841041,0.002431492377,1.028381126,0.002162487127,8,8,0.003138034296
2013-09-12,0.0001014066338,0.0001014066338,0,0,-0.00105601471,0.001157421344,1.023469745,0.004215901753,8,8,-0.002656328612
2013-09-13,0.001882922742,0.001882922742,0,0,0.001993190036,-0.0001102672934,1.021152757,0.004316870628,8,8,0.002249499232
2013-09-16,0.008921068461,0.008921068461,0,0,0.004080284576,0.004840783885,1.021333123,0.006188141578,8,8,0.005786935328
2013-09-17,-0.004428373527,-0.004428373527,0,0,0.001805264243,-0.00623363777,1.01154853,0.01497561158,8,8,0.004462737987
2013-09-18,-4.385633178e-06,-4.385633178e-06,0,0,0.008455304214,-0.008459689847,1.024122629,0.01059415292,8,8,0.01157450304
2013-09-19,-0.009210574469,-0.009210574469,0,0,-0.001592437654,-0.007618136815,1.041042189,0.01058981373,8,8,-0.001676098178
2013-09-20,-0.006164071958,-0.006164071958,0,0,-0.002330387274,-0.003833684684,1.056801638,0.001392060944,8,8,-0.006991226987
2013-09-23,-0.00452525081,-0.00452525081,0,0,-0.006243073958,0.001717823148,1.064868864,-0.004801608475,8,8,-0.004627524743
2013-09-24,-0.007212715377,-0.007212715377,0,0,-0.003777222527,-0.00343549285,1.061712482,-0.009369257525,8,8,-0.002353937792
2013-09-25,-0.002133847169,-0.002133847169,0,0,-5.282635796e-05,-0.002081020811,1.069081735,-0.01670244287,8,8,-0.002890388734
2013-09-26,-0.00506681291,-0.00506681291,0,0,0.001139678728,-0.006206491638,1.073400402,-0.01887656975,8,8,0.003844896626
2013-09-27,-0.004900603182,-0.004900603182,0,0,-0.003258928811,-0.001641674371,1.0862504,-0.02406531712,8,8,-0.004596471842
2013-09-30,-0.0004152641554,-0.0004152641554,0,0,-0.002626732374,0.002211468218,1.089974679,-0.02910856985,8,8,-0.005328681033
2013-10-01,-0.003926097275,-0.005276335419,0.001350238144,1.350238144,0.003202560586,-0.007128657861,1.085587283,-0.02953609929,8,8,0.007916709824
2013-10-02,0.006951142452,0.006951142452,0,0,0.001898412248,0.005052730204,1,0,8,8,-0.0009446769111
2013-10-03,0.005511128052,0.005511128052,0,0,-0.003267889306,0.008779017358,0.9899642992,0.00690315762,8,8,-0.009221211933
2013-10-04,-0.007551671961,-0.007551671961,0,0,0.001525682414,-0.009077354376,0.9725575036,0.01234624394,8,8,0.007576785432
2013-10-07,0.001632135373,0.001632135373,0,0,-0.003436128313,0.005068263685,0.9906415403,0.004831054518,8,8,-0.008644826491
2013-10-08,0.01149310762,0.01149310762,0,0,-0.002660794845,0.01415390247,0.9805367795,0.006452658279,8,8,-0.01164651426
2013-10-09,0.00579039297,0.00579039297,0,0,0.001516159112,0.004274233858,0.9527717737,0.01774185683,8,8,0.0007252632369
2013-10-10,-0.006252860682,-0.006252860682,0,0,0.009319470925,-0.01557233161,0.9445444156,0.02339677329,8,8,0.02155757067
2013-10-11,0.0003759915583,0.0003759915583,0,0,0.003252313623,-0.002876322065,0.9755361095,0.01725178562,8,8,0.006443535533
2013-10-14,-0.001634708581,-0.001634708581,0,0,0.00238201991,-0.004016728491,0.9812957863,0.01762115177,8,8,0.003993849627
2013-10-15,-0.0008789064513,-0.0008789064513,0,0,-0.003377009958,0.002498103507,0.9893117711,0.01601261916,8,8,-0.007253937668
2013-10-16,-0.002606310929,-0.002606310929,0,0,0.005105895604,-0.007712206533,0.9843017668,0.01514702552,8,8,0.01396601914
2013-10-17,-0.003997590378,-0.003997590378,0,0,-0.0002926638135,-0.003704926564,0.9997254644,0.01257348501,8,8,0.00668301839
2013-10-18,-0.011584612,-0.011584612,0,0,-0.0007905534145,-0.01079405858,1.007163956,0.008610315143,8,8,0.006754201084
2013-10-21,0.001911188006,0.001911188006,0,0,0.0001948102977,0.001716377708,1.029089059,-0.003009156766,8,8,5.787549168e-05
2013-10-22,0.00283541895,0.00283541895,0,0,0.001526572133,0.001308846817,1.025607363,-0.001095874338,8,8,0.005791014465
2013-10-23,0.0008054733878,0.0008054733878,0,0,-0.003810376185,0.004615849573,1.022924668,0.00173462622,8,8,-0.004788685838
2013-10-24,-0.006223707515,-0.006223707515,0,0,0.0009876500725,-0.007211357588,1.013681949,0.002538055272,8,8,0.003321967594
2013-10-25,-0.002193853607,-0.002193853607,0,0,0.00342425706,-0.005618110666,1.028280674,-0.003708734321,8,8,0.004567569113
2013-10-28,0.007932285552,0.007932285552,0,0,0.00037554561,0.007556739942,1.039603781,-0.005915565813,8,8,0.001591724839
2013-10-29,-0.0006796676219,-0.0006796676219,0,0,0.001696031577,-0.002375699199,1.024297565,0.002000848438,8,8,0.005333850816
2013-10-30,0.005265776048,0.005265776048,0,0,-0.0003793643868,0.005645140435,1.029068721,0.00132207939,8,8,-0.004966954129
2013-10-31,-0.006331301756,-0.006331301756,0,0,-0.002292062519,-0.004039239238,1.017685313,0.006553346981,8,8,-0.002836054401
2013-11-01,0.002643790478,0.00110498521,0.001538805268,1.538805268,0.003573218461,-0.0009294279835,1.025927949,0.000223460017,8,8,0.002388682031
2013-11-04,0.003707237534,0.003707237534,0,0,0.00528519542,-0.001577957886,1,0,8,8,0.003518980151
2013-11-05,0.00205652377,0.00205652377,0,0,0.001999671778,5.685199219e-05,1.003144259,0.003693544687,8,8,-0.003167070435
2013-11-06,-0.00665160813,-0.00665160813,0,0,-0.00611119736,-0.0005404107701,1.003024336,0.005738267574,8,8,0.005105864315
2013-11-07,-0.001632069751,-0.001632069751,0,0,-0.009830747897,0.008198678146,1.004132646,-0.0009194564206,8,8,-0.01264343774
2013-11-08,0.005495668171,0.005495668171,0,0,0.01155378458,-0.006058116413,0.9877152401,-0.002555697248,8,8,0.01349120832
2013-11-11,0.004742130937,0.004742130937,0,0,0.003912360814,0.0008297701232,0.999832394,0.002923902127,8,8,0.0001693978781
2013-11-12,-0.00165675631,-0.00165675631,0,0,-0.002944073091,0.001287316781,0.9981814774,0.007629851311,8,8,-0.002030294445
2013-11-13,-0.0008001531951,-0.0008001531951,0,0,0.003995719558,-0.004795872753,0.9955995534,0.005983007386,8,8,0.008024271849
2013-11-14,-0.01042947218,-0.01042947218,0,0,-0.004398108081,-0.0060313641,1.005195456,0.005187004589,8,8,0.004989525097
2013-11-15,0.0008851662931,0.0008851662931,0,0,0.002378086392,-0.001492920099,1.017440075,-0.005297720015,8,8,0.004350840175
2013-11-18,-0.00761608592,-0.00761608592,0,0,-0.008140766929,0.0005246810084,1.020407851,-0.004408651332,8,8,-0.003499038264
2013-11-19,0.003450463581,0.003450463581,0,0,0.001524209896,0.001926253685,1.019507056,-0.01211702153,8,8,-0.00217381278
2013-11-20,0.001608848222,0.001608848222,0,0,-0.002663784653,0.004272632874,1.015600719,-0.008636757132,8,8,-0.003127835963
2013-11-21,0.001277253856,0.001277253856,0,0,0.006930027435,-0.005652773579,1.007044121,-0.007016620234,8,8,0.008068743098
2013-11-22,-0.001748765495,-0.001748765495,0,0,0.0007461412272,-0.002494906722,1.01832626,-0.005732045101,8,8,0.005002665527
2013-11-25,0.001784029888,0.001784029888,0,0,0.002463286238,-0.0006792563499,1.02335692,-0.007493915697,8,8,-0.0009956574172
2013-11-26,-0.004065257123,-0.004065257123,0,0,0.0003970709434,-0.004462328066,1.024671418,-0.005699717342,8,8,0.0002767597886
2013-11-27,0.0008384391373,0.0008384391373,0,0,0.004701088339,-0.003862649202,1.033733208,-0.009804833635,8,8,0.002435231499
2013-11-29,-0.00125286817,-0.00125286817,0,0,0.0001034953165,-0.001356363487,1.041423775,-0.00895888302,8,8,-0.0006623220016
2013-12-02,0.0002755588587,-0.001300357582,0.001575916441,1.575916441,-0.00154320197,0.001818760828,1.044191869,-0.01022456122,8,8,-0.002596955861
2013-12-03,0.01285176044,0.01285176044,0,0,0.01117761591,0.001674144534,1,0,8,8,-0.004320788749
2013-12-04,-0.001301341052,-0.001301341052,0,0,-0.001001056999,-0.0003002840533,0.9966941963,0.01268868845,8,8,-0.000111140573
2013-12-05,0.003871647175,0.003871647175,0,0,-0.0008814679138,0.004753115089,0.9972912394,0.01140218553,8,8,-0.004395334401
2013-12-06,0.002419302577,0.002419302577,0,0,0.003993925953,-0.001574623375,0.987832119,0.01521492588,8,8,0.01117674511
2013-12-09,8.604320386e-05,8.604320386e-05,0,0,0.002197930986,-0.002111887782,0.9910031319,0.01759166889,8,8,0.002542456161
2013-12-10,0.0007328355759,0.0007328355759,0,0,0.001624364603,-0.0008915290272,0.9952273181,0.01767619118,8,8,-0.00358312714
2013-12-11,-0.002111060919,-0.002111060919,0,0,-0.008162148504,0.006051087585,0.9970125654,0.01839554585,8,8,-0.01123118654
2013-12-12,0.005767018924,0.005767018924,0,0,0.005567949067,0.0001990698575,0.9848784678,0.01631893519,8,8,-0.003301091291
2013-12-13,0.005097833196,0.005097833196,0,0,0.002524006462,0.002573826733,0.9845693171,0.02195931434,8,8,-0.0001122576057
2013-12-16,0.003568982465,0.003568982465,0,0,0.005134550889,-0.001565568423,0.9795260365,0.0269199143,8,8,0.006232059758
2013-12-17,0.005735925953,0.005735925953,0,0,0.004620389517,0.001115536435,0.9827188495,0.0303804694,8,8,-0.003180412018
2013-12-18,-0.003669571255,-0.003669571255,0,0,0.003585996811,-0.007255568066,0.980599059,0.03591041587,8,8,0.01707263507
2013-12-19,-0.005791895636,-0.005791895636,0,0,-0.006944250343,0.001152354708,0.9950921855,0.03235959044,8,8,-0.001156275266
2013-12-20,0.001220269312,0.001220269312,0,0,0.004861831378,-0.003641562066,0.9927454586,0.02672246855,8,8,0.005817283158
2013-12-23,0.0009376776381,0.0009376776381,0,0,0.005701669465,-0.004763991827,1.000028548,0.02790868175,8,8,0.005342565025
2013-12-24,0.005453770201,0.005453770201,0,0,0.004902141725,0.0005516284765,1.009547579,0.02881933614,8,8,0.002190962943
2013-12-26,0.001379560772,0.001379560772,0,0,0.002808088702,-0.00142852793,1.008398518,0.03408720258,8,8,0.005084185785
2013-12-27,-0.00179011277,-0.00179011277,0,0,-0.005006333555,0.003216220785,1.011240068,0.0354179022,8,8,-5.418835524e-05
2013-12-30,0.002156021401,0.002156021401,0,0,0.0002909308335,0.001865090568,1.004816248,0.03368809492,8,8,-0.0001634958444
2013-12-31,-0.001542043342,-0.001542043342,0,0,0.001617769936,-0.003159813278,1.00108373,0.0357670019,8,8,0.004732933611
2014-01-02,-0.003296198858,-0.005184383373,0.001888184516,1.888184516,-0.004689892977,0.001393694119,1.007414791,0.03427781643,8,8,-0.009583621328
2014-01-03,0.001717016171,0.001717016171,0,0,0.00146109368,0.0002559224907,1,0,8,8,-0.0001640182473
2014-01-06,0.002131012611,0.002131012611,0,0,0.0001476223396,0.001983390272,0.9994890324,0.00171407308,8,8,-0.002898131049
2014-01-07,-0.001262135754,-0.001262135754,0,0,0.003379807711,-0.004641943466,0.9955317737,0.003836909189,8,8,0.00614215317
2014-01-08,-0.003372113715,-0.003372113715,0,0,-0.002632805033,-0.0007393086821,1.004821746,0.002578027255,8,8,0.0002177155368
2014-01-09,0.003709596799,0.003709596799,0,0,0.0007772992582,0.002932297541,1.006321681,-0.0007967732698,8,8,0.0006540306938
2014-01-10,-0.001984730011,-0.001984730011,0,0,-2.69657986e-05,-0.001957764212,1.000455397,0.002902058064,8,8,0.002723021971
2014-01-13,0.004457906821,0.004457906821,0,0,-0.006102687005,0.01056059383,1.004379617,0.0009191523223,8,8,-0.01330566328
2014-01-14,-0.01244296945,-0.01244296945,0,0,0.005290995809,-0.01773396526,0.9833327309,0.005353195098,8,8,0.01089817958
2014-01-15,-0.00029390654,-0.00029390654,0,0,0.003453526822,-0.003747433362,1.019037545,-0.007179103725,8,8,0.005389985951
2014-01-16,-0.002347381706,-0.002347381706,0,0,-0.001331481957,-0.001015899749,1.026540212,-0.007475207277,8,8,-0.001299679756
2014-01-17,-0.00109508194,-0.00109508194,0,0,-0.002800782741,0.001705700801,1.028639239,-0.009845700601,8,8,-0.004229583802
2014-01-21,-0.003846005184,-0.003846005184,0,0,0.0004067803751,-0.004252785559,1.025255494,-0.01095277673,8,8,0.002940342733
2014-01-22,0.0004182308898,0.0004182308898,0,0,-0.0001969120228,0.0006151429126,1.033891412,-0.01485591785,8,8,0.000651482519
2014-01-23,-0.001547780681,-0.001547780681,0,0,-0.004457241871,0.00290946119,1.032647472,-0.0144316512,8,8,-0.008193259385
2014-01-24,0.009762045877,0.009762045877,0,0,-0.005365278015,0.01512732389,1.026870138,-0.01600420287,8,8,-0.02133558444
2014-01-27,-0.002038268267,-0.002038268267,0,0,-0.004148504515,0.002110236248,0.996648211,-0.006181809885,8,8,-0.004919481873
2014-01-28,-0.004547168672,-0.004547168672,0,0,0.005169265766,-0.009716434438,0.9924122726,-0.008236867097,8,8,0.005955162659
2014-01-29,0.002624628148,0.002624628148,0,0,-0.004605314419,0.007229942567,1.011899249,-0.01284243248,8,8,-0.009605679141
2014-01-30,-0.01362791953,-0.01362791953,0,0,0.003717924741,-0.01734584427,0.9974460674,-0.01019105659,8,8,0.01060044366
2014-01-31,-0.001937804387,-0.001937804387,0,0,-0.002186615252,0.0002488108645,1.032581778,-0.024148064,8,8,-0.005857462801
2014-02-03,0.004076116691,0.002438031557,0.001638085134,1.638085134,-0.009490078534,0.01356619522,1.03214645,-0.02613651584,8,8,-0.02250571181
2014-02-04,-0.004987443777,-0.004987443777,0,0,0.001010320688,-0.005997764465,1,0,8,8,0.007004842045
2014-02-05,0.0003701238258,0.0003701238258,0,0,-0.001283830983,0.001653954808,1.012055656,-0.005012443055,8,8,-0.00125465435
2014-02-06,0.001665236242,0.001665236242,0,0,0.006276244702,-0.004611008459,1.00874451,-0.004640601632,8,8,0.01318687203
2014-02-07,-0.005362691405,-0.005362691405,0,0,0.00622381851,-0.01158650992,1.017936658,-0.00297041894,8,8,0.01239593824
2014-02-10,-0.001821387755,-0.001821387755,0,0,0.0004937154886,-0.002315103244,1.041331325,-0.008378039184,8,8,0.001836734116
2014-02-11,0.001537730765,0.001537730765,0,0,0.006657403278,-0.005119672514,1.046045398,-0.01021803795,8,8,0.0109439113
2014-02-12,-0.0009745534573,-0.0009745534573,0,0,-0.003757366139,0.002782812682,1.056198325,-0.008666979702,8,8,0.0004945962846
2014-02-13,-0.004238591103,-0.004238591103,0,0,0.004529172946,-0.008767764049,1.050682092,-0.009650938515,8,8,0.00516271249
2014-02-14,0.005125573978,0.005125573978,0,0,0.004530415795,0.0005951581835,1.068507997,-0.01394865225,8,8,0.005519025505
2014-02-18,-0.007081882234,-0.007081882234,0,0,-0.003787064519,-0.003294817715,1.066974399,-0.008778085546,8,8,0.001195098469
2014-02-19,0.003025035994,0.003025035994,0,0,-0.004874338535,0.007899374529,1.074088722,-0.0159730873,8,8,-0.006621572167
2014-02-20,-0.007035779081,-0.007035779081,0,0,0.002888107675,-0.009923886755,1.058114175,-0.01290900112,8,8,0.005900915294
2014-02-21,-0.002761956829,-0.002761956829,0,0,-0.003480840623,0.0007188837937,1.078514359,-0.02008610157,8,8,-0.001140768664
2014-02-24,-0.002967835553,-0.002967835553,0,0,0.005968124969,-0.008935960522,1.077290063,-0.02291133853,8,8,0.005546589932
2014-02-25,-0.01030868398,-0.01030868398,0,0,-0.0003607384861,-0.009947945489,1.09544525,-0.02595620784,8,8,-0.0003785906142
2014-02-26,-0.001593103129,-0.001593103129,0,0,-0.0008842786936,-0.0007088244357,1.116542541,-0.0366426291,8,8,5.481810375e-05
2014-02-27,-0.0006523992466,-0.0006523992466,0,0,0.003297907759,-0.003950307006,1.118148412,-0.03829674289,8,8,0.005247170247
2014-02-28,0.008841040874,0.008841040874,0,0,0.001111889503,0.007729151372,1.126131314,-0.03897456911,8,8,0.002529313379
2014-03-03,0.001351187459,0.0002478642089,0.00110332325,1.10332325,-0.001768943798,0.003120131257,1.109703122,-0.0298694512,8,8,-0.007032464692
2014-03-04,-0.002500455238,-0.002500455238,0,0,0.006538372414,-0.009038827652,1,0,8,8,0.01405600594
2014-03-05,-0.0003984990224,-0.0003984990224,0,0,0.00291340871,-0.003311907732,1.018122971,-0.002506723188,8,8,0.0009061460599
2014-03-06,0.00164839688,0.00164839688,0,0,0.0009060159617,0.0007423809187,1.024756652,-0.0029063804,8,8,0.002290348636
2014-03-07,0.005507283435,0.005507283435,0,0,8.032778306e-05,0.005426955652,1.023233592,-0.001255913276,8,8,0.0004253564487
2014-03-10,0.002547241405,0.002547241405,0,0,-6.368017849e-05,0.002610921584,1.012311876,0.004228084898,8,8,-0.0005312193936
2014-03-11,0.004139531517,0.004139531517,0,0,-0.001090689625,0.005230221142,1.007072018,0.006758111761,8,8,-0.00494296616
2014-03-12,-0.003915069553,-0.003915069553,0,0,0.0009228472953,-0.004837916848,0.9966255447,0.01085271811,8,8,0.0002671715834
2014-03-13,0.004503424589,0.004503424589,0,0,-0.004649618321,0.00915304291,1.006326146,0.00696491669,8,8,-0.01121297994
2014-03-14,0.001913150178,0.001913150178,0,0,-0.001914418917,0.003827569095,0.9880737688,0.01141692601,8,8,-0.002808082273
2014-03-17,-0.0002589797158,-0.0002589797158,0,0,0.004803783983,-0.005062763699,0.9804560211,0.01330462245,8,8,0.009043702713
2014-03-18,-0.003967653376,-0.003967653376,0,0,0.001459460807,-0.005427114182,0.9905791087,0.01304902217,8,8,0.007137894235
2014-03-19,0.0001895086704,0.0001895086704,0,0,-0.002642063668,0.002831572338,1.001439047,0.009117544046,8,8,-0.005328977926
2014-03-20,0.003256681847,0.003256681847,0,0,0.004284556544,-0.001027874697,0.9957767024,0.009305289283,8,8,0.005839421067
2014-03-21,0.004570954454,0.004570954454,0,0,-0.003022997661,0.007593952116,0.9978394879,0.01252119359,8,8,-0.003878405279
2014-03-24,0.01184234457,0.01184234457,0,0,-0.001602227846,0.01344457242,0.9827305217,0.0170143761,8,8,-0.004135496784
2014-03-25,0.002725483374,0.002725483374,0,0,0.00382953678,-0.001104053406,0.9563581981,0.02851898898,8,8,0.004745850945
2014-03-26,0.009820783154,0.009820783154,0,0,-0.002155836341,0.01197661949,0.9586789248,0.03115954752,8,8,-0.007192236788
2014-03-27,0.0007264193419,0.0007264193419,0,0,-0.002444466143,0.003170885485,0.9353604964,0.04058178576,8,8,-0.002108463567
2014-03-28,-0.0001337403147,-0.0001337403147,0,0,0.002149334521,-0.002283074836,0.9290702501,0.0412782198,8,8,0.004929838588
2014-03-31,0.001769465979,0.001769465979,0,0,0.001734601007,3.486497258e-05,0.9336275231,0.0411499829,8,8,0.008194590153
2014-04-01,-0.006424305543,-0.008140297285,0.001715991743,1.715991743,0.004775268994,-0.01119957454,0.9336751527,0.04284363852,8,8,0.006630790285
2014-04-02,0.00288980847,0.00288980847,0,0,0.002458927887,0.0004308805822,1,0,8,8,0.00334679622
2014-04-03,-0.01243434302,-0.01243434302,0,0,-0.01304200233,0.0006076593126,0.999140722,0.00288148154,8,8,-0.001323630614
2014-04-04,-0.01285587154,-0.01285587154,0,0,-0.01795371117,0.005097839625,0.9978992823,-0.009673140631,8,8,-0.0118220002
2014-04-07,-0.002106795427,-0.002106795427,0,0,-0.005588964417,0.00348216899,0.9875434634,-0.0228224142,8,8,-0.01105153281
2014-04-08,0.01221069173,0.01221069173,0,0,0.0136308987,-0.001420206972,0.9805381233,-0.02498184125,8,8,0.004122905132
2014-04-09,0.004916460117,0.004916460117,0,0,0.01134036458,-0.006423904467,0.9835790484,-0.01261708618,8,8,0.0107505837
2014-04-10,-0.009381562396,-0.009381562396,0,0,-0.02047447771,0.01109291531,0.9964443386,-0.007662951465,8,8,-0.02100627927
2014-04-11,-0.003885873293,-0.003885873293,0,0,-0.007951227905,0.004065354613,0.9740147255,-0.01720593239,8,8,-0.009007988947
2014-04-14,0.002209513536,0.002209513536,0,0,0.003978069155,-0.001768555619,0.9657509287,-0.0211740855,8,8,0.007878404208
2014-04-15,-0.004136451406,-0.004136451406,0,0,0.0006535123323,-0.004789963739,0.9693557488,-0.01892276186,8,8,0.006887263974
2014-04-16,0.006257406354,0.006257406354,0,0,0.008627989762,-0.002370583408,0.9788481828,-0.02315499277,8,8,0.01047787323
2014-04-17,0.00145482727,0.00145482727,0,0,0.001231219339,0.0002236079312,0.9836913992,-0.01679250886,8,8,0.001396680687
2014-04-21,0.004568476378,0.004568476378,0,0,0.005449432885,-0.0008809565069,0.9832685247,-0.01531540033,8,8,0.003487334733
2014-04-22,0.010231209,0.010231209,0,0,0.01217834921,-0.001947140214,0.9850985148,-0.01069805016,8,8,0.00454489815
2014-04-23,-0.01239107081,-0.01239107081,0,0,-0.01163360852,-0.0007574622924,0.9891042717,-0.0004621131859,8,8,-0.002342155729
2014-04-24,-0.005526824516,-0.005526824516,0,0,-0.002900070293,-0.002626754223,0.9905014997,-0.01301444693,8,8,0.002027351388
2014-04-25,-0.01721185947,-0.01721185947,0,0,-0.02109278117,0.003880921708,0.9957314165,-0.01864431531,8,8,-0.008198917566
2014-04-28,-0.0129293265,-0.0129293265,0,0,-0.01093424098,-0.001995085512,0.9877588806,-0.03648413457,8,8,0.003167009313
2014-04-29,0.01171317772,0.01171317772,0,0,0.01098011193,0.0007330657885,0.9916409751,-0.05006071236,8,8,0.004655447424
2014-04-30,0.001704440317,0.001704440317,0,0,0.005067341772,-0.003362901455,0.9902885949,-0.03790356347,8,8,0.002982586167
2014-05-01,0.007391064523,0.006115968512,0.001275096011,1.275096011,0.006397774451,0.0009932900718,0.997019478,-0.03613752889,8,8,0.0001062468466
2014-05-02,0.0001924068139,0.0001924068139,0,0,0.0003416709045,-0.0001492640906,1,0,8,8,-0.001433632446
2014-05-05,-0.0007959862989,-0.0007959862989,0,0,0.0002724886743,-0.001068474973,1.000298471,0.0001923698007,8,8,0.001914387208
2014-05-06,-0.01085263727,-0.01085263727,0,0,-0.01306579987,0.002213162606,1.002437361,-0.0006040973515,8,8,-0.008703869695
2014-05-07,-0.004466892494,-0.004466892494,0,0,-0.0005783037558,-0.003888588738,0.9979892133,-0.01158243458,8,8,0.005889033073
2014-05-08,0.001857735364,0.001857735364,0,0,-0.0002516967843,0.002109432149,1.005792264,-0.01612133936,8,8,-0.001064301304
2014-05-09,0.001905075663,0.001905075663,0,0,0.002046825206,-0.0001417495438,1.001570482,-0.01423715513,8,8,0.00149194904
2014-05-12,0.01197423071,0.01197423071,0,0,0.01355645904,-0.001582228326,1.001850456,-0.0123086306,8,8,0.009736045175
2014-05-13,-0.002728054751,-0.002728054751,0,0,-0.0008807660809,-0.00184728867,1.004955574,-0.0003304430815,8,8,0.0008958085801
2014-05-14,-0.002478724462,-0.002478724462,0,0,-0.00300888532,0.0005301608588,1.008673814,-0.003066864407,8,8,-0.004738195944
2014-05-15,-0.001077720151,-0.001077720151,0,0,-0.006913128487,0.005835408336,1.007632411,-0.005559369012,8,8,-0.008780233129
2014-05-16,0.001253052754,0.001253052754,0,0,0.003339960262,-0.002086907508,0.9959572369,-0.006644249806,8,8,0.003468839678
2014-05-19,0.007987198762,0.007987198762,0,0,0.006846189537,0.001141009225,1.000130888,-0.005384450052,8,8,0.003669237001
2014-05-20,0.002072259373,0.002072259373,0,0,-0.0003525511461,0.002424810519,0.9978659148,0.002582124767,8,8,-0.006304948366
2014-05-21,0.0005939242008,0.0005939242008,0,0,0.004174744535,-0.003580820334,0.9930307359,0.004644758994,8,8,0.00842421154
2014-05-22,0.006960318447,0.006960318447,0,0,0.006098350784,0.0008619676633,1.000192262,0.005235573661,8,8,0.002432090869
2014-05-23,0.004029746485,0.004029746485,0,0,0.005103575163,-0.001073828678,0.9984789143,0.01211159157,8,8,0.004008539683
2014-05-27,0.003342025899,0.003342025899,0,0,0.004919321392,-0.001577295493,1.000624057,0.01607655362,8,8,0.006146317706
2014-05-28,-0.00200621538,-0.00200621538,0,0,-0.002351488162,0.0003452727817,1.003766062,0.01935389829,8,8,-0.0007305774773
2014-05-29,0.004767623346,0.004767623346,0,0,0.006787299456,-0.00201967611,1.003081699,0.01738255606,8,8,0.005173040852
2014-05-30,-0.003251606569,-0.003251606569,0,0,-0.002709283253,-0.0005423233169,1.007087261,0.02204507679,8,8,0.001611143353
2014-06-02,0.0009606156066,-0.0007960159581,0.001756631565,1.756631565,0.0001802998486,0.000780315758,1.008198567,0.01885477854,8,8,0.001142014323
2014-06-03,0.001321272777,0.001321272777,0,0,0.0002330425418,0.001088230235,1,0,8,8,-0.000518399236
2014-06-04,-0.001275703009,-0.001275703009,0,0,8.749529343e-05,-0.001363198303,0.9978264114,0.001319529318,8,8,0.002022640306
2014-06-05,0.0005783639752,0.0005783639752,0,0,0.003587755063,-0.003009391088,1.000553514,4.388228999e-05,8,8,0.006522240045
2014-06-06,-0.0006467965987,-0.0006467965987,0,0,0.0003849579849,-0.001031754584,1.006568497,0.0006218865884,8,8,0.004782692549
2014-06-09,-0.0008458158888,-0.0008458158888,0,0,-0.0004627442553,-0.0003830716335,1.008637593,-2.492613248e-05,8,8,0.001023734183
2014-06-10,-0.000706151327,-0.000706151327,0,0,0.001048953419,-0.001755104746,1.009411697,-0.0008714791322,8,8,0.0001026809803
2014-06-11,-0.001149803905,-0.001149803905,0,0,-0.000962864862,-0.0001869390428,1.012931038,-0.001578745292,8,8,-0.003476990462
2014-06-12,0.003498659118,0.003498659118,0,0,-0.001091885964,0.004590545082,1.013320232,-0.002731690105,8,8,-0.0070799261
2014-06-13,0.001641544733,0.001641544733,0,0,0.001667622031,-2.607729834e-05,1.00412471,0.0007642950051,8,8,0.00304847093
2014-06-16,0.002293905088,0.002293905088,0,0,0.001160415747,0.001133489341,1.00417002,0.002401896917,8,8,0.0008241063271
2014-06-17,-0.003365343461,-0.003365343461,0,0,-0.0005217596013,-0.00284358386,1.001898686,0.004685054934,8,8,0.002779116861
2014-06-18,0.000334176717,0.000334176717,0,0,0.004271126285,-0.003936949568,1.007611469,0.001324167752,8,8,0.00734016845
2014-06-19,0.0007740901707,0.0007740901707,0,0,0.001090345661,-0.0003162554907,1.015480195,0.001657790474,8,8,0.001121086944
2014-06-20,0.001331997472,0.001331997472,0,0,0.002774121484,-0.001442124013,1.016100243,0.002429999606,8,8,0.002029992856
2014-06-23,-0.002005415619,-0.002005415619,0,0,-0.001296828131,-0.000708587488,1.018959237,0.003756992773,8,8,-0.0003062964201
2014-06-24,0.0005111283745,0.0005111283745,0,0,-0.002718891923,0.003230020297,1.020417357,0.001755096852,8,8,-0.006023769825
2014-06-25,-0.003121228148,-0.003121228148,0,0,0.002414666931,-0.005535895079,1.013950186,0.002265067486,8,8,0.004519711087
2014-06-26,-0.001497191265,-0.001497191265,0,0,-0.002329225447,0.0008320341818,1.02510032,-0.0008588413014,8,8,-0.0007158161984
2014-06-27,-0.001948302645,-0.001948302645,0,0,-0.0007733451366,-0.001174957508,1.023471393,-0.002359565287,8,8,0.001944075925
2014-06-30,-0.001182288582,-0.001182288582,0,0,8.045041502e-05,-0.001262738997,1.025871714,-0.004316277346,8,8,-0.0005102351027
2014-07-01,-0.006509508557,-0.008182053087,0.00167254453,1.67254453,0.002338134776,-0.008847643333,1.028430805,-0.005505074515,8,8,0.006693079457
2014-07-02,0.005103823572,0.005103823572,0,0,0.0002168702642,0.004886953308,1,0,8,8,0.00101505544
2014-07-03,0.0005121549941,0.0005121549941,0,0,0.002898340707,-0.002386185713,0.9902757244,0.005077906831,8,8,0.004918173474
2014-07-07,0.00491441286,0.00491441286,0,0,-0.001505312154,0.006419725014,0.9950506306,0.005587200313,8,8,-0.00348130168
2014-07-08,0.006643299163,0.006643299163,0,0,-0.001706355448,0.008349654611,0.9822981747,0.0104502563,8,8,-0.006430036341
2014-07-09,-0.0009391293827,-0.0009391293827,0,0,0.003557099924,-0.004496229307,0.9658258943,0.01698074728,8,8,0.00448414715
2014-07-10,0.001844666474,0.001844666474,0,0,-0.001405847848,0.003250514322,0.9747946818,0.01605669721,8,8,-0.003957164656
2014-07-11,-9.672194046e-05,-9.672194046e-05,0,0,0.0004599884889,-0.0005567104293,0.9683520331,0.01786840244,8,8,0.001375050648
2014-07-14,-0.003862863259,-0.003862863259,0,0,0.003073211535,-0.006936074794,0.9694625003,0.01777339958,8,8,0.005035720069
2014-07-15,0.005742959324,0.005742959324,0,0,0.0008704822398,0.004872477085,0.9832700243,0.01396447919,8,8,-0.001872487625
2014-07-16,-0.004662663787,-0.004662663787,0,0,-0.001231323672,-0.003431340115,0.9736762464,0.01959490577,8,8,0.00370100147
2014-07-17,0.002895798036,0.002895798036,0,0,-0.004523032394,0.00741883043,0.9804477611,0.01500219216,8,8,-0.01136532893
2014-07-18,-0.0054554402,-0.0054554402,0,0,0.0008177752489,-0.006273215449,0.9657093989,0.01784631089,8,8,0.01021901318
2014-07-21,-0.0003763893548,-0.0003763893548,0,0,-0.0001757086156,-0.0002006807393,0.9781365551,0.01245883914,8,8,-0.001871539945
2014-07-22,-0.001663608678,-0.001663608678,0,0,0.0001920943651,-0.001855703044,0.9785298354,0.0120869992,8,8,0.004357966822
2014-07-23,-0.005876364299,-0.005876364299,0,0,-0.003763722989,-0.00211264131,0.9822116487,0.01044075986,8,8,0.002219807659
2014-07-24,-0.004739642131,-0.004739642131,0,0,-0.001631554995,-0.003108087135,0.9863567586,0.004591376162,8,8,5.044946054e-05
2014-07-25,-0.002475524555,-0.002475524555,0,0,-0.002991578373,0.0005160538174,0.9925375636,-0.0001489720424,8,8,-0.004681887105
2014-07-28,0.000271477048,0.000271477048,0,0,-0.001326797023,0.001598274071,0.9914843753,-0.002631009727,8,8,0.0004046242502
2014-07-29,-0.002603082682,-0.002603082682,0,0,-0.003958993757,0.001355911075,0.9882910059,-0.002358892294,8,8,-0.004296981065
2014-07-30,-0.001258669387,-0.001258669387,0,0,0.001130816189,-0.002389485577,0.9855415472,-0.004974925118,8,8,0.0001522680501
2014-07-31,0.005269415549,0.005269415549,0,0,-0.009126387721,0.01439580327,0.9903083198,-0.006241450427,8,8,-0.01974834785
2014-08-01,0.001921374461,8.675062654e-05,0.001834623834,1.834623834,0.0008352852424,0.001086089218,0.9617184347,-0.000966939672,8,8,-0.003055017472
2014-08-04,0.0004344702178,0.0004344702178,0,0,0.005096896634,-0.004662426416,1,0,8,8,0.007220437441
2014-08-05,0.0007922097624,0.0007922097624,0,0,-0.003208591611,0.004000801374,1.009320803,0.0004342815355,8,8,-0.009696447972
2014-08-06,0.00395218635,0.00395218635,0,0,0.003566847844,0.0003853385052,1.001318156,0.001225520429,8,8,0.0003122740314
2014-08-07,0.005227539847,0.005227539847,0,0,0.004217593341,0.001009946505,1.000545324,0.005157324072,8,8,-0.005414363599
2014-08-08,-0.0008951529777,-0.0008951529777,0,0,0.002567671162,-0.003462824139,0.9985330993,0.01033085894,8,8,0.01156935355
2014-08-11,0.002952113002,0.002952113002,0,0,0.005072356019,-0.002120243017,1.005463638,0.009444159932,8,8,0.00289735631
2014-08-12,-0.002881866597,-0.002881866597,0,0,-0.003406972149,0.0005251055516,1.009675561,0.01235978545,8,8,-0.001392783544
2014-08-13,-0.0002668194203,-0.0002668194203,0,0,0.003526208489,-0.00379302791,1.008650279,0.009505311894,8,8,0.006768625798
2014-08-14,0.002187742044,0.002187742044,0,0,0.002566649951,-0.0003789079066,1.016240668,0.009240958141,8,8,0.004722102152
2014-08-15,0.001713050768,0.001713050768,0,0,0.001954380481,-0.0002413297126,1.016961377,0.01140375172,8,8,-0.0002042899751
2014-08-18,-0.001534613852,-0.001534613852,0,0,0.003541939007,-0.005076552859,1.017414205,0.01309437116,8,8,0.008379126013
2014-08-19,-0.0008552244977,-0.0008552244977,0,0,0.002811646577,-0.003666871075,1.027609681,0.01157752434,8,8,0.005218742882
2014-08-20,0.002387200378,0.002387200378,0,0,0.001306659433,0.001080540944,1.034973333,0.01073147767,8,8,0.002671452957
2014-08-21,-0.001959013708,-0.001959013708,0,0,0.0009269749076,-0.002885988616,1.032734108,0.01308743571,8,8,0.002915852317
2014-08-22,0.005355303605,0.005355303605,0,0,0.00540145378,-4.615017591e-05,1.038581667,0.01115026553,8,8,-0.001554104617
2014-08-25,0.00105234618,0.00105234618,0,0,0.003611057313,-0.002558711133,1.03846796,0.01641764764,8,8,0.005071115347
2014-08-26,-0.001780973938,-0.001780973938,0,0,-0.001019165827,-0.0007618081107,1.043539564,0.01745162867,8,8,0.0006490544201
2014-08-27,0.001167076736,0.001167076736,0,0,0.0005519551086,0.0006151216278,1.045143579,0.01569861355,8,8,-0.0003991661945
2014-08-28,0.0006490102782,0.0006490102782,0,0,-0.0009909509344,0.001639961213,1.043862146,0.01684602968,8,8,-0.0005495502951
2014-08-29,0.0007058142908,0.0007058142908,0,0,0.003812678814,-0.003106864523,1.040555902,0.01748369286,8,8,0.002848192886
2014-09-02,0.0006988577724,-0.00122818459,0.001927042363,1.927042363,0.003369902393,-0.002671044621,1.046736644,0.01817667779,8,8,-0.0004980827487
2014-09-03,0.004296063217,0.004296063217,0,0,0.002110755461,0.002185307756,1,0,8,8,-0.0005486570832
2014-09-04,-0.005981501455,-0.005981501455,0,0,-0.001857455323,-0.004124046131,0.9956480806,0.004277686008,8,8,-0.001446204416
2014-09-05,0.0004353570388,0.0004353570388,0,0,0.002238641091,-0.001803284052,1.003919618,-0.001714068148,8,8,0.004495058372
2014-09-08,-0.003817502357,-0.003817502357,0,0,-0.003416624916,-0.0004008774404,1.007522911,-0.001278154656,8,8,-0.002585955795
2014-09-09,0.002399648744,0.002399648744,0,0,-0.004193698113,0.006593346857,1.008356567,-0.00511518424,8,8,-0.00633112239
2014-09-10,-0.002682721204,-0.002682721204,0,0,0.001131330413,-0.003814051617,0.9951814363,-0.002709034765,8,8,0.003763311444
2014-09-11,0.001826662334,0.001826662334,0,0,0.0007941746652,0.001032487669,1.002817097,-0.005406259455,8,8,0.001149338659
2014-09-12,0.001794535934,0.001794535934,0,0,-0.003028742352,0.004823278285,1.00075075,-0.003573070328,8,8,-0.005841276703
2014-09-15,0.01372769896,0.01372769896,0,0,0.0008742869543,0.012853412,0.991120129,-0.001775348468,8,8,-0.000753192846
2014-09-16,-0.0003994515445,-0.0003994515445,0,0,0.004324722466,-0.00472417401,0.9658816711,0.01179049413,8,8,0.007538637381
2014-09-17,0.001212817729,0.001212817729,0,0,0.001272564067,-5.974633833e-05,0.9753201607,0.01139559458,8,8,0.001346189182
2014-09-18,-0.004858838603,-0.004858838603,0,0,0.0001779147789,-0.005036753382,0.9754694045,0.01259313912,8,8,0.005330108261
2014-09-19,0.003159484088,0.003159484088,0,0,0.002096065586,0.001063418502,0.9854723237,0.007772063725,8,8,-0.000900809434
2014-09-22,0.004503307334,0.004503307334,0,0,-0.004698564894,0.009201872229,0.9833979406,0.01089711854,8,8,-0.007723015766
2014-09-23,-0.002503963523,-0.002503963523,0,0,-0.003681602952,0.001177639429,0.9651511313,0.01533138394,8,8,-0.005724183556
2014-09-24,-0.00365559763,-0.00365559763,0,0,0.002469979711,-0.006125577341,0.9627024608,0.01285962044,8,8,0.007827464455
2014-09-25,0.002383006772,0.002383006772,0,0,-0.007945552976,0.01032855975,0.97486172,0.00923779246,8,8,-0.01613537512
2014-09-26,-0.0005313516029,-0.0005313516029,0,0,0.005033721152,-0.005565072755,0.9543134718,0.01159317262,8,8,0.007945320483
2014-09-29,0.0005629782733,0.0005629782733,0,0,-0.0003658342633,0.0009288125367,0.965425246,0.01106770186,8,8,-0.001818995665
2014-09-30,-0.0003671263119,-0.0003671263119,0,0,-0.00180889599,0.001441769678,0.96358812,0.011624136,8,8,-0.002632100816
2014-10-01,0.0006476553696,-0.0008286073528,0.001476262722,1.476262722,-0.006291415665,0.006939071035,0.960690149,0.01126114395,8,8,-0.01355189128
2014-10-02,0.004296173092,0.004296173092,0,0,0.004145541015,0.0001506320773,1,0,8,8,0.0001538738556
2014-10-03,-0.003670803276,-0.003670803276,0,0,0.004273303149,-0.007944106425,0.9997000246,0.004277794945,8,8,0.01100974837
2014-10-06,0.004799481614,0.004799481614,0,0,0.00325527057,0.001544211044,1.01564567,0.0006092280248,8,8,-0.001170611554
2014-10-07,0.0004459952576,0.0004459952576,0,0,-0.007792916327,0.008238911585,1.012497267,0.005382874631,8,8,-0.01543602091
2014-10-08,-0.002230901664,-0.002230901664,0,0,0.007070071938,-0.009300973602,0.9960212185,0.005826271399,8,8,0.01748946651
2014-10-09,0.002002914608,0.002002914608,0,0,-0.01066484601,0.01266776062,1.014655861,0.003603408585,8,8,-0.01983336737
2014-10-10,-0.001839464165,-0.001839464165,0,0,-0.01281866582,0.01097920166,0.9893416879,0.005595116653,8,8,-0.01141441793
2014-10-13,-0.002364250521,-0.002364250521,0,0,-0.009438917651,0.00707466713,0.9673231768,0.003762573607,8,8,-0.01642679365
2014-10-14,6.631966995e-05,6.631966995e-05,0,0,0.001607271522,-0.001540951852,0.9530628714,0.001401636907,8,8,0.001547253474
2014-10-15,0.00316553141,0.00316553141,0,0,0.0006509895771,0.002514541833,0.9561476833,0.001467859229,8,8,-0.006766186032
2014-10-16,-0.0106496295,-0.0106496295,0,0,-0.01172698911,0.001077359603,0.951272847,0.004618769778,8,8,-0.0008583473759
2014-10-17,-0.005105941474,-0.005105941474,0,0,0.003002400968,-0.008108342442,0.9485704218,-0.006095777497,8,8,0.01181079513
2014-10-20,-0.003582199384,-0.003582199384,0,0,0.001683276067,-0.005265475452,0.964606389,-0.01125920783,8,8,0.009709897567
2014-10-21,0.0047429109,0.0047429109,0,0,0.01173334191,-0.006990431015,0.9750479567,-0.01489476322,8,8,0.01981088281
2014-10-22,-0.002552355074,-0.002552355074,0,0,-0.005310779382,0.002758424309,0.9890806085,-0.01010393028,8,8,-0.007110998809
2014-10-23,0.001929562266,0.001929562266,0,0,0.01007738674,-0.008147824472,0.9835217014,-0.01268867135,8,8,0.01162502179
2014-10-24,-0.002220674977,-0.002220674977,0,0,0.002039276506,-0.004259951483,0.9998177021,-0.0107383887,8,8,0.007694719982
2014-10-27,-0.00761349283,-0.00761349283,0,0,-0.007508654626,-0.0001048382039,1.008356161,-0.01298790559,8,8,-0.001373889017
2014-10-28,0.008277091706,0.008277091706,0,0,0.01351959101,-0.005242499302,1.008631554,-0.02075945035,8,8,0.01147003459
2014-10-29,-0.0001729291678,-0.0001729291678,0,0,-0.003457240018,0.00328431085,1.018959622,-0.01237988916,8,8,-0.001511839277
2014-10-30,-0.0006589662812,-0.0006589662812,0,0,0.0001583441833,-0.0008173104645,1.012393144,-0.01255498945,8,8,0.006410269633
2014-10-31,0.002357453122,0.002357453122,0,0,0.01117132437,-0.008813871245,1.014037014,-0.01322266903,8,8,0.01143571993
2014-11-03,-0.003842084919,-0.005390349067,0.001548264148,1.548264148,-0.004169888529,0.0003278036091,1.031590284,-0.01083966191,8,8,0.000545379468
2014-11-04,-0.003297979683,-0.003297979683,0,0,-0.001614613613,-0.00168336607,1,0,8,8,-0.003469432958
2014-11-05,-0.004935713932,-0.004935713932,0,0,-0.003030864109,-0.001904849823,1.003377872,-0.003308892343,8,8,0.006316458497
2014-11-06,0.00271982307,0.00271982307,0,0,0.004589737659,-0.001869914589,1.007223224,-0.008285501138,8,8,0.00400293025
2014-11-07,0.004373626826,0.004373626826,0,0,0.001812798908,0.002560827918,1.010933316,-0.005550581468,8,8,0.0009354591691
2014-11-10,-0.003937582955,-0.003937582955,0,0,0.001374955758,-0.005312538713,1.005786353,-0.001171829497,8,8,0.003147133133
2014-11-11,0.003826413156,0.003826413156,0,0,0.003347145315,0.000479267841,1.016476307,-0.00512961072,8,8,0.0009809172797
2014-11-12,0.000243913062,0.000243913062,0,0,-0.0009366505989,0.001180563661,1.015458621,-0.00129823,8,8,-0.001078024404
2014-11-13,0.00241995986,0.00241995986,0,0,0.00118890524,0.00123105462,1.013094299,-0.001054059839,8,8,0.00112800169
2014-11-14,0.007109518429,0.007109518429,0,0,0.008043362328,-0.000933843899,1.010606523,0.001362602578,8,8,0.0002449770606
2014-11-17,-0.004343985272,-0.004343985272,0,0,-0.003757647026,-0.0005863382466,1.012386151,0.008412313509,8,8,0.0006363478201
2014-11-18,-0.001672593282,-0.001672593282,0,0,0.002626640136,-0.004299233418,1.013617984,0.0040860781,8,8,0.005774112852
2014-11-19,-0.001276010941,-0.001276010941,0,0,-0.004254485195,0.002978474254,1.022253672,0.00241752836,8,8,-0.001605445683
2014-11-20,0.004236605573,0.004236605573,0,0,0.00328282172,0.0009537838525,1.016317545,0.001142975868,8,8,0.001753931819
2014-11-21,-0.004325135892,-0.004325135892,0,0,-0.001063977386,-0.003261158506,1.014349185,0.005356886426,8,8,0.005350615819
2014-11-24,-0.000188713363,-0.000188713363,0,0,0.001175389253,-0.001364102615,1.020962166,0.00103623238,8,8,0.002806258014
2014-11-25,-0.002122790347,-0.002122790347,0,0,4.872921881e-05,-0.002171519566,1.023694843,0.0008476789857,8,8,-0.0007235075517
2014-11-26,-0.001276938868,-0.001276938868,0,0,0.001490447581,-0.002767386449,1.028097528,-0.001277823914,8,8,0.002558818246
2014-11-28,-0.008568164449,-0.008568164449,0,0,-0.003369574354,-0.005198590096,1.033675302,-0.002558029229,8,8,-0.002119048897
2014-12-01,-0.004919577003,-0.006225543423,0.001305966421,1.305966421,-0.009059769986,0.004140192984,1.044453366,-0.01122234861,8,8,-0.006949853123
2014-12-02,0.005940606747,0.005940606747,0,0,0.007493357983,-0.001552751236,1,0,8,8,0.00646406955
2014-12-03,0.002565235058,0.002565235058,0,0,0.002857431721,-0.0002921966623,1.003087163,0.005905524349,8,8,0.003863039816
2014-12-04,-0.007952762565,-0.007952762565,0,0,-0.003262139787,-0.004690622778,1.003662162,0.008449085517,8,8,-0.001106677313
2014-12-05,-0.002036788404,-0.002036788404,0,0,-0.003039653422,0.001002865018,1.01314797,0.0005003017323,8,8,0.001637614689
2014-12-08,-0.006015444658,-0.006015444658,0,0,-0.01300158417,0.006986139512,1.011164981,-0.001539622558,8,8,-0.006682721344
2014-12-09,-0.0006085316855,-0.0006085316855,0,0,0.0007184528563,-0.001326984542,0.9971757124,-0.007600789343,8,8,-0.0006775958249
2014-12-10,-0.0002071993418,-0.0002071993418,0,0,-0.0101671163,0.009959916958,0.9998295778,-0.008214319702,8,8,-0.01603141455
2014-12-11,5.263439066e-06,5.263439066e-06,0,0,0.001286924792,-0.001281661353,0.9799055803,-0.008423264339,8,8,0.005069937007
2014-12-12,-0.001955950479,-0.001955950479,0,0,-0.008657617482,0.006701667003,0.9824689953,-0.008417956593,8,8,-0.01616139049
2014-12-15,-0.002156168276,-0.002156168276,0,0,-0.004571391927,0.002415223652,0.9690050367,-0.01039423769,8,8,-0.006869864522
2014-12-16,0.0008084711517,0.0008084711517,0,0,-0.004956054132,0.005764525283,0.9640971768,-0.01257752522,8,8,-0.008019155179
2014-12-17,0.007267849298,0.007267849298,0,0,0.01759577335,-0.01032792405,0.9526064426,-0.01175954682,8,8,0.01960510847
2014-12-18,0.002353194065,0.002353194065,0,0,0.01155954123,-0.009206347169,0.9734552142,-0.004459288085,8,8,0.02472812575
2014-12-19,0.009180484845,0.009180484845,0,0,0.00758949275,0.001590992095,0.991887,-0.002101149607,8,8,0.004255005704
2014-12-22,-0.006170118357,-0.006170118357,0,0,-0.0005438658843,-0.005626252472,0.988807766,0.007014934736,8,8,0.004600315501
2014-12-23,0.008599330842,0.008599330842,0,0,0.006279365472,0.00231996537,1.000060645,0.000850061358,8,8,0.00134920023
2014-12-24,-0.001073895587,-0.001073895587,0,0,-0.0006892014349,-0.0003846941519,0.9954597574,0.009368826561,8,8,9.656551325e-05
2014-12-26,-0.003153634216,-0.003153634216,0,0,0.0002345542748,-0.003388188491,0.9962250918,0.00830384844,8,8,0.003224585517
2014-12-29,-0.001249715324,-0.001249715324,0,0,-0.0003047164445,-0.0009449988799,1.003010964,0.005166507499,8,8,0.001343364997
2014-12-30,0.001061680736,0.001061680736,0,0,-0.001912831883,0.002974512619,1.004907095,0.003921693175,8,8,-0.005365720124
2014-12-31,0.001486476797,0.001486476797,0,0,-0.00421076585,0.005697242647,0.9989591743,0.00497808877,8,8,-0.00992353092
2015-01-02,0.00249105224,0.0007449183596,0.00174613388,1.74613388,0.001736550246,0.0007545019943,0.9875831464,0.006454970403,8,8,-0.0005347538312
2015-01-05,0.003177245938,0.003177245938,0,0,-0.007634113206,0.01081135914,1,0,8,8,-0.01805962143
2015-01-06,0.007475575065,0.007475575065,0,0,-0.0004874373511,0.007963012416,0.9784457648,0.003167183018,8,8,-0.009419194255
2015-01-07,0.003983619466,0.003983619466,0,0,0.009533035192,-0.005549415726,0.9627978475,0.0105637877,8,8,0.01246106351
2015-01-08,-0.001435936005,-0.001435936005,0,0,0.009019256412,-0.01045519242,0.974000252,0.01448968577,8,8,0.01774490231
2015-01-09,-0.001546131538,-0.001546131538,0,0,-0.005055776532,0.003509644994,0.9949033184,0.01307252107,8,8,-0.008013204256
2015-01-12,-0.0006370381229,-0.0006370381229,0,0,-0.005088419201,0.004451381078,0.9878652665,0.01154423844,8,8,-0.007833830931
2015-01-13,0.0003984931998,0.0003984931998,0,0,-0.001407882914,0.001806376113,0.9789490941,0.01091415305,8,8,-0.00281271849
2015-01-14,0.005276446761,0.005276446761,0,0,-0.0003762827504,0.005652729511,0.9753461662,0.01130814003,8,8,-0.006036941622
2015-01-15,0.003616815182,0.003616815182,0,0,-0.006114649378,0.009731464559,0.9642294486,0.01649753841,8,8,-0.009160810258
2015-01-16,-0.002784663045,-0.002784663045,0,0,0.004370623544,-0.007155286589,0.9449655689,0.02004186586,8,8,0.01311419901
2015-01-20,0.001054982028,0.001054982028,0,0,0.001132652964,-7.767093517e-05,0.9591624232,0.01730539251,8,8,0.002132578845
2015-01-21,0.0002798540399,0.0002798540399,0,0,0.001378122701,-0.001098268661,0.9593606388,0.01834102508,8,8,0.005048256889
2015-01-22,2.615685061e-06,2.615685061e-06,0,0,0.009069739206,-0.009067123521,0.9615679315,0.01861566945,8,8,0.01487094588
2015-01-23,0.0003271672199,0.0003271672199,0,0,-0.001559329152,0.001886496372,0.9797022317,0.01861823644,8,8,-0.005482868813
2015-01-26,-0.0004484283002,-0.0004484283002,0,0,-3.395903969e-05,-0.0004144692606,0.9759371115,0.01893920737,8,8,0.002341795214
2015-01-27,-0.007713031443,-0.007713031443,0,0,-0.01486042275,0.007147391308,0.9767556266,0.01849907458,8,8,-0.01319055598
2015-01-28,0.00298156845,0.00298156845,0,0,-0.002640751712,0.005622320162,0.9621690527,0.01086988288,8,8,-0.01282418666
2015-01-29,-0.0002488204165,-0.0002488204165,0,0,0.007022579806,-0.007271400222,0.9510702996,0.01381027505,8,8,0.009243516215
2015-01-30,0.0100362523,0.0100362523,0,0,-0.001973293688,0.01200954598,0.9656045418,0.01356482984,8,8,-0.01257494208
2015-02-02,0.003275263533,0.001665163746,0.001610099787,1.610099787,0.007095993441,-0.003820729908,0.9421658875,0.02336656935,8,8,0.01238424502
2015-02-03,0.007489036001,0.007489036001,0,0,0.01106841722,-0.003579381216,1,0,8,8,0.01446088872
2015-02-04,-0.002376827843,-0.002376827843,0,0,-0.004327871471,0.001951043628,1.007105549,0.007433367246,8,8,-0.003807742334
2015-02-05,0.002795822482,0.002795822482,0,0,0.007064169044,-0.004268346562,1.003211094,0.005068586561,8,8,0.01009487168
2015-02-06,0.009124752064,0.009124752064,0,0,0.003588182956,0.005536569108,1.011715034,0.007842482854,8,8,-0.002765008429
2015-02-09,0.004049850325,0.004049850325,0,0,0.0001626789523,0.003887171372,1.000636091,0.01681381304,8,8,-0.004475894615
2015-02-10,-0.007226924272,-0.007226924272,0,0,0.002722299268,-0.00994922354,0.9928905408,0.02077950946,8,8,0.01065299241
2015-02-11,-0.00174120277,-0.00174120277,0,0,-3.621138868e-05,-0.001704991381,1.012882086,0.01365124168,8,8,0.0005805081461
2015-02-12,-0.001381544806,-0.001381544806,0,0,0.001472600377,-0.002854145183,1.016320486,0.01193081288,8,8,0.009616971748
2015-02-13,3.521128434e-05,3.521128434e-05,0,0,0.002165474932,-0.002130263648,1.022059252,0.01056386252,8,8,0.004116329229
2015-02-17,0.001533074197,0.001533074197,0,0,0.001948123703,-0.0004150495058,1.026318853,0.01059870061,8,8,0.001573157088
2015-02-18,-0.006755284072,-0.006755284072,0,0,-0.004180807994,-0.002574476078,1.027107394,0.01211320437,8,8,9.504123875e-05
2015-02-19,-0.004465780591,-0.004465780591,0,0,-0.003021408862,-0.001444371729,1.032475729,0.005394360734,8,8,-0.0007140162659
2015-02-20,-0.001360730855,-0.001360730855,0,0,0.004823287592,-0.006184018447,1.035523111,0.0009327455801,8,8,0.006000720157
2015-02-23,-0.003825235878,-0.003825235878,0,0,-0.002158919653,-0.001666316226,1.047956403,-0.0004285684411,8,8,-0.00014210534
2015-02-24,0.005391504553,0.005391504553,0,0,0.004708765471,0.0006827390816,1.051485982,-0.004270138607,8,8,0.002840761499
2015-02-25,0.004741217562,0.004741217562,0,0,0.002168119549,0.002573098013,1.049851728,0.001115352518,8,8,-0.000849901544
2015-02-26,-0.01372425724,-0.01372425724,0,0,-0.002713475421,-0.01101078182,1.044494573,0.005828933836,8,8,-0.001181097998
2015-02-27,-0.0003005607703,-0.0003005607703,0,0,-0.00515523589,0.004854675119,1.067441725,-0.008005188673,8,8,-0.003406346617
2015-03-02,-0.001670661112,-0.003360672797,0.001690011686,1.690011686,0.001906009664,-0.003576670776,1.057749732,-0.008308246576,8,8,0.006313783675
2015-03-03,0.0009902630435,0.0009902630435,0,0,-0.002422792498,0.003413055541,1,0,8,8,-0.004104121541
2015-03-04,-0.001064404791,-0.001064404791,0,0,-0.003040610754,0.001976205963,0.9931806419,0.0009892833927,8,8,-0.004215708844
2015-03-05,-0.004255714099,-0.004255714099,0,0,-0.001410485444,-0.002845228655,0.9892167522,-7.520144303e-05,8,8,0.001094239859
2015-03-06,-0.001389853446,-0.001389853446,0,0,-0.009689007207,0.008299153762,0.9948854434,-0.004349425453,8,8,-0.01406474316
2015-03-09,-0.001351329278,-0.001351329278,0,0,0.001175319185,-0.002526648464,0.9782569162,-0.005747266758,8,8,0.004144767468
2015-03-10,0.003058286123,0.003058286123,0,0,-0.005157366043,0.008215652166,0.9832876292,-0.007108201557,8,8,-0.01622196606
2015-03-11,0.000630142821,0.000630142821,0,0,-0.001179699041,0.001809841862,0.9669573787,-0.004037567398,8,8,-0.00234186128
2015-03-12,-0.0004528183356,-0.0004528183356,0,0,0.007700784572,-0.008153602907,0.9633607829,-0.003405278765,8,8,0.01271418088
2015-03-13,0.0004866171808,0.0004866171808,0,0,-0.001463568193,0.001950185374,0.9796587778,-0.003859844909,8,8,-0.006132244695
2015-03-16,0.0006562033736,0.0006562033736,0,0,0.00837268209,-0.007716478717,0.9757701977,-0.003371587056,8,8,0.01336023737
2015-03-17,-0.003571515895,-0.003571515895,0,0,-0.002431950046,-0.001139565849,0.9912089239,-0.002713603007,8,8,-0.00297205403
2015-03-18,0.006963987299,0.006963987299,0,0,0.007272362358,-0.0003083750598,0.9934647147,-0.006307646763,8,8,0.01202145426
2015-03-19,-0.001623222497,-0.001623222497,0,0,-0.001237211738,-0.0003860107581,0.9941223964,0.0006518013992,8,8,-0.004561502739
2015-03-20,0.000498681261,0.000498681261,0,0,0.003588015807,-0.003089334546,0.9948861169,-0.0009730004937,8,8,0.00882683315
2015-03-23,0.003503370065,0.003503370065,0,0,0.0008328575533,0.002670512512,1.001064255,-0.0004740828165,8,8,-0.001948502818
2015-03-24,-0.0008020412717,-0.0008020412717,0,0,-0.004305768545,0.003503727273,0.9957381611,0.003018711585,8,8,-0.005618979719
2015-03-25,0.008218272083,0.008218272083,0,0,-0.006376440358,0.01459471244,0.9887216608,0.002218449601,8,8,-0.01465427737
2015-03-26,-0.003220090529,-0.003220090529,0,0,-0.004029465233,0.0008093747036,0.9598621001,0.01035164902,8,8,-0.002380981536
2015-03-27,-0.003852256409,-0.003852256409,0,0,-2.101046345e-05,-0.003831245945,0.9581084562,0.007154596936,8,8,0.002289545481
2015-03-30,0.000494622626,0.000494622626,0,0,0.005397667209,-0.004903044583,0.9656385791,0.003315111186,8,8,0.01219970146
2015-03-31,0.002188559084,0.002188559084,0,0,-0.002580286744,0.004768845827,0.9754568078,0.003807850363,8,8,-0.008739416719
2015-04-01,-0.002080756113,-0.003920420576,0.001839664463,1.839664463,-0.003216458611,0.001135702497,0.9659935413,0.005983314609,8,8,-0.003536315566
2015-04-02,-0.0003376251081,-0.0003376251081,0,0,0.0004720801552,-0.0008097052633,1,0,8,8,0.003597770332
2015-04-06,0.003742627138,0.003742627138,0,0,0.006647395868,-0.00290476873,1.001619957,-0.0003377391374,8,8,0.006733050494
2015-04-07,0.0008867651652,0.0008867651652,0,0,0.0005277682132,0.0003589969519,1.007401793,0.00339219229,8,8,-0.002646271894
2015-04-08,0.002311279364,0.002311279364,0,0,0.002791186321,-0.0004799069565,1.006677877,0.004275166386,8,8,0.003377015445
2015-04-09,0.001152853737,0.001152853737,0,0,0.002610269655,-0.001457415918,1.007620079,0.006571257738,8,8,0.004423483289
2015-04-10,0.002888418203,0.002888418203,0,0,0.004096069584,-0.001207651381,1.01052278,0.007715216958,8,8,0.005457177252
2015-04-13,0.002795826281,0.002795826281,0,0,0.000630433826,0.002165392455,1.012900819,0.01057309564,8,8,-0.004523344506
2015-04-14,-0.003242516278,-0.003242516278,0,0,-0.0007094761283,-0.002533040149,1.008546141,0.01333164895,8,8,0.001913396174
2015-04-15,0.002573569888,0.002573569888,0,0,0.002433246163,0.0001403237251,1.013656503,0.01012195327,8,8,0.004486937001
2015-04-16,0.01001216142,0.01001216142,0,0,0.01230458429,-0.002292422867,1.01334152,0.01266293421,8,8,-0.0002851729802
2015-04-17,0.002110818222,0.002110818222,0,0,-0.004731318277,0.006842136499,1.017748663,0.02245031941,8,8,-0.01150345116
2015-04-20,0.0001484015678,0.0001484015678,0,0,0.005510640963,-0.005362239395,1.004055829,0.02450940274,8,8,0.00913717193
2015-04-21,0.0006947527014,0.0006947527014,0,0,-0.0005919176573,0.001286670359,1.014778115,0.02465414559,8,8,-0.001191518972
2015-04-22,0.002105955316,0.002105955316,0,0,0.002542221533,-0.0004362662175,1.012196301,0.0253312993,8,8,0.004914079074
2015-04-23,-0.0006303124337,-0.0006303124337,0,0,0.001238837014,-0.001869149448,1.013041368,0.02737959442,8,8,0.002515922608
2015-04-24,0.006880212418,0.006880212418,0,0,0.006584572927,0.000295639491,1.01679025,0.02676615302,8,8,0.002320876303
2015-04-27,0.004673011144,0.004673011144,0,0,0.002068244437,0.002604766707,1.016088281,0.03341645314,8,8,-0.004157963693
2015-04-28,0.003655896547,0.003655896547,0,0,0.003662320889,-6.424341623e-06,1.010828147,0.03791229969,8,8,0.003178960106
2015-04-29,0.003607323238,0.003607323238,0,0,7.302418546e-05,0.003534299052,1.010801507,0.04141678077,8,8,-0.004114603171
2015-04-30,0.002252991073,0.002252991073,0,0,-0.004017966959,0.006270958032,1.003719491,0.04486227129,8,8,-0.01002044316
2015-05-01,0.0002401313083,-0.001758695468,0.001998826776,1.998826776,0.004054674909,-0.003814543601,0.9911974073,0.04700935072,8,8,0.01084140615
2015-05-04,0.00193726861,0.00193726861,0,0,0.000833783973,0.001103484637,1,0,8,8,0.002847717336
2015-05-05,-0.009452034807,-0.009452034807,0,0,-0.008544473358,-0.0009075614484,0.997797298,0.001933522857,8,8,-0.01145216542
2015-05-06,0.002107348019,0.002107348019,0,0,-0.0001887742814,0.002296122301,0.9996087225,-0.007590255307,8,8,-0.004116828738
2015-05-07,0.001346788709,0.001346788709,0,0,0.005743274235,-0.004396485525,0.9950269578,-0.005471377192,8,8,0.003989666753
2015-05-08,0.002366558397,0.002366558397,0,0,0.005590377908,-0.003223819511,1.003814791,-0.004119041004,8,8,0.01316591759
2015-05-11,-0.002175447862,-0.002175447862,0,0,-0.002037133065,-0.000138314797,1.010238201,-0.001748345047,8,8,-0.004772707818
2015-05-12,-0.0001164503673,-0.0001164503673,0,0,0.0001135047964,-0.0002299551636,1.010537755,-0.003932347526,8,8,-0.002991364103
2015-05-13,0.002106448972,0.002106448972,0,0,0.001707891371,0.0003985576007,1.010998946,-0.004049269432,8,8,0.0001906687235
2015-05-14,0.004360506946,0.004360506946,0,0,0.009402562324,-0.005042055378,1.010180386,-0.00193873661,8,8,0.01042777485
2015-05-15,-0.0006927961936,-0.0006927961936,0,0,0.001810164805,-0.002502960998,1.020176517,0.002411256037,8,8,0.001083805574
2015-05-18,0.002733611371,0.002733611371,0,0,0.002872916817,-0.0001393054459,1.025199898,0.001719651211,8,8,0.003106442848
2015-05-19,-0.0001767488871,-0.0001767488871,0,0,-0.004049162328,0.003872413441,1.02540905,0.004441122279,8,8,-0.0003285476588
2015-05-20,-0.0004380252697,-0.0004380252697,0,0,-0.0004351502603,-2.875009352e-06,1.017667346,0.004265127249,8,8,-0.000704015426
2015-05-21,-0.00516290312,-0.00516290312,0,0,0.0001375947961,-0.005300497916,1.01768084,0.003828779081,8,8,0.002912556441
2015-05-22,-0.0002000536843,-0.0002000536843,0,0,-0.0003265124838,0.0001264587994,1.02842861,-0.001341047738,8,8,-0.002388640923
2015-05-26,-0.00229128193,-0.00229128193,0,0,-0.006135897025,0.003844615095,1.028181331,-0.001541409787,8,8,-0.0107517393
2015-05-27,0.003276260994,0.003276260994,0,0,0.008556378674,-0.00528011768,1.020539161,-0.003841493662,8,8,0.009492215233
2015-05-28,0.003168233338,0.003168233338,0,0,0.0007565576725,0.002411675665,1.03099784,-0.0005633868659,8,8,-0.001128344862
2015-05-29,0.002190948587,0.002190948587,0,0,-8.962786694e-05,0.002280576454,1.026091824,0.002596619774,8,8,-0.006213426406
2015-06-01,0.0004634573558,-0.001068756271,0.001532213627,1.532213627,0.001410270872,-0.0009468135159,1.021483601,0.004777101977,8,8,0.002036882157
2015-06-02,0.002724938006,0.002724938006,0,0,0.0009689546179,0.001755983388,1,0,8,8,-0.0009925968564
2015-06-03,-0.001475174065,-0.001475174065,0,0,0.0009638748762,-0.002439048941,0.9964975771,0.002717532898,8,8,0.002649583894
2015-06-04,-0.001669869494,-0.001669869494,0,0,-0.005453346152,0.003783476658,1.001377707,0.001244194236,8,8,-0.008446699567
2015-06-05,-0.006010714647,-0.006010714647,0,0,-0.0002882931864,-0.00572242146,0.9938004015,-0.0004263872693,8,8,-0.001712955499
2015-06-08,-0.002073329416,-0.002073329416,0,0,-0.004480804796,0.00240747538,1.005276963,-0.006476027469,8,8,-0.006149674908
2015-06-09,-0.004966912902,-0.004966912902,0,0,-0.00109616695,-0.003870745953,1.000462972,-0.008567119346,8,8,-0.0001441406601
2015-06-10,0.0005139214832,0.0005139214832,0,0,0.00774918111,-0.007235259627,1.008245418,-0.01360159016,8,8,0.01199363184
2015-06-11,-0.0005213095217,-0.0005213095217,0,0,-0.0003960451684,-0.0001252643534,1.022704269,-0.0130809461,8,8,0.003223324058
2015-06-12,0.0001683624456,0.0001683624456,0,0,-0.00317957143,0.003347933876,1.022966771,-0.01360935031,8,8,-0.007654880369
2015-06-15,-0.002758335189,-0.002758335189,0,0,-0.002634376974,-0.0001239582147,1.016268164,-0.01343872528,8,8,-0.004285711033
2015-06-16,-0.0004465914772,-0.0004465914772,0,0,0.003754592251,-0.004201183728,1.016561763,-0.01624186097,8,8,0.005451874085
2015-06-17,0.002519620025,0.002519620025,0,0,0.001967447418,0.0005521726068,1.024975284,-0.0166959087,8,8,0.001616984442
2015-06-18,-0.00252460752,-0.00252460752,0,0,0.001319943352,-0.003844550872,1.023810945,-0.01414065958,8,8,0.01039946457
2015-06-19,-0.001157101698,-0.001157101698,0,0,-0.004344022949,0.003186921251,1.031579773,-0.01670744685,8,8,-0.004439340807
2015-06-22,-0.003993466899,-0.003993466899,0,0,0.001126192253,-0.005119659151,1.02523513,-0.01788524359,8,8,0.00512327976
2015-06-23,-0.005967341617,-0.005967341617,0,0,-0.0004815134143,-0.005485828202,1.035616682,-0.02196643271,8,8,0.0007077453198
2015-06-24,0.002739989357,0.002739989357,0,0,-0.003965634499,0.006705623856,1.046868016,-0.02810146537,8,8,-0.007262507871
2015-06-25,-0.0008672883916,-0.0008672883916,0,0,-0.002057896173,0.001190607782,1.033365348,-0.02529217572,8,8,-0.003040516837
2015-06-26,0.0005184932965,0.0005184932965,0,0,-0.001958539994,0.002477033291,1.031011028,-0.02618217161,8,8,-0.0001906391137
2015-06-29,0.001354436255,0.001354436255,0,0,-0.01014718451,0.01150162077,1.026043458,-0.02565037876,8,8,-0.02097072477
2015-06-30,-0.006267226464,-0.006267226464,0,0,-0.00109761945,-0.005169607014,1.003036104,-0.02426307971,8,8,0.002093622403
2015-07-01,-0.002774720129,-0.003810715893,0.001035995764,1.035995764,0.00160482614,-0.004379546269,1.013459673,-0.03072285326,8,8,0.008015408818
2015-07-02,0.0009435053858,0.0009435053858,0,0,0.002188185545,-0.00124468016,1,0,8,8,-0.0009154381737
2015-07-06,-0.003925743789,-0.003925743789,0,0,-0.003401692844,-0.0005240509453,1.002487014,0.0009426160225,8,8,-0.002846117467
2015-07-07,0.004623024655,0.004623024655,0,0,0.0007589605003,0.003864064154,1.003549048,-0.002994884918,8,8,0.00628855536
2015-07-08,0.003957467274,0.003957467274,0,0,-0.006562752764,0.01052022004,0.9958401511,0.001620647444,8,8,-0.01677656607
2015-07-09,-0.006115814394,-0.006115814394,0,0,-0.00174323462,-0.004372579775,0.9748990473,0.005556126529,8,8,0.001808336063
2015-07-10,-0.0009400205346,-0.0009400205346,0,0,0.005998162831,-0.006938183366,0.9835435623,-0.0005631318756,8,8,0.01259173631
2015-07-13,-0.005551483881,-0.005551483881,0,0,0.003504514777,-0.009055998658,0.9974175014,-0.001504566734,8,8,0.01103730035
2015-07-14,0.0006364507348,0.0006364507348,0,0,0.003099144371,-0.002462693636,1.015616192,-0.00709544084,8,8,0.0043379843
2015-07-15,-0.001174185356,-0.001174185356,0,0,-0.0006294946864,-0.0005446906696,1.020528514,-0.006454881891,8,8,-0.0003317553166
2015-07-16,-0.0083941996,-0.0083941996,0,0,0.006644577355,-0.01503877695,1.021643308,-0.007638035717,8,8,0.008023947839
2015-07-17,-0.007523044982,-0.007523044982,0,0,-0.003512788359,-0.004010256624,1.052158693,-0.01616795234,8,8,0.0008477575975
2015-07-20,-0.002811795577,-0.002811795577,0,0,-0.001632088451,-0.001179707126,1.060635368,-0.02387057674,8,8,0.0005179223707
2015-07-21,0.002786719175,0.002786719175,0,0,-0.0006723032356,0.003459022411,1.063172411,-0.02675760924,8,8,-0.003951579655
2015-07-22,-0.008807870036,-0.008807870036,0,0,-0.007409562114,-0.001398307922,1.056098036,-0.02390427557,8,8,-0.001794474657
2015-07-23,0.007013472404,0.007013472404,0,0,0.002249143844,0.004764328559,1.059417998,-0.03300283024,8,8,-0.005629828149
2015-07-24,-0.00104854421,-0.00104854421,0,0,-0.003864276708,0.002815732498,1.04954188,-0.02580835168,8,8,-0.01037227044
2015-07-27,0.004958284137,0.004958284137,0,0,-0.004890014971,0.009848299107,1.043956506,-0.02688508609,8,8,-0.005817038729
2015-07-28,-0.0003372349665,-0.0003372349665,0,0,0.007441047097,-0.007778282064,1.024140214,-0.02181861904,8,8,0.01228291124
2015-07-29,0.0008484732344,0.0008484732344,0,0,0.005469885347,-0.004621412113,1.039710169,-0.02216332825,8,8,0.006878984946
2015-07-30,-0.00195919431,-0.00195919431,0,0,0.000135561965,-0.002094756275,1.048911493,-0.02129678527,8,8,0.0002371397902
2015-07-31,-0.003235330878,-0.003235330878,0,0,-0.003258336951,2.300607278e-05,1.053205245,-0.023301632,8,8,-0.00151764736
2015-08-03,0.003696446029,0.002256592254,0.001439853774,1.439853774,0.0008451538233,0.002851292205,1.053331779,-0.02662309741,8,8,-0.003373338273
2015-08-04,-0.00877107671,-0.00877107671,0,0,-0.005046927602,-0.003724149108,1,0,8,8,-0.001953961942
2015-08-05,-0.005256653103,-0.005256653103,0,0,-0.0001220256283,-0.005134627475,1.007514206,-0.008848689242,8,8,0.003295145495
2015-08-06,0.005641301748,0.005641301748,0,0,0.002615070384,0.003026231364,1.017877436,-0.01417988106,8,8,-0.008187372127
2015-08-07,-0.001241848808,-0.001241848808,0,0,-0.004529711265,0.003287862458,1.01175864,-0.008490680821,8,8,-0.001919943697
2015-08-10,0.01286340984,0.01286340984,0,0,0.01381539987,-0.0009519900364,1.005189359,-0.009744630987,8,8,0.01259917529
2015-08-11,-0.009959764553,-0.009959764553,0,0,-0.008636484182,-0.001323280372,1.007003253,0.003079170223,8,8,-0.0090229992
2015-08-12,0.005157818127,0.005157818127,0,0,0.004821901261,0.0003359168664,1.009746891,-0.00694981283,8,8,0.001197718966
2015-08-13,-0.006159018426,-0.006159018426,0,0,-0.004475903541,-0.001683114885,1.00902849,-0.001782799348,8,8,-0.001244116573
2015-08-14,-0.001971735048,-0.001971735048,0,0,-4.296275239e-05,-0.001928772296,1.012471532,-0.007991034704,8,8,0.003642008373
2015-08-17,-0.00120723666,-0.00120723666,0,0,0.001505615428,-0.002712852088,1.016361337,-0.009982452504,8,8,0.005586992524
2015-08-18,-0.002188267987,-0.002188267987,0,0,-0.002777804312,0.0005895363248,1.021813375,-0.01120321409,8,8,-0.002896603509
2015-08-19,-0.007919487167,-0.007919487167,0,0,-0.009590057893,0.001670570727,1.020679555,-0.0134208505,8,8,-0.007905345042
2015-08-20,0.005645522123,0.005645522123,0,0,-0.010482792,0.01612831412,1.017476821,-0.02151069131,8,8,-0.02088178835
2015-08-21,0.003595430901,0.003595430901,0,0,-0.01690332019,0.0204987511,0.9853031637,-0.01577610484,8,8,-0.0301021224
2015-08-24,0.00553835601,0.00553835601,0,0,-0.01594437747,0.02148273348,0.9445051893,-0.01213703606,8,8,-0.04210677062
2015-08-25,-0.004988364271,-0.004988364271,0,0,-0.005664910683,0.0006765464127,0.9020820269,-0.0065623355,8,8,-0.01176823385
2015-08-26,-0.005833349316,-0.005833349316,0,0,0.01765968831,-0.02349303762,0.9002312512,-0.01160860773,8,8,0.03839400398
2015-08-27,0.005218267036,0.005218267036,0,0,0.01960439217,-0.01438612513,0.9469076201,-0.01754429908,8,8,0.02473506248
2015-08-28,0.006228884228,0.006228884228,0,0,0.004541425061,0.001687459168,0.9758061205,-0.01226204541,8,8,5.0238532e-05
2015-08-31,0.009334957097,0.009334957097,0,0,0.001304989807,0.00802996729,0.972601862,-0.005995813953,8,8,-0.008079272605
2015-09-01,-0.0002647464587,-0.001842868688,0.001578122229,1.578122229,-0.01691439058,0.01664964412,0.9569438547,0.003308260673,8,8,-0.02984742004
2015-09-02,-0.00177224688,-0.00177224688,0,0,0.008130361506,-0.009902608386,1,0,8,8,0.01898091678
2015-09-03,0.00612236913,0.00612236913,0,0,0.001725753356,0.004396615774,1.019840379,-0.001775393315,8,8,0.0007160151756
2015-09-04,0.001029836097,0.001029836097,0,0,-0.008562732446,0.009592568543,1.010979924,0.004320523973,8,8,-0.01513665262
2015-09-08,0.003181796766,0.003181796766,0,0,0.0141775109,-0.01099571414,0.9918032284,0.005344855744,8,8,0.02513147078
2015-09-09,-0.00488090123,-0.00488090123,0,0,-0.008334143838,0.003453242608,1.013750904,0.008499608484,8,8,-0.01337193225
2015-09-10,0.0007178512672,0.0007178512672,0,0,0.004226281266,-0.003508429998,1.00687799,0.003636456439,8,8,0.005441936036
2015-09-11,0.002157212776,0.002157212776,0,0,0.00231055225,-0.000153339474,1.013884882,0.004351184203,8,8,0.004544353988
2015-09-14,-0.0002739777722,-0.0002739777722,0,0,-0.002792123525,0.002518145752,1.014161013,0.006494387204,8,8,-0.003710666438
2015-09-15,-0.004298928048,-0.004298928048,0,0,0.005463838358,-0.009762766406,1.009127222,0.006222114153,8,8,0.0124993324
2015-09-16,-0.004183851586,-0.004183851586,0,0,0.003269713643,-0.007453565229,1.028776463,0.001931489439,8,8,0.008666704353
2015-09-17,4.398219216e-05,4.398219216e-05,0,0,0.0002539844274,-0.0002100022353,1.043867127,-0.002261825289,8,8,-0.002248079798
2015-09-18,0.004185587231,0.004185587231,0,0,-0.006120123336,0.01030571057,1.044285184,-0.002217745555,8,8,-0.01634132641
2015-09-21,-0.004663409047,-0.004663409047,0,0,-0.002678877624,-0.001984531424,1.023575087,0.001959639434,8,8,0.005167559801
2015-09-22,0.0008039545981,0.0008039545981,0,0,-0.006737321457,0.007541276055,1.027673201,-0.002716437472,8,8,-0.01297968078
2015-09-23,0.000839696147,0.000839696147,0,0,-0.0007233364508,0.001563032598,1.012580535,-0.00191094656,8,8,-0.001598738511
2015-09-24,-0.002490021132,-0.002490021132,0,0,-0.002951313708,0.0004612925761,1.009446537,-0.001070351643,8,8,-0.003615735366
2015-09-25,0.0001226186626,0.0001226186626,0,0,-0.001229038499,0.001351657162,1.00854523,-0.003569260308,8,8,-0.0002595613432
2015-09-28,0.000524377075,0.000524377075,0,0,-0.01241996224,0.01294433932,1.0058412,-0.003446219074,8,8,-0.02509694065
2015-09-29,0.00155985995,0.00155985995,0,0,0.001820727533,-0.0002608675831,0.9799630279,-0.002920310656,8,8,0.0005849187796
2015-09-30,-0.00543547368,-0.00543547368,0,0,0.009571471616,-0.0150069453,0.9805151567,-0.001358331898,8,8,0.01865874455
2015-10-01,0.0008768853634,-0.0007732415898,0.001650126953,1.650126953,4.061531091e-05,0.0008362700525,1.01058659,-0.006830934946,8,8,0.0026092045
2015-10-02,-0.002223023344,-0.002223023344,0,0,0.003806913716,-0.006029937059,1,0,8,8,0.01493749022
2015-10-05,0.006153223541,0.006153223541,0,0,0.01380526929,-0.007652045748,1.012086743,-0.002227976187,8,8,0.01779501047
2015-10-06,-0.00529030755,-0.00529030755,0,0,-0.003955281716,-0.001335025834,1.027223324,0.003901242139,8,8,-0.003426377918
2015-10-07,0.004468306475,0.004468306475,0,0,0.003367381422,0.001100925054,1.030052361,-0.001396453078,8,8,0.008190825429
2015-10-08,0.000350543777,0.000350543777,0,0,0.006608979453,-0.006258435676,1.02772662,0.003058188474,8,8,0.009026370039
2015-10-09,-0.004281151877,-0.004281151877,0,0,-0.003494309471,-0.0007868424055,1.040229389,0.00340753776,8,8,0.0005964955524
2015-10-12,-0.002045550972,-0.002045550972,0,0,-0.0007255764848,-0.001319974487,1.041982809,-0.000877370272,8,8,0.0009433155185
2015-10-13,-0.004784589814,-0.004784589814,0,0,-0.006794342747,0.002009752933,1.044714223,-0.002928912484,8,8,-0.006301726282
2015-10-14,-0.00343153376,-0.00343153376,0,0,-0.00160898548,-0.00182254828,1.040890361,-0.007750585671,8,8,-0.004793931675
2015-10-15,-0.0008560560656,-0.0008560560656,0,0,0.005044771946,-0.005900828011,1.044688809,-0.01122062338,8,8,0.01535434445
2015-10-16,-0.008125430678,-0.008125430678,0,0,-0.0015851317,-0.006540298978,1.056538865,-0.01208702662,8,8,0.004546498699
2015-10-19,-0.0006766537966,-0.0006766537966,0,0,0.0008496582992,-0.001526312096,1.070189785,-0.02037803763,8,8,0.0004916539745
2015-10-20,-0.0002383316854,-0.0002383316854,0,0,-0.002276116026,0.002037784341,1.073292003,-0.02106894781,8,8,-0.001277725877
2015-10-21,-0.002186336826,-0.002186336826,0,0,-0.005614746327,0.003428409502,1.069232935,-0.0213123589,8,8,-0.00620380504
2015-10-22,-0.01253805269,-0.01253805269,0,0,0.003162896148,-0.01570094884,1.06251279,-0.02355018436,8,8,0.01689354293
2015-10-23,0.001439009515,0.001439009515,0,0,0.009456848828,-0.008017839313,1.095107146,-0.03654645848,8,8,0.01096192947
2015-10-26,0.001000972305,0.001000972305,0,0,0.003754888238,-0.002753915933,1.110983119,-0.03505700161,8,8,-0.002457525882
2015-10-27,0.001222997084,0.001222997084,0,0,-0.0007703581707,0.001993355255,1.116374463,-0.03402197425,8,8,-0.001932585384
2015-10-28,0.01260163415,0.01260163415,0,0,0.014427854,-0.001826219845,1.11225047,-0.03275891311,8,8,0.01137455811
2015-10-29,0.001731040004,0.001731040004,0,0,-0.001756324037,0.003487364041,1.11446052,-0.01990642547,8,8,-0.0005743999559
2015-10-30,0.006921748358,0.006921748358,0,0,0.006148762074,0.0007729862848,1.107300052,-0.01814397751,8,8,-0.004309516561
2015-11-02,0.007627057742,0.006143585016,0.001483472727,1.483472727,0.009763531016,-0.002136473274,1.105027108,-0.01114508567,8,8,0.01183077192
2015-11-03,-0.004486907179,-0.004486907179,0,0,-0.0009578040588,-0.00352910312,1,0,8,8,0.002899506673
2015-11-04,0.00871988719,0.00871988719,0,0,0.008848009517,-0.0001281223266,1.007090018,-0.004507130254,8,8,-0.003033242358
2015-11-05,1.619538337e-05,1.619538337e-05,0,0,-0.0001382558294,0.0001544512128,1.007282758,0.004176339725,8,8,-0.0009984622331
2015-11-06,-0.001950410309,-0.001950410309,0,0,0.006945146029,-0.008895556339,1.006973743,0.00419246721,8,8,-0.0005232090746
2015-11-09,-0.002655017359,-0.002655017359,0,0,-0.009028101915,0.006373084556,1.024813252,0.002246438378,8,8,-0.009331415427
2015-11-10,-0.002766495125,-0.002766495125,0,0,-0.002789697799,2.320267437e-05,1.012099206,-0.0004096666532,8,8,0.002306505737
2015-11-11,-0.002162345756,-0.002162345756,0,0,-0.001444870487,-0.0007174752691,1.012086237,-0.00318497299,8,8,-0.003931766162
2015-11-12,-0.0004914031051,-0.0004914031051,0,0,-0.008727150372,0.008235747266,1.013550489,-0.005358906555,8,8,-0.0139593238
2015-11-13,-0.001655125138,-0.001655125138,0,0,-0.008848540854,0.007193415716,0.9970775581,-0.005853185934,8,8,-0.01122865457
2015-11-16,0.004312105361,0.004312105361,0,0,0.01359337585,-0.00928127049,0.9826620301,-0.007520758868,8,8,0.01520685147
2015-11-17,0.007602012851,0.007602012851,0,0,0.005259560217,0.002342452633,1.001219313,-0.003194876862,8,8,-0.0007293623096
2015-11-18,0.001543336103,0.001543336103,0,0,0.01108116818,-0.009537832081,0.9965605547,0.004373885654,8,8,0.01586592694
2015-11-19,-0.00221144549,-0.00221144549,0,0,-0.003148116932,0.0009366714424,1.015612124,0.005908103568,8,8,-0.0008621592011
2015-11-20,-0.001340787149,-0.001340787149,0,0,0.002334535438,-0.003675322587,1.013769231,0.003704851154,8,8,0.003644028525
2015-11-23,-0.003288105624,-0.003288105624,0,0,-0.002277870524,-0.0010102351,1.021148232,0.002367237967,8,8,-0.001146563146
2015-11-24,0.001363230081,0.001363230081,0,0,0.0005802467142,0.0007829833664,1.023245134,-0.0009239055551,8,8,0.001339294073
2015-11-25,0.004886195194,0.004886195194,0,0,0.005017073702,-0.0001308785081,1.021649654,0.0004387264404,8,8,-0.0001432386404
2015-11-27,0.002246729141,0.002246729141,0,0,0.0025680617,-0.000321332559,1.021804868,0.005299029542,8,8,0.001146682159
2015-11-30,-0.007054984197,-0.007054984197,0,0,-0.004723431379,-0.002331552818,1.022397213,0.007528843411,8,8,-0.004151842382
2015-12-01,0.002156670636,0.0007353645655,0.001421306071,1.421306071,0.008655008337,-0.006498337701,1.027252585,0.0004772260362,8,8,0.009535734598
2015-12-02,-0.0007534737236,-0.0007534737236,0,0,-0.00357703932,0.002823565597,1,0,8,8,-0.01020495289
2015-12-03,-0.006216022817,-0.006216022817,0,0,-0.006432322969,0.0002163001519,0.9943486106,-0.0007540418743,8,8,-0.01400282906
2015-12-04,5.720305549e-05,5.720305549e-05,0,0,0.01029290609,-0.01023570304,0.9938779556,-0.007013661773,8,8,0.01950308686
2015-12-07,0.003843027633,0.003843027633,0,0,-0.001814454294,0.005657481926,1.014348541,-0.006956060809,8,8,-0.006058650453
2015-12-08,-0.002685933655,-0.002685933655,0,0,-0.002731842578,4.59089234e-05,1.003021964,-0.003101115504,8,8,-0.006719523469
2015-12-09,0.003384746814,0.003384746814,0,0,-0.004740520086,0.0081252669,1.002938037,-0.00580263465,8,8,-0.007779631279
2015-12-10,0.001028988161,0.001028988161,0,0,0.002289213711,-0.00126022555,0.9867324107,-0.002409731505,8,8,0.00258085396
2015-12-11,0.009007539633,0.009007539633,0,0,-0.006701979387,0.01570951902,0.9892639091,-0.001379324036,8,8,-0.01938117601
2015-12-14,-0.002734106003,-0.002734106003,0,0,0.001077344812,-0.003811450815,0.9582211953,0.007560117538,8,8,0.005052754728
2015-12-15,0.001633093436,0.001633093436,0,0,0.004823757837,-0.003190664401,0.965750455,0.004839242537,8,8,0.01049772273
2015-12-16,-0.003793413009,-0.003793413009,0,0,0.006457682436,-0.01025109544,0.972177221,0.006461783277,8,8,0.01463241839
2015-12-17,-0.0007997658123,-0.0007997658123,0,0,-0.006355034407,0.005555268595,0.9926515362,0.002678531043,8,8,-0.01523832163
2015-12-18,-0.003478859651,-0.003478859651,0,0,-0.010898679,0.007419819352,0.9815262243,0.001880269006,8,8,-0.01781519201
2015-12-21,-0.0005427304798,-0.0005427304798,0,0,0.005119335523,-0.005662066002,0.9665702883,-0.001604171332,8,8,0.008249211536
2015-12-22,0.001255382687,0.001255382687,0,0,0.00257183829,-0.001316455603,0.9778824164,-0.002148067634,8,8,0.009074165517
2015-12-23,0.0003604266707,0.0003604266707,0,0,0.005417824973,-0.005057398302,0.9805397577,-0.0008915656912,8,8,0.01238332158
2015-12-24,0.0001731920529,0.0001731920529,0,0,-0.0005869410324,0.0007601330854,0.9906579214,-0.0005309476528,8,8,-0.001650393201
2015-12-28,-0.002985015682,-0.002985015682,0,0,-0.0013445037,-0.001640511982,0.9891395362,-0.0003576936502,8,8,-0.002285119724
2015-12-29,-0.002368348926,-0.002368348926,0,0,0.005754508062,-0.008122856988,0.9923978677,-0.003352717246,8,8,0.0106721757
2015-12-30,-0.000507527081,-0.000507527081,0,0,-0.002818202864,0.002310675783,1.008664101,-0.005734647819,8,8,-0.007087972595
2015-12-31,-0.0007339709216,-0.0007339709216,0,0,-0.005871311954,0.005137341033,1.004044803,-0.006245344581,8,8,-0.01000328008
2016-01-04,0.01016720494,0.008559904374,0.001607300564,1.607300564,-0.006140497664,0.0163077026,0.9937655446,-0.00698444188,8,8,-0.01397955052
2016-01-05,-0.005745629092,-0.005745629092,0,0,-0.004306757203,-0.001438871889,1,0,8,8,0.001691263701
2016-01-06,0.00397454397,0.00397454397,0,0,-0.001273421149,0.005247965119,1.002894374,-0.005778832118,8,8,-0.01261407362
2016-01-07,-0.006346011067,-0.006346011067,0,0,-0.01250671154,0.006160700473,0.9924285367,-0.001797145315,8,8,-0.02399148944
2016-01-08,0.001511051368,0.001511051368,0,0,-0.004395475268,0.005906526636,0.9799800891,-0.008195162977,8,8,-0.0109767463
2016-01-11,0.0002432583138,0.0002432583138,0,0,0.002173401412,-0.001930143098,0.9682150645,-0.006674026812,8,8,0.0009899369145
2016-01-12,0.00136970096,0.00136970096,0,0,0.004083460193,-0.002713759234,0.972082142,-0.006429204541,8,8,0.008068151702
2016-01-13,-0.005869414133,-0.005869414133,0,0,-0.01814319969,0.01227378556,0.9775404233,-0.005052583054,8,8,-0.02494027948
2016-01-14,0.001332450746,0.001332450746,0,0,0.008561050062,-0.007228599316,0.9527153189,-0.0109864814,8,8,0.01641668543
2016-01-15,-0.007343007887,-0.007343007887,0,0,-0.01437090916,0.007027901271,0.9672162003,-0.009641184246,8,8,-0.02146581119
2016-01-19,-0.006799933949,-0.006799933949,0,0,-0.000127880332,-0.006672053617,0.9528139099,-0.01710982975,8,8,0.001330875374
2016-01-20,-0.002542046122,-0.002542046122,0,0,-0.006691313024,0.004149266903,0.9659263184,-0.02407346165,8,8,-0.01281543542
2016-01-21,-0.002453364351,-0.002453364351,0,0,0.0003359777197,-0.002789342071,0.9575197979,-0.02668333804,8,8,0.00560216689
2016-01-22,0.003789870129,0.003789870129,0,0,0.008775121543,-0.004985251414,0.9630077265,-0.02920836115,8,8,0.02051548735
2016-01-25,-0.008744905549,-0.008744905549,0,0,-0.0123428619,0.003597956353,0.9730802517,-0.02532252195,8,8,-0.01511672225
2016-01-26,0.00439424974,0.00439424974,0,0,0.006912255399,-0.002518005659,0.9655833688,-0.03436797217,8,8,0.01364337173
2016-01-27,-0.004322374209,-0.004322374209,0,0,-0.008869664662,0.004547290452,0.9707479211,-0.02984258665,8,8,-0.01088310269
2016-01-28,0.001976458658,0.001976458658,0,0,0.006458148524,-0.004481689866,0.961486872,-0.03431327568,8,8,0.00520881186
2016-01-29,-0.006358775735,-0.006358775735,0,0,0.009422372202,-0.01578114794,0.9705085404,-0.03227303071,8,8,0.02437748907
2016-02-01,-0.006268955207,-0.007564130377,0.00129517517,1.29517517,-6.05594718e-05,-0.006208395735,1.002084089,-0.03887902947,8,8,-0.0003615755275
2016-02-02,-0.01705811011,-0.01705811011,0,0,-0.02205817111,0.005000060992,1,0,8,8,-0.01802194688
2016-02-03,-0.002388705203,-0.002388705203,0,0,0.0001739877789,-0.002562692982,0.9898263345,-0.01735413893,8,8,0.005994784545
2016-02-04,-0.0008412854828,-0.0008412854828,0,0,-0.00102545216,0.0001841666774,0.9949396327,-0.01979011689,8,8,0.001568198913
2016-02-05,-0.01866903906,-0.01866903906,0,0,-0.02708989264,0.008420853579,0.9945667285,-0.02064877388,8,8,-0.01905021006
2016-02-08,-0.01532998292,-0.01532998292,0,0,-0.0143986735,-0.0009313094225,0.9773012576,-0.04006580298,8,8,-0.01346082122
2016-02-09,0.003962428928,0.003962428928,0,0,0.002702441173,0.001259987755,0.9788394861,-0.05625822351,8,8,5.397977876e-05
2016-02-10,-0.0006714737962,-0.0006714737962,0,0,-0.001909915903,0.001238442106,0.9764129725,-0.05208939406,8,8,-0.0008625561608
2016-02-11,-0.003894177436,-0.003894177436,0,0,-0.007180050191,0.003285872754,0.9739185753,-0.0527963192,8,8,-0.01300832245
2016-02-12,0.004314246614,0.004314246614,0,0,0.009201013123,-0.004886766509,0.9672191755,-0.05691212254,8,8,0.02061696487
2016-02-16,0.006428191281,0.006428191281,0,0,0.008141741837,-0.001713550556,0.9770915412,-0.0523719305,8,8,0.01687825706
2016-02-17,0.01480728798,0.01480728798,0,0,0.01948375253,-0.004676464555,0.9806430724,-0.04565029042,8,8,0.01633460242
2016-02-18,-0.00589728862,-0.00589728862,0,0,-0.006786877278,0.0008895886585,0.9901419721,-0.03039296506,8,8,-0.004095902812
2016-02-19,-0.003568236629,-0.003568236629,0,0,-0.001945121898,-0.001623114731,0.9882937597,-0.03650553736,8,8,-0.0004684777244
2016-02-22,0.01229097305,0.01229097305,0,0,0.01696853611,-0.004677563061,0.9915096938,-0.04021727876,8,8,0.01447918322
2016-02-23,-0.006080587941,-0.006080587941,0,0,-0.009022901668,0.002942313727,1.000854319,-0.02758723178,8,8,-0.01262948322
2016-02-24,-0.00193205389,-0.00193205389,0,0,0.0007328374231,-0.002664891313,0.9949389177,-0.0338737923,8,8,0.004575652035
2016-02-25,0.008785842172,0.008785842172,0,0,0.01403177335,-0.005245931175,1.00026922,-0.03587515893,8,8,0.01211156232
2016-02-26,0.01145423804,0.01145423804,0,0,0.005641290297,0.005812947747,1.010667361,-0.02685338714,8,8,-0.002301060969
2016-02-29,-0.0004853471427,-0.0004853471427,0,0,-0.003599944963,0.00311459782,0.9990523205,-0.01522476105,8,8,-0.00784248638
2016-03-01,0.005509206945,0.003984396948,0.001524809998,1.524809998,0.01298004396,-0.007470837014,0.9928196399,-0.01571773675,8,8,0.0235064991
2016-03-02,0.00222543692,0.00222543692,0,0,0.00385336312,-0.001627926201,1,0,8,8,0.004492721118
2016-03-03,-0.0005568698788,-0.0005568698788,0,0,0.002778194094,-0.003335063972,1.003248623,0.002220495347,8,8,0.003919460338
2016-03-04,-0.0002949012181,-0.0002949012181,0,0,0.004890901178,-0.005185802396,1.009924277,0.001664552408,8,8,0.003253585916
2016-03-07,-0.008169027998,-0.008169027998,0,0,-0.004187381338,-0.00398164666,1.020301869,0.001370055221,8,8,0.0007980936777
2016-03-08,-0.00218216066,-0.00218216066,0,0,-0.009486799846,0.007304639185,1.028497963,-0.006854971229,8,8,-0.01091753058
2016-03-09,0.003001830596,0.003001830596,0,0,0.004157655804,-0.001155825208,1.013919058,-0.009056895491,8,8,0.004939548776
2016-03-10,0.001215716686,0.001215716686,0,0,0.001443517033,-0.0002278003477,1.016182133,-0.006036943014,8,8,0.0008024781688
2016-03-11,0.003892672314,0.003892672314,0,0,0.01231616332,-0.008423491003,1.016617531,-0.0048153722,8,8,0.01613701432
2016-03-14,-0.0006168649225,-0.0006168649225,0,0,-0.0005564452418,-6.04196807e-05,1.033334752,-0.0009191220449,8,8,-0.001282021298
2016-03-15,-0.001191792398,-0.001191792398,0,0,-0.001871815343,0.0006800229456,1.033476242,-0.001536935049,8,8,-0.001629654656
2016-03-16,-0.00129336275,-0.00129336275,0,0,0.003818550522,-0.005111913273,1.032154517,-0.002731983403,8,8,0.005787004812
2016-03-17,-0.005438937075,-0.005438937075,0,0,-5.938408922e-07,-0.005438343235,1.042433225,-0.004030559129,8,8,0.006344201716
2016-03-18,-0.0006766724996,-0.0006766724996,0,0,0.004876792028,-0.005553464528,1.053601447,-0.009521281857,8,8,0.003929880064
2016-03-21,-0.0009420595116,-0.0009420595116,0,0,-0.0008603964451,-8.166306645e-05,1.064752192,-0.0102048597,8,8,0.001418631668
2016-03-22,-0.000856802181,-0.000856802181,0,0,-1.260555292e-05,-0.0008441966281,1.06497673,-0.01115743018,8,8,-0.0005375456738
2016-03-23,-0.002858158634,-0.002858158634,0,0,-0.0046510837,0.001792925066,1.066722291,-0.01202453501,8,8,-0.006599347239
2016-03-24,-0.0006471848732,-0.0006471848732,0,0,0.000967098835,-0.001614283708,1.063317412,-0.01492535267,8,8,-0.0004428732889
2016-03-28,-0.001303787589,-0.001303787589,0,0,-0.000784617801,-0.0005191697877,1.066589075,-0.01558262238,8,8,0.0005906707007
2016-03-29,0.0005130440993,0.0005130440993,0,0,0.004932537295,-0.004419493195,1.067715701,-0.016908455,8,8,0.009250238769
2016-03-30,-6.053000538e-05,-6.053000538e-05,0,0,0.002586275112,-0.002646805117,1.076515432,-0.01638700365,8,8,0.004387845359
2016-03-31,0.0008112394951,0.0008112394951,0,0,-0.0005708121513,0.001382051646,1.081813994,-0.01644852928,8,8,-0.002427226894
2016-04-01,0.001107015244,-0.0003521727865,0.001459188031,1.459188031,0.003754721887,-0.002647706643,1.078985815,-0.01562461448,8,8,0.006812350897
2016-04-04,0.0008230034837,0.0008230034837,0,0,-0.0001532702864,0.0009762737701,1,0,8,8,-0.003238063828
2016-04-05,-0.001511882358,-0.001511882358,0,0,-0.002421084883,0.0009092025251,0.9980490581,0.000822326706,8,8,-0.00998819213
2016-04-06,-0.00176500424,-0.00176500424,0,0,0.006858926683,-0.008623930923,0.9962249456,-0.0006905997576,8,8,0.01092169204
2016-04-07,0.001864424343,0.001864424343,0,0,-0.005801651384,0.007666075728,1.013496629,-0.002459945812,8,8,-0.01196641424
2016-04-08,-0.003924373034,-0.003924373034,0,0,-0.001910905677,-0.002013467357,0.9981678934,-0.0005944132302,8,8,0.002696863962
2016-04-11,-0.002066618843,-0.002066618843,0,0,-0.002054009675,-1.260916783e-05,1.002203475,-0.004536589534,8,8,-0.002347179524
2016-04-12,-0.001749646167,-0.001749646167,0,0,0.005411191392,-0.007160837558,1.002233309,-0.006616882951,8,8,0.009312663708
2016-04-13,-0.00136938016,-0.00136938016,0,0,0.008060887466,-0.009430267626,1.016584,-0.008381193241,8,8,0.01010109048
2016-04-14,0.0008418874937,0.0008418874937,0,0,0.001259882416,-0.0004179949223,1.035493139,-0.009763943952,8,8,4.787294779e-05
2016-04-15,0.0008416048074,0.0008416048074,0,0,-0.001364986007,0.002206590814,1.03629857,-0.008914551409,8,8,-0.001105353359
2016-04-18,0.00264911397,0.00264911397,0,0,0.004007102154,-0.001357988185,1.031858576,-0.008066158084,8,8,0.007026834546
2016-04-19,0.003776306417,0.003776306417,0,0,0.005517416511,-0.001741110094,1.034483202,-0.005402731663,8,8,0.003153969565
2016-04-20,0.0009260601136,0.0009260601136,0,0,0.003382900306,-0.002456840192,1.037822593,-0.001620306472,8,8,0.000952909802
2016-04-21,0.003283082255,0.003283082255,0,0,-0.0006556271438,0.003938709399,1.042696733,-0.000693604039,8,8,-0.00537828349
2016-04-22,-0.002427011448,-0.002427011448,0,0,0.0009163031722,-0.00334331462,1.034705374,0.002581004566,8,8,0
2016-04-25,0.004046790644,0.004046790644,0,0,-0.000920251745,0.004967042389,1.041492706,0.0001543677707,8,8,-0.001722922521
2016-04-26,-0.005913558451,-0.005913558451,0,0,-0.00094237227,-0.004971186181,1.031431425,0.004184225729,8,8,0.001486281823
2016-04-27,0.001571785951,0.001571785951,0,0,0.0004039442582,0.001167841693,1.04161992,-0.001739620067,8,8,0.002058003853
2016-04-28,0.005534331921,0.005534331921,0,0,-0.002996507624,0.008530839545,1.039222587,-0.000167570731,8,8,-0.009075909507
2016-04-29,0.003724861537,0.003724861537,0,0,-0.001158009523,0.00488287106,1.022038937,0.005337223225,8,8,-0.005398640709
2016-05-02,0.003944528725,0.002300743029,0.001643785696,1.643785696,0.004438569024,-0.000494040299,1.012227648,0.009028455018,8,8,0.007948481961
2016-05-03,0.002151508177,0.002151508177,0,0,-0.004238013279,0.006389521456,1,0,8,8,-0.008703222452
2016-05-04,0.003617026033,0.003617026033,0,0,-0.002469450966,0.006086476999,0.9872483923,0.002146889127,8,8,-0.005578368842
2016-05-05,-0.001372270491,-0.001372270491,0,0,-0.001979037065,0.0006067665732,0.9751652662,0.005743142066,8,8,-0.0001949872982
2016-05-06,0.0007703773789,0.0007703773789,0,0,0.003143942739,-0.002373565361,0.9739159386,0.004376877835,8,8,0.003658745388
2016-05-09,0.001743123296,0.001743123296,0,0,0.0001606553019,0.001582467994,0.9786794942,0.005143292937,8,8,0.0008267113998
2016-05-10,0.000153025621,0.000153025621,0,0,0.007364507359,-0.007211481738,0.9755571651,0.006874433249,8,8,0.01243380621
2016-05-11,-0.006339260014,-0.006339260014,0,0,-0.007002075725,0.000662815711,0.9899816616,0.007026383653,8,8,-0.00935480725
2016-05-12,-0.002765605234,-0.002765605234,0,0,-0.002363710748,-0.0004018944863,0.988583659,0.0006915072833,8,8,0.0002903705285
2016-05-13,0.002162059038,0.002162059038,0,0,-0.002728685805,0.004890744844,0.9893580165,-0.002079849995,8,8,-0.008713904693
2016-05-16,0.002949981751,0.002949981751,0,0,0.00680684019,-0.00385685844,0.9796205883,8.203168613e-05,8,8,0.009865035099
2016-05-17,0.0006272477766,0.0006272477766,0,0,-0.005267935068,0.005895182844,0.9873715588,0.003023095361,8,8,-0.00933317833
2016-05-18,-0.003522717332,-0.003522717332,0,0,0.00239348204,-0.005916199372,0.9755965002,0.003648054903,8,8,0.0002923576686
2016-05-19,0.00299726544,0.00299726544,0,0,0.0001410500099,0.00285621543,0.9873844579,0.0001257806606,8,8,-0.003464647276
2016-05-20,0.002146668002,0.002146668002,0,0,0.005094479423,-0.002947811421,0.9817267967,0.003113713475,8,8,0.006317075053
2016-05-23,0.003210362971,0.003210362971,0,0,0.001324207963,0.001886155008,0.9876489332,0.005249113373,8,8,-0.001362423965
2016-05-24,0.003688448948,0.003688448948,0,0,0.01005169196,-0.006363243016,0.9839282194,0.008432405263,8,8,0.01296244055
2016-05-25,-0.001522439853,-0.001522439853,0,0,0.005078234572,-0.006600674425,0.9966669991,0.01207631135,8,8,0.006782891932
2016-05-26,0.002297186894,0.002297186894,0,0,0.001866551847,0.000430635047,1.009883395,0.01056996363,8,8,0.0002866854567
2016-05-27,0.0002740706106,0.0002740706106,0,0,0.002383417744,-0.002109347134,1.009001447,0.01283766002,8,8,0.004299307421
2016-05-31,-8.375567099e-05,-8.375567099e-05,0,0,-0.0003761303775,0.0002923747065,1.013216519,0.01310813808,8,8,-0.001902309296
2016-06-01,-0.003354146164,-0.00500507913,0.001650932965,1.650932965,-0.002175928343,-0.001178217821,1.012632827,0.01302547337,8,8,0.002048551872
2016-06-02,0.0008144587344,0.0008144587344,0,0,0.00140968668,-0.0005952279458,1,0,8,8,0.003043981013
2016-06-03,0.004073633219,0.004073633219,0,0,0.0003383075141,0.003735325704,1.001189487,0.0008137959312,8,8,-0.002987018631
2016-06-06,0.005762274463,0.005762274463,0,0,0.007896538235,-0.002134263772,0.993744319,0.004867600331,8,8,0.005088529487
2016-06-07,0.005805430559,0.005805430559,0,0,0.005417714188,0.0003877163711,0.9980242315,0.01056897347,8,8,0.001561326673
2016-06-08,0.004217579506,0.004217579506,0,0,0.004010981024,0.0002065984827,0.9972646785,0.01627989224,8,8,0.003259758179
2016-06-09,-0.003376009284,-0.003376009284,0,0,-0.002744189255,-0.0006318200285,0.9968647049,0.02041138511,8,8,-0.001365597937
2016-06-10,-0.002189850598,-0.002189850598,0,0,-0.00792009529,0.005730244691,0.9981220048,0.01709308223,8,8,-0.009477504448
2016-06-13,0.000992390807,0.000992390807,0,0,-0.002650108327,0.003642499134,0.986632242,0.01493593911,8,8,-0.007711739617
2016-06-14,-0.001943959968,-0.001943959968,0,0,-0.001086725638,-0.0008572343306,0.979367719,0.01591253846,8,8,-0.001967018938
2016-06-15,-0.0007209778468,-0.0007209778468,0,0,-0.0003225844373,-0.0003983934095,0.9810453406,0.01399578574,8,8,-0.001393847648
2016-06-16,-0.003985661428,-0.003985661428,0,0,-0.001856626843,-0.002129034584,0.9818290266,0.01328438564,8,8,0.002984348638
2016-06-17,0.008727673125,0.008727673125,0,0,0.002270745236,0.006456927889,0.9860314217,0.009335934083,8,8,-0.003724348118
2016-06-20,0.00343845683,0.00343845683,0,0,0.00573870588,-0.00230024905,0.973350157,0.01790731799,8,8,0.00644018576
2016-06-21,-0.002185573547,-0.002185573547,0,0,-0.001251514756,-0.0009340587911,0.9780262111,0.0212726298,8,8,0.002838722177
2016-06-22,-0.005633541585,-0.005633541585,0,0,-0.008162417649,0.002528876064,0.97985029,0.01912886379,8,8,-0.001631224215
2016-06-23,-0.0009431789492,-0.0009431789492,0,0,0.005865168613,-0.006808347562,0.974649726,0.01357177939,8,8,0.01302248029
2016-06-24,-0.003919237081,-0.003919237081,0,0,-0.01966771593,0.01574847885,0.9882553438,0.01264052272,8,8,-0.03590886333
2016-06-27,-0.00203081534,-0.00203081534,0,0,-0.01021036656,0.008179551223,0.9565882452,0.008755600911,8,8,-0.0179099505
2016-06-28,0.0001594946763,0.0001594946763,0,0,0.008497549771,-0.008338055094,0.9401075122,0.006738470159,8,8,0.0180359842
2016-06-29,0.004475945162,0.004475945162,0,0,0.01275533501,-0.008279389844,0.956790514,0.006896864822,8,8,0.01702733498
2016-06-30,0.001556014572,0.001556014572,0,0,0.004928367141,-0.003372352568,0.9734680493,0.01132213274,8,8,0.01364578616
2016-07-01,-0.001789087465,-0.003778295232,0.001989207767,1.989207767,0.002702702396,-0.004491789861,0.9802434958,0.01285813986,8,8,0.00210054607
2016-07-05,-0.007478239562,-0.007478239562,0,0,-0.008180532232,0.0007022926701,1,0,8,8,-0.007193395562
2016-07-06,-0.001411296433,-0.001411296433,0,0,0.0001341039843,-0.001545400418,0.9985848317,-0.007534584993,8,8,0.005997918753
2016-07-07,0.004776023251,0.004776023251,0,0,0.002265388185,0.002510635065,1.001678001,-0.00895852456,8,8,-0.0006202073094
2016-07-08,0.005028498858,0.005028498858,0,0,0.01094748059,-0.005918981736,0.9966726222,-0.004162620537,8,8,0.01489036575
2016-07-11,0.001277372204,0.001277372204,0,0,0.002398492503,-0.0011211203,1.008468004,0.0008615460375,8,8,0.003527064089
2016-07-12,0.006775152114,0.006775152114,0,0,0.008690484714,-0.0019153326,1.010696581,0.002136189532,8,8,0.007263450571
2016-07-13,-0.002289382819,-0.002289382819,0,0,-0.0004049854381,-0.001884397381,1.014429485,0.008851372253,8,8,-0.0001395062545
2016-07-14,0.00557955644,0.00557955644,0,0,0.005757384347,-0.0001778279075,1.018240038,0.006577046812,8,8,0.005583445882
2016-07-15,-0.0003623291683,-0.0003623291683,0,0,0.0003038565496,-0.0006661857179,1.018492514,0.01208915115,8,8,-0.001342005741
2016-07-18,0.006006355192,0.006006355192,0,0,0.004960385047,0.001045970146,1.019832071,0.01173107249,8,8,0.002687286292
2016-07-19,-0.01016545624,-0.01016545624,0,0,-0.008655694318,-0.001509761919,1.017634213,0.01763152647,8,8,-0.001016309626
2016-07-20,0.005380536056,0.005380536056,0,0,0.004040052953,0.001340483102,1.020865848,0.007542745687,8,8,0.004162590691
2016-07-21,-0.004416482595,-0.004416482595,0,0,-0.004485218889,6.87362942e-05,1.018087561,0.01285411969,8,8,-0.003777068309
2016-07-22,0.002140891523,0.002140891523,0,0,0.003558189529,-0.001417298006,1.018029716,0.00847506708,8,8,0.004485159588
2016-07-25,0.004904808797,0.004904808797,0,0,0.0002785882498,0.004626220547,1.020819739,0.01059327954,8,8,-0.002715773727
2016-07-26,0.001560690966,0.001560690966,0,0,0.003481959561,-0.001921268595,1.01151084,0.0154224442,8,8,0.000461371925
2016-07-27,0.003309630432,0.003309630432,0,0,0.001644347429,0.001665283003,1.015329453,0.01695667104,8,8,-0.001060996646
2016-07-28,0.001675315657,0.001675315657,0,0,0.0007496528866,0.0009256627708,1.011959306,0.02019944876,8,8,0.001154618814
2016-07-29,-0.0005584621377,-0.0005584621377,0,0,-6.146102135e-06,-0.0005523160356,1.010091074,0.02183817858,8,8,0.001614486398
2016-08-01,0.005438393238,0.003679733279,0.001758659959,1.758659959,0.001064960718,0.00437343252,1.011201962,0.021291607,8,8,-0.000829001933
2016-08-02,0.004854637678,0.004854637678,0,0,9.023734319e-05,0.004764400334,1,0,8,8,-0.00640705778
2016-08-03,-0.001434451666,-0.001434451666,0,0,0.00246779614,-0.003902247807,0.9905172347,0.00483118403,8,8,0.002922639637
2016-08-04,-0.003794162092,-0.003794162092,0,0,-0.0009425195463,-0.002851642546,0.9983193195,0.003401611811,8,8,0.001063793998
2016-08-05,-0.004469195951,-0.004469195951,0,0,0.003468823606,-0.007938019557,1.004037925,-0.0003940453528,8,8,0.008179231392
2016-08-08,-0.000532631675,-0.000532631675,0,0,0.0008349742875,-0.001367605963,1.020003363,-0.004885073655,8,8,-0.0005962342332
2016-08-09,-0.001994318517,-0.001994318517,0,0,-0.0003985892309,-0.001595729286,1.022750693,-0.005420592509,8,8,0.0005965899405
2016-08-10,0.002720298183,0.002720298183,0,0,-0.001550398842,0.004270697025,1.025993992,-0.007429728271,8,8,-0.00247516847
2016-08-11,0.001569605393,0.001569605393,0,0,0.004352873381,-0.002783267988,1.01740525,-0.004696653789,8,8,0.004640717454
2016-08-12,-0.001745285482,-0.001745285482,0,0,0.00150227321,-0.003247558692,1.022935786,-0.003122147855,8,8,-0.0008689160007
2016-08-15,-0.003079841239,-0.003079841239,0,0,1.332969546e-05,-0.003093170935,1.029482359,-0.004875943251,8,8,0.002883626598
2016-08-16,0.00019043089,0.00019043089,0,0,-0.0007604727245,0.0009509036145,1.035778894,-0.00798036274,8,8,-0.005157730128
2016-08-17,0.00403892699,0.00403892699,0,0,0.002711479696,0.001327447293,1.033870636,-0.007788448689,8,8,0.001881077875
2016-08-18,0.002127401374,0.002127401374,0,0,0.002413813415,-0.0002864120407,1.031090171,-0.003734438575,8,8,0.002243818486
2016-08-19,-0.005899413887,-0.005899413887,0,0,-0.004690457961,-0.001208955926,1.031595778,-0.001603625645,8,8,-0.001461727802
2016-08-22,-0.0007141499174,-0.0007141499174,0,0,-0.002011893025,0.001297743107,1.034215542,-0.007547565747,8,8,-4.590211342e-05
2016-08-23,-0.001754573944,-0.001754573944,0,0,0.0007509300032,-0.002505503947,1.031642653,-0.008267619984,8,8,0.002013309929
2016-08-24,0.002408340886,0.002408340886,0,0,-0.0006948684863,0.003103209372,1.036718086,-0.01003980952,8,8,-0.005114581096
2016-08-25,0.001112626078,0.001112626078,0,0,0.0005649701154,0.000547655963,1.030438361,-0.007613133609,8,8,-0.000688656815
2016-08-26,-0.00428875889,-0.00428875889,0,0,-0.003349144133,-0.0009396147575,1.029310437,-0.006493282935,8,8,-0.001883570943
2016-08-29,0.001985602994,0.001985602994,0,0,0.001756333512,0.0002292694817,1.031324008,-0.01082848258,8,8,0.004924448617
2016-08-30,-0.0009276869898,-0.0009276869898,0,0,-0.001095871152,0.000168184162,1.030804304,-0.008825355929,8,8,-0.001648752406
2016-08-31,-0.001860624123,-0.001860624123,0,0,-0.002847442271,0.0009868181473,1.030496227,-0.009762099091,8,8,-0.002844024824
2016-09-01,0.0003127381156,-0.001217157107,0.001529895222,1.529895222,-0.001586018122,0.001898756238,1.028575759,-0.01164438905,8,8,4.589985722e-05
2016-09-02,0.001727242137,0.001727242137,0,0,0.001082621133,0.0006446210043,1,0,8,8,0.004508114961
2016-09-06,0.004062454869,0.004062454869,0,0,0.003032031062,0.001030423807,0.998712981,0.001724263916,8,8,0.003022547287
2016-09-07,0.001123773707,0.001123773707,0,0,-0.00163465589,0.002758429597,0.9966656789,0.005763305615,8,8,-9.151707836e-05
2016-09-08,-0.003585672323,-0.003585672323,0,0,-0.003047407908,-0.0005382644152,0.9911587553,0.006879348492,8,8,-0.002283147039
2016-09-09,0.002337473138,0.002337473138,0,0,-0.009448122111,0.01178559525,0.9922073422,0.003305528711,8,8,-0.02393452866
2016-09-12,0.001016741105,0.001016741105,0,0,0.007274843356,-0.006258102251,0.9687092929,0.005629842245,8,8,0.01434718868
2016-09-13,-0.001271065476,-0.001271065476,0,0,-0.006673953704,0.005402888228,0.9812445668,0.006639832359,8,8,-0.0143753577
2016-09-14,0.0002930470982,0.0002930470982,0,0,0.000532107465,-0.0002390603668,0.9704011683,0.005375599622,8,8,-0.0003752695438
2016-09-15,-0.002544304331,-0.002544304331,0,0,0.004292700179,-0.006837004511,0.9708878203,0.005666986027,8,8,0.00999304394
2016-09-16,0.005932865416,0.005932865416,0,0,0.002539568428,0.003393296987,0.9845224497,0.003130647014,8,8,-0.003865655551
2016-09-19,-0.002114499816,-0.002114499816,0,0,-0.001098509672,-0.001015990145,0.9778671668,0.009010056974,8,8,0.000187696922
2016-09-20,0.0004841627744,0.0004841627744,0,0,0.0004908471593,-6.684384896e-06,0.9798565538,0.006910168709,8,8,4.643520443e-05
2016-09-21,-0.00268794789,-0.00268794789,0,0,0.005634107702,-0.008322055592,0.9798796641,0.007390753155,8,8,0.0112453995
2016-09-22,0.001283313857,0.001283313857,0,0,0.002363909004,-0.001080595147,0.9965144062,0.004715480231,8,8,0.006301901455
2016-09-23,0.002254866375,0.002254866375,0,0,-0.001200363789,0.003455230164,0.9986772939,0.005991105618,8,8,-0.005479272632
2016-09-26,0.00170929208,0.00170929208,0,0,-0.004380462791,0.006089754871,0.9917853565,0.00822742026,8,8,-0.008102371034
2016-09-27,-0.005014345914,-0.005014345914,0,0,0.002601579889,-0.007615925803,0.9796406469,0.009919756579,8,8,0.006207862738
2016-09-28,-0.00229376858,-0.00229376858,0,0,5.482627618e-05,-0.002348594856,0.9948466578,0.004930132053,8,8,0.004963596106
2016-09-29,-0.004444182469,-0.004444182469,0,0,-0.008867754041,0.004423571572,0.9995427988,0.002642424584,8,8,-0.009046973178
2016-09-30,-0.002414034149,-0.002414034149,0,0,0.004337211487,-0.006751245637,0.9906541209,-0.001809800971,8,8,0.007546329248
2016-10-03,0.002598673458,0.00109117578,0.001507497678,1.507497678,0.001696831967,0.000901841491,1.004166671,-0.004234056277,8,8,-0.00240428668
2016-10-04,0.002503131757,0.002503131757,0,0,0.0006772939975,0.001825837759,1,0,8,8,-0.005097778526
2016-10-05,-0.005152116632,-0.005152116632,0,0,-0.001241529203,-0.00391058743,0.9963574423,0.002496881733,8,8,0.004425181751
2016-10-06,0.001683741041,0.001683741041,0,0,0.001533997517,0.0001497435236,1.004200257,-0.002668985826,8,8,0.0006956389488
2016-10-07,-0.001209282428,-0.001209282428,0,0,-0.002060204943,0.0008509225153,1.003894213,-0.0009835886761,8,8,-0.003429603872
2016-10-10,0.003860555074,0.003860555074,0,0,0.005760273391,-0.001899718317,1.002195023,-0.002195526115,8,8,0.005208400245
2016-10-11,-0.0004383266917,-0.0004383266917,0,0,-0.006977799599,0.006539472907,1.005971407,0.001658625743,8,8,-0.01262973632
2016-10-12,-0.0008317989472,-0.0008317989472,0,0,0.001098588828,-0.001930387775,0.9928893439,0.001220834176,8,8,0.001312256614
2016-10-13,-0.0001450319871,-0.0001450319871,0,0,-0.004335751694,0.004190719707,0.996747414,0.000389359097,8,8,-0.003275841737
2016-10-14,0.00498329919,0.00498329919,0,0,0.005171555676,-0.0001882564866,0.988364287,0.0002443625503,8,8,0.0005166833498
2016-10-17,-0.001212123081,-0.001212123081,0,0,-0.003960788634,0.002748665553,0.9887966297,0.005201739914,8,8,-0.003472242549
2016-10-18,-0.0001947693257,-0.0001947693257,0,0,0.004751255096,-0.004946024421,0.9832790307,0.003994458608,8,8,0.006262481765
2016-10-19,0.001562962286,0.001562962286,0,0,0.002883754832,-0.001320792546,0.9931697493,0.003800429489,8,8,0.00266694333
2016-10-20,-0.001947194346,-0.001947194346,0,0,-0.001890864313,-5.633003302e-05,0.9958178709,0.005355022077,8,8,-0.001866669151
2016-10-21,0.001392474874,0.001392474874,0,0,0.001179074168,0.0002134007068,0.9959225914,0.00341447638,8,8,0.0004673316977
2016-10-24,-0.003099087838,-0.003099087838,0,0,0.003101254856,-0.006200342694,0.9955020533,0.004800267004,8,8,0.004252830959
2016-10-25,-0.003491973565,-0.003491973565,0,0,-0.003415551972,-7.642159229e-05,1.007927306,0.001706467659,8,8,-0.003350499987
2016-10-26,0.004957878992,0.004957878992,0,0,0.001529236253,0.003428642738,1.008108464,-0.001791762693,8,8,-0.00200760433
2016-10-27,0.001446327001,0.001446327001,0,0,0.0003182567315,0.001128070269,1.001245006,0.003150496518,8,8,-0.00266690282
2016-10-28,0.0004926909453,0.0004926909453,0,0,-0.001372598852,0.001865289798,0.9989903255,0.00459018461,8,8,-0.002955634711
2016-10-31,-0.002502616899,-0.002502616899,0,0,-0.003180919336,0.0006783024366,0.9952620803,0.005080372502,8,8,4.721231015e-05
2016-11-01,0.002238229085,0.0004887869161,0.001749442169,1.749442169,-0.003074582832,0.005312811918,0.9938901849,0.002584222923,8,8,-0.007245531583
2016-11-02,0.0006620123917,0.0006620123917,0,0,-0.004049213461,0.004711225853,1,0,8,8,-0.006018576042
2016-11-03,-0.0007649501549,-0.0007649501549,0,0,-0.002333591823,0.001568641668,0.9905837819,0.0006615744212,8,8,-0.004576997201
2016-11-04,0.002447157427,0.002447157427,0,0,0.001813095822,0.0006340616048,0.9874368885,-0.0001034548715,8,8,-0.001101512067
2016-11-07,0.001907713121,0.001907713121,0,0,0.01404628293,-0.01213856981,0.9862025298,0.002337981147,8,8,0.0220570131
2016-11-08,-0.0004883550128,-0.0004883550128,0,0,0.0002807607048,-0.0007691157176,1.010459715,0.004237610123,8,8,0.004503940268
2016-11-09,0.01224466306,0.01224466306,0,0,0.01995520458,-0.007710541519,1.012003809,0.003751086973,8,8,0.0106021445
2016-11-10,0.003532762198,0.003532762198,0,0,0.008325549058,-0.00479278686,1.027093145,0.01580225673,8,8,0.002495405801
2016-11-11,-0.007133593754,-0.007133593754,0,0,-0.004639277282,-0.002494316472,1.036549598,0.01926695336,8,8,-0.002305144239
2016-11-14,-0.01141951697,-0.01141951697,0,0,-0.002464323816,-0.008955193157,1.041836677,0.01222053594,8,8,0.0007857492866
2016-11-15,-0.001651822911,-0.001651822911,0,0,-0.0001235182241,-0.001528304687,1.060437227,0.0008102718846,8,8,0.007802690088
2016-11-16,0.002530754526,0.002530754526,0,0,-0.004152601339,0.006683355865,1.063598891,-0.0008429434199,8,8,-0.001878514662
2016-11-17,-0.001095191968,-0.001095191968,0,0,0.003206941011,-0.004302132979,1.050105375,0.001683550453,8,8,0.005140910792
2016-11-18,-0.004629630364,-0.004629630364,0,0,-0.003358457785,-0.001271172579,1.058774009,0.0005890035573,8,8,-0.002237533029
2016-11-21,7.699615501e-05,7.699615501e-05,0,0,0.002881221877,-0.002804225722,1.061601547,-0.004059420422,8,8,0.007551356714
2016-11-22,-0.001807964585,-0.001807964585,0,0,-0.0004594910897,-0.001348473495,1.067204824,-0.00398211766,8,8,0.001953071238
2016-11-23,0.002746135696,0.002746135696,0,0,0.003918710594,-0.001172574899,1.07002838,-0.005800569468,8,8,0.000544362163
2016-11-25,0.0005278982373,0.0005278982373,0,0,0.001766866354,-0.001238968116,1.072175326,-0.003046068854,8,8,0.003715348096
2016-11-28,-0.001391491295,-0.001391491295,0,0,-0.005275763428,0.003884272133,1.074613874,-0.002516841981,8,8,-0.004694780908
2016-11-29,-0.0001665177931,-0.0001665177931,0,0,0.002072582428,-0.002239100221,1.066938474,-0.003913779265,8,8,0.001950147712
2016-11-30,-0.005355173826,-0.005355173826,0,0,-0.0006390663491,-0.004716107477,1.071428568,-0.004080976614,8,8,-0.002399053965
2016-12-01,-0.005982452043,-0.007575740444,0.001593288402,1.593288402,-0.002653162421,-0.003329289621,1.081296138,-0.009486954731,8,8,-0.003675210482
2016-12-02,0.005901714994,0.005901714994,0,0,0.004007196753,0.001894518242,1,0,8,8,0.000500515817
2016-12-05,-0.001858590444,-0.001858590444,0,0,0.005858726575,-0.007717317019,0.9962331941,0.005867089107,8,8,0.006008945551
2016-12-06,-0.002587485631,-0.002587485631,0,0,0.003010772435,-0.005598258065,1.011689554,0.004015962693,8,8,0.003167219376
2016-12-07,0.004000470229,0.004000470229,0,0,0.008283389046,-0.004282918817,1.022945441,0.001432182815,8,8,0.01308093262
2016-12-08,-0.004933285181,-0.004933285181,0,0,-0.002462842933,-0.002470442248,1.031385721,0.005411006474,8,8,0.002448676162
2016-12-09,0.000753100505,0.000753100505,0,0,0.002158038381,-0.001404937876,1.036506704,0.0004800897124,8,8,0.006040439
2016-12-12,0.004744667407,0.004744667407,0,0,0.0006745838722,0.004070083535,1.039286993,0.0012322622,8,8,-0.00114764218
2016-12-13,0.003002742895,0.003002742895,0,0,0.007106989749,-0.004104246854,1.030999742,0.005948704981,8,8,0.006673898384
2016-12-14,-0.004416798685,-0.004416798685,0,0,-0.003699129235,-0.0007176694495,1.039090856,0.008924649449,8,8,-0.008254453333
2016-12-15,-0.005473920235,-0.005473920235,0,0,0.0008525361057,-0.00632645634,1.040705985,0.004527849363,8,8,0.004117311987
2016-12-16,0.002731829289,0.002731829289,0,0,0.001041779492,0.001690049797,1.053652588,-0.000951278092,8,8,-0.001955915749
2016-12-19,0.002114324106,0.002114324106,0,0,0.002086715434,2.760867237e-05,1.050135526,0.001775700287,8,8,0.002177533719
2016-12-20,-0.003405612255,-0.003405612255,0,0,0.002172207933,-0.005577820189,1.049974646,0.003881816974,8,8,0.003857556997
2016-12-21,0.00071162542,0.00071162542,0,0,-0.0006160045947,0.001327630015,1.061339184,0.0004778320295,8,8,-0.002782499018
2016-12-22,-0.002239239072,-0.002239239072,0,0,-0.001254764038,-0.0009844750341,1.058642193,0.001188611603,8,8,-0.001727698027
2016-12-23,-0.00191539803,-0.00191539803,0,0,0.001714714502,-0.003630112532,1.06074717,-0.001052985354,8,8,0.001464410278
2016-12-27,-0.001454058064,-0.001454058064,0,0,0.004659150297,-0.006113208361,1.068137907,-0.002974079931,8,8,0.002481076347
2016-12-28,0.006435315432,0.006435315432,0,0,-0.003604396617,0.01003971205,1.080481348,-0.004434586141,8,8,-0.008264351496
2016-12-29,-0.001265112166,-0.001265112166,0,0,-0.001692761762,0.0004276495964,1.060015704,0.001987936294,8,8,-0.0002228277297
2016-12-30,-0.0006575819357,-0.0006575819357,0,0,-0.004433120988,0.003775539052,1.059235344,0.0007237397408,8,8,-0.00365520504
2017-01-03,0.00350462487,0.001951240888,0.001553383981,1.553383981,0.004431023492,-0.0009263986218,1.051718275,6.620133795e-05,8,8,0.007650021731
2017-01-04,-0.003171185193,-0.003171185193,0,0,0.003342844434,-0.006514029628,1,0,8,8,0.005949072747
2017-01-05,0.001580531392,0.001580531392,0,0,2.64698327e-05,0.001554061559,1.013069505,-0.003181273601,8,8,-0.0007943681969
2017-01-06,-0.001661806868,-0.001661806868,0,0,0.00179147397,-0.003453280838,1.009945663,-0.001598216179,8,8,0.003577733528
2017-01-09,0.0001863280107,0.0001863280107,0,0,0.002558805894,-0.002372477883,1.016880276,-0.003265449593,8,8,-0.003300845811
2017-01-10,-0.0006914004111,-0.0006914004111,0,0,-0.002411768148,0.001720367737,1.021621203,-0.003078547963,8,8,0
2017-01-11,0.004337759615,0.004337759615,0,0,0.006579295753,-0.002241536138,1.018193046,-0.003772556721,8,8,0.002826359955
2017-01-12,0.003730591909,0.003730591909,0,0,-0.0003827165239,0.004113308433,1.02257818,0.0005627617682,8,8,-0.002510206663
2017-01-13,-0.004125938857,-0.004125938857,0,0,0.001177697825,-0.005303636681,1.014298222,0.004277396457,8,8,0.002295556407
2017-01-17,0.004953992741,0.004953992741,0,0,-0.001562164374,0.006516157116,1.02500868,0.0001520850942,8,8,-0.003523632813
2017-01-18,-0.001026946735,-0.001026946735,0,0,0.0009047007569,-0.001931647492,1.011917327,0.005080907059,8,8,0.00220990131
2017-01-19,-0.005661383772,-0.005661383772,0,0,-0.002269699616,-0.003391684156,1.015796845,0.004058127805,8,8,-0.00370435084
2017-01-20,0.004474684799,0.004474684799,0,0,0.004967293981,-0.0004926091822,1.022708776,-0.001612384293,8,8,0.003674044639
2017-01-23,-0.0021772391,-0.0021772391,0,0,-0.001140899535,-0.001036339565,1.023588444,0.002849549669,8,8,-0.002602107193
2017-01-24,-0.001838327369,-0.001838327369,0,0,0.004411269788,-0.006249597157,1.025717115,0.0006737775434,8,8,0.006411687803
2017-01-25,0.001221499831,0.001221499831,0,0,0.004616836812,-0.003395336981,1.038286693,-0.001166694592,8,8,0.008655526533
2017-01-26,-0.001612484451,-0.001612484451,0,0,-0.0005123408567,-0.001100143595,1.045022372,5.473837611e-05,8,8,-0.001045285491
2017-01-27,2.025520207e-06,2.025520207e-06,0,0,0.001862926674,-0.001860901154,1.047298928,-0.001560261973,8,8,-0.001569993833
2017-01-30,0.001662827134,0.001662827134,0,0,-0.002375084969,0.004037912103,1.051020627,-0.001558233297,8,8,-0.006201631492
2017-01-31,-0.001681953205,-0.001681953205,0,0,-0.004836229273,0.003154276068,1.042873512,0.0001044202039,8,8,-8.767923044e-05
2017-02-01,-0.009331554647,-0.01076996546,0.001438410813,1.438410813,-0.002379519663,-0.006952034984,1.036626564,-0.001580190808,8,8,0.0003952920068
2017-02-02,0.002270652983,0.002270652983,0,0,0.002443495618,-0.0001728426349,1,0,8,8,0.0006590267515
2017-02-03,0.007092927959,0.007092927959,0,0,0.00698112804,0.000111799919,1.000344902,0.002265508799,8,8,0.006892974871
2017-02-06,-0.001139284902,-0.001139284902,0,0,5.399024381e-05,-0.001193275146,1.000120448,0.009292525544,8,8,-0.001787876327
2017-02-07,-0.002949987766,-0.002949987766,0,0,-0.001307305319,-0.001642682447,1.002509858,0.008162540101,8,8,4.388494621e-05
2017-02-08,-0.004048319194,-0.004048319194,0,0,0.0003943737835,-0.004442692977,1.005812369,0.005227974796,8,8,0.001310144214
2017-02-09,0.0007405911297,0.0007405911297,0,0,0.002586171924,-0.001845580794,1.014757498,0.001184450636,8,8,0.005932765342
2017-02-10,-0.0006330674336,-0.0006330674336,0,0,-1.466869718e-06,-0.0006316005638,1.018435007,0.001923617152,8,8,0.003946244464
2017-02-13,-0.004648916076,-0.004648916076,0,0,-0.0006667524853,-0.003982163591,1.019710686,0.001291367241,8,8,0.005442700335
2017-02-14,0.003898513738,0.003898513738,0,0,0.002756794632,0.001141719106,1.027804273,-0.003373230701,8,8,0.003995015555
2017-02-15,-0.0007321277871,-0.0007321277871,0,0,0.001234971515,-0.001967099302,1.025421728,0.0005232431661,8,8,0.005220499081
2017-02-16,-0.002374420871,-0.002374420871,0,0,-0.004501484328,0.002127063457,1.029377435,-0.0002090376632,8,8,-0.0008513217511
2017-02-17,-0.003253504776,-0.003253504776,0,0,-0.001163735335,-0.002089769441,1.025183103,-0.002589607352,8,8,0.001576290942
2017-02-21,0.003004873314,0.003004873314,0,0,0.00666432639,-0.003659453076,1.029458485,-0.005862184774,8,8,0.00595524458
2017-02-22,-0.004987708367,-0.004987708367,0,0,-0.00400833285,-0.000979375517,1.036667211,-0.002848751323,8,8,-0.0008880771096
2017-02-23,0.002903245653,0.002903245653,0,0,-0.004317609077,0.00722085473,1.038819583,-0.007875741592,8,8,0.0006772423256
2017-02-24,-0.0001019822522,-0.0001019822522,0,0,0.0001778495411,-0.0002798317932,1.024307303,-0.004958101352,8,8,0.001268960593
2017-02-27,0.005188627227,0.005188627227,0,0,0.003620673184,0.001567954043,1.024869503,-0.005060599696,8,8,0.001562915741
2017-02-28,-0.001409004042,-0.001409004042,0,0,-0.002906095237,0.001497091195,1.021621409,0.0001273666727,8,8,-0.002699261766
2017-03-01,0.0001660590775,-0.001377808051,0.001543867129,1.543867129,0.006788638954,-0.006622579877,1.01865351,-0.001283445749,8,8,0.01399733217
2017-03-02,-0.008297389937,-0.008297389937,0,0,-0.007978072977,-0.0003193169598,1,0,8,8,-0.006297141177
2017-03-03,0.00119934434,0.00119934434,0,0,-0.0007130856077,0.001912429948,1.000643977,-0.008366812644,8,8,0.0006292725202
2017-03-06,0.002194758899,0.002194758899,0,0,0.0008989072996,0.001295851599,0.9968229278,-0.007158882338,8,8,-0.002977986488
2017-03-07,-5.49493029e-05,-5.49493029e-05,0,0,-0.000422941352,0.0003679920491,0.9942438579,-0.004953252245,8,8,-0.002986806841
2017-03-08,-0.004297491178,-0.004297491178,0,0,-0.005199740372,0.0009022491944,0.993507517,-0.00500847676,8,8,-0.001856366016
2017-03-09,-0.001751884466,-0.001751884466,0,0,-0.001453230106,-0.0002986543603,0.9916672086,-0.009346132861,8,8,0.001268092128
2017-03-10,-0.0008745075876,-0.0008745075876,0,0,0.0002154961757,-0.001090003763,0.9922509418,-0.01111749389,8,8,0.003504119446
2017-03-13,0.00229108556,0.00229108556,0,0,0.002707313868,-0.0004162283076,0.9944260749,-0.01200249776,8,8,0.000505049112
2017-03-14,-0.001396382654,-0.001396382654,0,0,0.0002406613085,-0.001637043963,0.9952693698,-0.009689213378,8,8,-0.003826675067
2017-03-15,0.001156078634,0.001156078634,0,0,0.004699728976,-0.003543650342,0.998541421,-0.01110109741,8,8,0.008653358766
2017-03-16,0.003114448728,0.003114448728,0,0,0.001232555451,0.001881893276,1.005622222,-0.009933534831,8,8,-0.001966683396
2017-03-17,0.002280846969,0.002280846969,0,0,0.002098424228,0.0001824227405,1.001852665,-0.006797914347,8,8,-0.001756354759
2017-03-20,0.001888440549,0.001888440549,0,0,0.003384139344,-0.001495698795,1.001484434,-0.004506788084,8,8,-0.001096796863
2017-03-21,-0.006465023264,-0.006465023264,0,0,-0.009588652076,0.003123628812,1.004467395,-0.002613412261,8,8,-0.01283966896
2017-03-22,0.005060730611,0.005060730611,0,0,0.002548584269,0.002512146342,0.9982085559,-0.009137509739,8,8,0.002353108477
2017-03-23,-0.001466868425,-0.001466868425,0,0,-0.001291508702,-0.0001753597224,0.9932185822,-0.004056251531,8,8,-0.001066974266
2017-03-24,0.0003754237827,0.0003754237827,0,0,0.0004309843908,-5.556060803e-05,0.9935598548,-0.005531233548,8,8,-0.0007265496453
2017-03-27,0.003554145347,0.003554145347,0,0,0.002836381029,0.0007177643172,0.9936733512,-0.005153874878,8,8,-0.001026192231
2017-03-28,0.002594944316,0.002594944316,0,0,0.005694597661,-0.003099653345,0.9922653128,-0.001594063996,8,8,0.007276964141
2017-03-29,0.0006849314125,0.0006849314125,0,0,0.0004445530102,0.0002403784023,0.9984685934,0.0009982898127,8,8,0.0009348834556
2017-03-30,0.009901233911,0.009901233911,0,0,0.008740784205,0.001160449705,0.9979892138,0.001682069123,8,8,0.003183799064
2017-03-31,-0.0009073301336,-0.0009073301336,0,0,-0.001385556937,0.0004782268037,0.9957107829,0.01146973847,8,8,-0.002327391015
2017-04-03,0.003311595389,0.001317944582,0.001993650807,1.993650807,0.002751703197,0.0005598921921,0.9947495654,0.01057200063,8,8,-0.001739362625
2017-04-04,0.003044599057,0.003044599057,0,0,0.0005176253879,0.002526973669,1,0,8,8,0.0006374481563
2017-04-05,0.00113264006,0.00113264006,0,0,-0.002681067023,0.003813707083,0.9949613932,0.00303535761,8,8,-0.002972588311
2017-04-06,0.0008145136608,0.0008145136608,0,0,0.001563979569,-0.0007494659086,0.9873483088,0.004163282169,8,8,0.002811402207
2017-04-07,3.333578209e-05,3.333578209e-05,0,0,-0.0002403449347,0.0002736807168,0.9888563173,0.004973744647,8,8,-0.001019530078
2017-04-10,-0.003715321158,-0.003715321158,0,0,-0.001258913527,-0.002456407631,0.9883093456,0.00500691352,8,8,0.0005953453401
2017-04-11,0.0001929701055,0.0001929701055,0,0,-0.0008438061255,0.001036776231,0.9931968851,0.001296408937,8,8,-0.00118998223
2017-04-12,0.003285777421,0.003285777421,0,0,-0.001617691904,0.004903469324,0.9911250453,0.001489091693,8,8,-0.004381776069
2017-04-13,-0.002816344375,-0.002816344375,0,0,-0.005085782119,0.002269437744,0.9813792901,0.004759231339,8,8,-0.006494922633
2017-04-17,-0.0005216271157,-0.0005216271157,0,0,0.006312281298,-0.006833908413,0.9767750051,0.001948374256,8,8,0.008859891522
2017-04-18,-0.003035424931,-0.003035424931,0,0,-0.00507030951,0.002034884579,0.990437834,0.001427491759,8,8,-0.002984270213
2017-04-19,-0.001375298941,-0.001375298941,0,0,-0.002464546146,0.001089247205,0.9863265601,-0.001612828793,8,8,-0.001838512492
2017-04-20,0.001943657066,0.001943657066,0,0,0.004703445001,-0.002759787935,0.9841262346,-0.002992242963,8,8,0.008139209826
2017-04-21,-0.004433860756,-0.004433860756,0,0,-0.003482848851,-0.0009510119049,0.9896658964,-0.00104655176,8,8,-0.003187029389
2017-04-24,0.004247358199,0.004247358199,0,0,0.008783075918,-0.004535717719,0.991530367,-0.005504820121,8,8,0.01099797017
2017-04-25,-0.00371417455,-0.00371417455,0,0,0.003772497385,-0.007486671935,1.000599257,-0.001252143619,8,8,0.005818532973
2017-04-26,0.001760614003,0.001760614003,0,0,-0.001073855534,0.002834469537,1.015630656,-0.004984832708,8,8,-0.0006288436524
2017-04-27,-0.00340826139,-0.00340826139,0,0,-0.0006211419622,-0.002787119428,1.009944209,-0.003218552077,8,8,0.0008391831329
2017-04-28,-0.003949004885,-0.003949004885,0,0,-0.001855621453,-0.002093383431,1.01557152,-0.006649476622,8,8,-0.002179676987
2017-05-01,-0.008406436649,-0.009691459378,0.001285022729,1.285022729,-0.0009605910952,-0.007445845554,1.019836622,-0.0106405009,8,8,0.002520340493
2017-05-02,-0.002005518634,-0.002005518634,0,0,-0.00245232648,0.0004468078458,1,0,8,8,0.0003773371807
2017-05-03,0.002483075085,0.002483075085,0,0,0.001610016872,0.0008730582136,0.9991045885,-0.002009548822,8,8,-0.001214707806
2017-05-04,0.001506456909,0.001506456909,0,0,-0.00131019316,0.002816650069,0.997365015,0.0004723533744,8,8,0.001173870159
2017-05-05,-0.002340471128,-0.002340471128,0,0,0.0005294736075,-0.002869944736,0.9917441519,0.001975833775,8,8,0.003936883657
2017-05-08,-0.001887231374,-0.001887231374,0,0,-0.0003387995847,-0.001548431789,0.9974781391,-0.0003654927781,8,8,-0.0001664847871
2017-05-09,-0.004749953358,-0.004749953358,0,0,-0.001509062141,-0.003240891217,1.00057609,-0.002256983602,8,8,-0.0009183952523
2017-05-10,0.0102991618,0.0102991618,0,0,0.01207025549,-0.001771093689,1.007091557,-0.007040378429,8,8,0.001796259957
2017-05-11,0.004411681861,0.004411681861,0,0,0.002953389251,0.00145829261,1.010525342,0.003225562775,8,8,-0.002043030587
2017-05-12,-0.001509892959,-0.001509892959,0,0,-0.0005934717869,-0.0009164211721,1.007575337,0.007603699533,8,8,-0.001670979291
2017-05-15,0.006016997186,0.006016997186,0,0,0.006342901063,-0.0003259038774,1.009422406,0.006103021483,8,8,0.0055236901
2017-05-16,0.0006598521971,0.0006598521971,0,0,0.0003449964343,0.0003148557628,1.01001396,0.01204752872,8,8,-0.0009156556486
2017-05-17,-0.005216189472,-0.005216189472,0,0,-0.01248498625,0.007268796782,1.00937806,0.01269900146,8,8,-0.01774400738
2017-05-18,-0.001480350119,-0.001480350119,0,0,0.004391565844,-0.005871915962,0.9948134123,0.007522048413,8,8,0.004028532565
2017-05-19,-8.282579236e-05,-8.282579236e-05,0,0,0.003370398682,-0.003453224475,1.006566966,0.006050655383,8,8,0.006504255984
2017-05-22,-0.000468270438,-0.000468270438,0,0,0.001139568166,-0.001607838604,1.013474531,0.005968323922,8,8,0.005077419431
2017-05-23,0.001721469875,0.001721469875,0,0,0.001294121951,0.0004273479237,1.016698027,0.005502630203,8,8,0.002212625829
2017-05-24,-0.000804694245,-0.000804694245,0,0,0.002314597744,-0.003119291989,1.015816104,0.007211685378,8,8,0.002332753152
2017-05-25,-0.005267546459,-0.005267546459,0,0,0.0001764227876,-0.005443969246,1.02207245,0.006412150954,8,8,0.00477958941
2017-05-26,0.0009360372432,0.0009360372432,0,0,0.002243917161,-0.001307879918,1.033134928,0.00115066568,8,8,-0.0002065881102
2017-05-30,-0.001044350932,-0.001044350932,0,0,0.0006877846051,-0.001732135537,1.035717255,0.002084751518,8,8,-0.0008689295817
2017-05-31,-0.0008088803443,-0.0008088803443,0,0,-0.0002893619325,-0.0005195184117,1.039222488,0.001041488266,8,8,-0.000248669356
2017-06-01,-0.003018617967,-0.004453211887,0.00143459392,1.43459392,0.001502083073,-0.004520701041,1.040294118,0.000232796226,8,8,0.007952164692
2017-06-02,-0.009134826213,-0.009134826213,0,0,-0.001443645695,-0.007691180517,1,0,8,8,0.003328552368
2017-06-05,-0.001707161475,-0.001707161475,0,0,-0.0005334298096,-0.001173731666,1.015524172,-0.009219040546,8,8,-0.0007369113163
2017-06-06,-0.001277058528,-0.001277058528,0,0,-0.001296549311,1.949078288e-05,1.017902197,-0.01094488671,8,8,-0.003197179812
2017-06-07,-9.4146896e-05,-9.4146896e-05,0,0,0.002856435794,-0.00295058269,1.017886057,-0.01223757334,8,8,0.001850311887
2017-06-08,-0.005326893406,-0.005326893406,0,0,0.001153795507,-0.006480688914,1.023789462,-0.01233288133,8,8,0.0004924231564
2017-06-09,0.01872951726,0.01872951726,0,0,0.007970245282,0.01075927198,1.036947656,-0.01775435027,8,8,-0.001517647913
2017-06-12,0.004997670726,0.004997670726,0,0,0.002570109398,0.002427561328,1.015145445,0.000957238378,8,8,-0.0002056225929
2017-06-13,-0.002765154531,-0.002765154531,0,0,0.003103530358,-0.005868684889,1.010239151,0.005925296423,8,8,0.004889996111
2017-06-14,-0.001616079851,-0.001616079851,0,0,-0.0007176387224,-0.0008984411285,1.022037457,0.003168904403,8,8,-0.00126730131
2017-06-15,-0.00323730883,-0.00323730883,0,0,-0.004334075136,0.001096766307,1.02387292,0.001555338102,8,8,-0.001924708823
2017-06-16,-0.0005525495936,-0.0005525495936,0,0,-0.001149198551,0.0005966489576,1.021749798,-0.001687433471,8,8,0.000218924864
2017-06-19,-0.0003789075459,-0.0003789075459,0,0,0.005848843846,-0.006227751392,1.020567865,-0.00224122145,8,8,0.008324921344
2017-06-20,-0.002260389811,-0.002260389811,0,0,-0.003783140914,0.001522751103,1.033035886,-0.002621122159,8,8,-0.0067440196
2017-06-21,-0.003565058763,-0.003565058763,0,0,-0.001806332615,-0.001758726148,1.030058327,-0.004892571088,8,8,-0.0002470808339
2017-06-22,-0.003258586842,-0.003258586842,0,0,-0.00214182475,-0.001116762092,1.033695907,-0.008487889677,8,8,-0.0004526598972
2017-06-23,0.0002715096005,0.0002715096005,0,0,-8.118746784e-05,0.0003526970683,1.036046893,-0.01178487857,8,8,0.001194192572
2017-06-26,0.005423739094,0.005423739094,0,0,0.00271714971,0.002706589384,1.035331906,-0.01151024383,8,8,0.0006581960244
2017-06-27,0.0103229853,0.0103229853,0,0,-8.405464958e-05,0.01040703995,1.029757331,-0.0060536712,8,8,-0.008056316932
2017-06-28,-0.0007494551958,-0.0007494551958,0,0,0.006496304833,-0.007245760029,1.008851874,0.004225692336,8,8,0.008950357095
2017-06-29,0.01009013818,0.01009013818,0,0,0.0002494518876,0.009840686289,1.023360902,0.003478844379,8,8,-0.008789049333
2017-06-30,0.007739897002,0.007739897002,0,0,0.006585839104,0.001154057898,1.003642773,0.01343343732,8,8,0.001864761271
2017-07-03,0.01147565348,0.009850770983,0.001624882495,1.624882495,0.007360284119,0.004115369359,1.001324406,0.02101071356,8,8,0.001695527741
2017-07-05,0.003950225041,0.003950225041,0,0,0.0007709214301,0.003179303611,1,0,8,8,0.002311820299
2017-07-06,0.002473619461,0.002473619461,0,0,-0.004267722775,0.006741342237,0.9936664119,0.003934682161,8,8,-0.009144233899
2017-07-07,0.000432681051,0.000432681051,0,0,0.004287495805,-0.003854814754,0.9802326244,0.006392489038,8,8,0.00648520093
2017-07-10,0.0008062708099,0.0008062708099,0,0,0.002450543853,-0.001644273043,0.9879474688,0.006822218244,8,8,0.001073793578
2017-07-11,-5.756603423e-05,-5.756603423e-05,0,0,0.001310280697,-0.001367846731,0.9912430753,0.007622343381,8,8,-0.0007426928814
2017-07-12,0.004308599584,0.004308599584,0,0,0.005753083328,-0.001444483745,0.9939784221,0.007565212846,8,8,0.007515015497
2017-07-13,6.130144937e-05,6.130144937e-05,0,0,0.0006203946729,-0.0005590932236,0.9968808289,0.01182287241,8,8,0.001679811411
2017-07-14,0.003937222452,0.003937222452,0,0,0.004493091448,-0.0005558689965,0.997999138,0.01188344538,8,8,0.004664367321
2017-07-17,0.002780311631,0.002780311631,0,0,-7.174044196e-05,0.002852052073,0.9991143629,0.01575862263,8,8,-0.0001221860391
2017-07-18,0.01086661679,0.01086661679,0,0,0.01131168445,-0.0004450676595,0.9934285295,0.01848753316,8,8,0.0005294898685
2017-07-19,4.982549686e-05,4.982549686e-05,0,0,0.002375113669,-0.002325288172,0.9943797381,0.02903859863,8,8,0.005413947008
2017-07-20,-0.001912519897,-0.001912519897,0,0,0.0005807416727,-0.00249326157,0.9990303627,0.02908697485,8,8,0.0004453979185
2017-07-21,-0.0004149149779,-0.0004149149779,0,0,0.0005147881533,-0.0009297031312,1.004024583,0.02722652623,8,8,-0.0008903282051
2017-07-24,0.001275404242,0.001275404242,0,0,0.002130138974,-0.0008547347315,1.005886432,0.02682274041,8,8,-0.0002430654867
2017-07-25,-0.0009989194027,-0.0009989194027,0,0,0.001061638238,-0.002060557641,1.007586226,0.02806235381,8,8,0.002430961297
2017-07-26,-0.00209479328,-0.00209479328,0,0,0.00274204994,-0.004836843221,1.011719047,0.02709049563,8,8,4.030423453e-05
2017-07-27,0.0008552996001,0.0008552996001,0,0,-0.001829921252,0.002685220852,1.021437641,0.02504817309,8,8,-0.0009295853798
2017-07-28,-2.671062498e-05,-2.671062498e-05,0,0,-0.0002710996499,0.0002443890249,1.016053469,0.02588133639,8,8,-0.00117298812
2017-07-31,-0.002544915768,-0.002544915768,0,0,-0.003823980684,0.001279064916,1.015565107,0.02585531638,8,8,-0.0005671312863
2017-08-01,5.385401381e-05,-0.001712709967,0.001766563981,1.766563981,0.001590702354,-0.00153684834,1.013040163,0.02336987498,8,8,0.0022290463
2017-08-02,0.002435271005,0.002435271005,0,0,0.002276632429,0.0001586385761,1,0,8,8,0.000484982095
2017-08-03,0.004922133281,0.004922133281,0,0,0.004773332431,0.0001488008506,0.9996834936,0.002429354867,8,8,-0.001939626577
2017-08-04,0.002854486125,0.002854486125,0,0,0.00393323916,-0.001078753035,0.9993888998,0.007315480379,8,8,0.001821973776
2017-08-07,-0.005400472252,-0.005400472252,0,0,-0.0007925894889,-0.004607882763,1.001542004,0.01014101911,8,8,0.001859320894
2017-08-08,0.003224444315,0.003224444315,0,0,0.0005258656741,0.002698578641,1.010816182,0.004766287055,8,8,-0.002461036075
2017-08-09,0.002953378529,0.002953378529,0,0,0.00135397151,0.001599407018,1.005401608,0.007965048515,8,8,-4.047232481e-05
2017-08-10,0.004882038957,0.004882038957,0,0,-0.006406220076,0.01128825903,1.002196307,0.01088627575,8,8,-0.01411547207
2017-08-11,-0.0001605761044,-0.0001605761044,0,0,-0.0004024389235,0.0002418628191,0.9797188028,0.01569170718,8,8,0.001477132003
2017-08-14,-0.00539252594,-0.00539252594,0,0,0.004573898883,-0.009966424823,0.9792317423,0.01553362541,8,8,0.00991330577
2017-08-15,-0.0009026150149,-0.0009026150149,0,0,-0.002254775358,0.001352160343,0.9991600625,0.0101960821,8,8,-0.0001220563866
2017-08-16,0.001471714463,0.001471714463,0,0,0.001048798605,0.0004229158581,0.9964525399,0.00930186309,8,8,0.001744608067
2017-08-17,0.0001997399356,0.0001997399356,0,0,-0.008481509614,0.00868124955,0.9956131643,0.01075774522,8,8,-0.01559108717
2017-08-18,-0.0009512179784,-0.0009512179784,0,0,-0.002045688596,0.001094470618,0.9782550086,0.01095529695,8,8,-0.00156295861
2017-08-21,0.001294050665,0.001294050665,0,0,-0.001193414735,0.0024874654,0.9760432793,0.01001360409,8,8,0.0007827388046
2017-08-22,-0.002734460057,-0.002734460057,0,0,0.005205758768,-0.007940218824,0.9711057391,0.01129304099,8,8,0.01045683248
2017-08-23,0.001843176647,0.001843176647,0,0,0.001131112949,0.0007120636981,0.9869504934,0.0085820482,8,8,-0.00358525697
2017-08-24,0.001564121669,0.001564121669,0,0,0.0005970152498,0.0009671064188,0.9855529944,0.01040604467,8,8,-0.002330596871
2017-08-25,0.00511774635,0.00511774635,0,0,0.0007364838381,0.004381262512,0.9836443637,0.01195147278,8,8,0.002336041242
2017-08-28,0.0004261901652,0.0004261901652,0,0,0.001023568252,-0.0005973780868,0.9750097326,0.01698230798,8,8,4.070378641e-05
2017-08-29,-0.001426421043,-0.001426421043,0,0,-0.0005148470739,-0.0009115739687,0.9762146258,0.01740108198,8,8,0.001145187081
2017-08-30,-0.003794311653,-0.003794311653,0,0,0.001770996706,-0.005565308359,0.9780064016,0.01599748008,8,8,0.004737557172
2017-08-31,-0.0005855898505,-0.0005855898505,0,0,0.003937067891,-0.004522657742,0.9890956438,0.01224964741,8,8,0.006015985727
2017-09-01,-0.0001547562357,-0.001663458274,0.001508702038,1.508702038,0.0008860120893,-0.001040768325,0.99813987,0.01167089191,8,8,0.001414221768
2017-09-05,0.0005488768304,0.0005488768304,0,0,-0.002093147715,0.002642024546,1,0,8,8,-0.007182326508
2017-09-06,0.005320791059,0.005320791059,0,0,0.004479208241,0.0008415828187,0.9947188496,0.0005485757299,8,8,0.003413901221
2017-09-07,-0.01279833851,-0.01279833851,0,0,-0.005138506203,-0.007659832304,0.9930725435,0.005838302402,8,8,-0.0001213807023
2017-09-08,-0.003875596625,-0.003875596625,0,0,-0.003510719138,-0.0003648774871,1.008501007,-0.007050267819,8,8,-0.001174627088
2017-09-11,-0.003163128775,-0.003163128775,0,0,0.006268823833,-0.009431952608,1.009266676,-0.01096837344,8,8,0.010665956
2017-09-12,0.004138606254,0.004138606254,0,0,0.005124460506,-0.0009858542522,1.028219844,-0.01417634381,8,8,0.003370466728
2017-09-13,0.003057439236,0.003057439236,0,0,0.002672423969,0.0003850152677,1.030067117,-0.009996366532,8,8,0.0004797574715
2017-09-14,-0.002190333476,-0.002190333476,0,0,-0.0005425803434,-0.001647753133,1.029207785,-0.006917776614,8,8,-0.0003196615504
2017-09-15,0.002731732531,0.002731732531,0,0,0.002779576156,-4.784362486e-05,1.032574641,-0.009128103681,8,8,0.001346377449
2017-09-18,0.001382450505,0.001382450505,0,0,0.002383933232,-0.001001482728,1.032581324,-0.006378945577,8,8,0.002126952546
2017-09-19,0.002691373419,0.002691373419,0,0,0.002300879209,0.00039049421,1.034536545,-0.004989597201,8,8,0.001000950791
2017-09-20,0.006425453539,0.006425453539,0,0,0.003395536661,0.003029916878,1.033664951,-0.002292055006,8,8,0.0003599903471
2017-09-21,0.004434267165,0.004434267165,0,0,0.000668048916,0.003766218249,1.027428875,0.004107009137,8,8,-0.002679429488
2017-09-22,0.002329083813,0.002329083813,0,0,-0.0009304480158,0.003259531829,1.019808602,0.008503569204,8,8,0.0002005531849
2017-09-25,0.004325035786,0.004325035786,0,0,-0.001866341087,0.006191376873,1.013258657,0.01080748149,8,8,-0.002044559963
2017-09-26,-0.0009478624392,-0.0009478624392,0,0,-0.0002049482007,-0.0007429142385,1.000872132,0.01506735044,8,8,0.0006024905986
2017-09-27,0.003265285168,0.003265285168,0,0,0.003745375248,-0.0004800900799,1.002360197,0.01413288403,8,8,0.003894508047
2017-09-28,-0.004459709304,-0.004459709304,0,0,-0.0009388043804,-0.003520904924,1.003309571,0.01734154411,8,8,0.001199653721
2017-09-29,-0.003748766218,-0.003748766218,0,0,-0.001287561883,-0.002461204335,1.010397751,0.0129395414,8,8,0.00351502826
2017-10-02,-0.0003231039192,-0.002094680621,0.001771576702,1.771576702,0.001215933383,-0.001539037302,1.015377808,0.009225358899,8,8,0.004338759071
2017-10-03,0.002471482696,0.002471482696,0,0,0.002231744164,0.0002397385317,1,0,8,8,0.002140171506
2017-10-04,5.301369652e-05,5.301369652e-05,0,0,0.001666029353,-0.001613015656,0.999521705,0.002465389528,8,8,0.001186391239
2017-10-05,-0.0001054964345,-0.0001054964345,0,0,0.002461451102,-0.002566947537,1.002747591,0.002518269722,8,8,0.005925271946
2017-10-06,0.002247454093,0.002247454093,0,0,0.0001026279465,0.002144826146,1.007882317,0.002413027853,8,8,-0.001138903175
2017-10-09,-0.004004572068,-0.004004572068,0,0,-0.002357469906,-0.001647102162,1.003584609,0.004650031214,8,8,-0.001651170376
2017-10-10,0.001064622731,0.001064622731,0,0,0.003774664078,-0.002710041347,1.006906471,0.0006480543263,8,8,0.002638179556
2017-10-11,-0.00207991892,-0.00207991892,0,0,0.001957924448,-0.004037843368,1.012313444,0.001710855641,8,8,0.001571195499
2017-10-12,-0.0007438999436,-0.0007438999436,0,0,7.364097111e-05,-0.0008175409147,1.020431627,-0.0003698325003,8,8,-0.00149008867
2017-10-13,0.001973122547,0.001973122547,0,0,0.001904502242,6.862030526e-05,1.022083136,-0.001114561566,8,8,0.001217203277
2017-10-16,-0.002081168028,-0.002081168028,0,0,0.0004033261016,-0.00248449413,1.021902679,0.0008568702707,8,8,0.001333650455
2017-10-17,0.001286129401,0.001286129401,0,0,0.001573273085,-0.0002871436838,1.026927708,-0.001226851041,8,8,0.000705113896
2017-10-18,0.0009239911457,0.0009239911457,0,0,0.001919030385,-0.0009950392389,1.02746667,5.920221842e-05,8,8,0.0009786272085
2017-10-19,0.005944197942,0.005944197942,0,0,0.006385317711,-0.0004411197689,1.029429556,0.0009822857408,8,8,0.0002738788881
2017-10-20,-0.001772180911,-0.001772180911,0,0,8.539479401e-05,-0.001857575705,1.030132681,0.006885554584,8,8,0.005160407833
2017-10-23,-0.003305441805,-0.003305441805,0,0,-0.004359014811,0.001053573007,1.033907923,0.005122451584,8,8,-0.003889607312
2017-10-24,-0.000222375668,-0.000222375668,0,0,0.0004040157642,-0.0006263914322,1.031906242,0.001823035718,8,8,0.001756936256
2017-10-25,0.0003478262595,0.0003478262595,0,0,-0.00360245382,0.00395028008,1.0331664,0.001601016077,8,8,-0.004949905815
2017-10-26,-0.002437866506,-0.002437866506,0,0,0.002676005407,-0.005113871913,1.025257055,0.001948164713,8,8,0.001292663189
2017-10-27,0.004604433528,0.004604433528,0,0,0.005137516554,-0.0005330830265,1.035571517,-0.0004908985379,8,8,0.008176252101
2017-10-30,0.0008641765144,0.0008641765144,0,0,-4.252033178e-05,0.0009066968462,1.03646976,0.004094681302,8,8,-0.003725248391
2017-10-31,0.002990671946,0.002990671946,0,0,0.003272576274,-0.0002819043284,1.034626443,0.004954576188,8,8,0.001558024753
2017-11-01,-0.006517756363,-0.008194289225,0.001676532863,1.676532863,-0.002865478231,-0.003652278131,1.035085323,0.007921557355,8,8,0.001322240544
2017-11-02,-0.009079334117,-0.009079334117,0,0,-0.006142895799,-0.002936438318,1,0,8,8,0.0003886241937
2017-11-03,-0.005869878974,-0.005869878974,0,0,0.002462621269,-0.008332500243,1.005926687,-0.009162523731,8,8,0.003338373945
2017-11-06,-0.001112334564,-0.001112334564,0,0,0.0003565659176,-0.001468900482,1.022725081,-0.0151211621,8,8,0.001547708763
2017-11-07,0.004229864142,0.004229864142,0,0,0.002500950286,0.001728913856,1.025691459,-0.01625157385,8,8,-0.0006954162995
2017-11-08,-0.001589814209,-0.001589814209,0,0,0.001375507861,-0.00296532207,1.022139983,-0.01197107369,8,8,0.001700916881
2017-11-09,0.005942505665,0.005942505665,0,0,0.0008540129955,0.005088492669,1.028115325,-0.01358248152,8,8,-0.003627720107
2017-11-10,-0.001082375063,-0.001082375063,0,0,0.001213738131,-0.002296113194,1.017832371,-0.007594843457,8,8,-0.0003098504077
2017-11-13,0.003460902407,0.003460902407,0,0,0.003474360213,-1.345780628e-05,1.022448895,-0.008686620701,8,8,0.0009297716455
2017-11-14,-0.002862283376,-0.002862283376,0,0,-0.003200284056,0.0003380006807,1.022398292,-0.00520769497,8,8,-0.00232247281
2017-11-15,0.003684106057,0.003684106057,0,0,-0.001443384064,0.005127490121,1.021784645,-0.008093143215,8,8,-0.00500538436
2017-11-16,-0.01028172005,-0.01028172005,0,0,0.002174395413,-0.01245611546,1.011487344,-0.00439285342,8,8,0.008501152219
2017-11-17,0.002417228582,0.002417228582,0,0,-0.001433979129,0.00385120771,1.036777713,-0.01482702075,8,8,-0.002938558314
2017-11-20,-0.004683385477,-0.004683385477,0,0,-0.002955057225,-0.001728328252,1.029005186,-0.0123798672,8,8,0.00170619191
2017-11-21,-0.0003367023411,-0.0003367023411,0,0,0.004210951417,-0.004547653758,1.032614589,-0.01714354249,8,8,0.006542811423
2017-11-22,-0.001475099836,-0.001475099836,0,0,-0.001386073972,-8.902586449e-05,1.041723945,-0.01748613245,8,8,-0.0008845419441
2017-11-24,-0.003863673145,-0.003863673145,0,0,0.0008560728632,-0.004719746008,1.041963897,-0.01898924332,8,8,0.002309552384
2017-11-27,0.001339808179,0.001339808179,0,0,0.001693540187,-0.0003537320083,1.051602766,-0.02294155513,8,8,-0.0004989446743
2017-11-28,0.003792151109,0.003792151109,0,0,0.002800698859,0.0009914522507,1.052240238,-0.02157284348,8,8,0.01014465609
2017-11-29,0.01942195532,0.01942195532,0,0,0.003107307407,0.01631464791,1.05006747,-0.01771352003,8,8,-0.0006088202173
2017-11-30,-0.003022834797,-0.003022834797,0,0,0.003431526254,-0.006454361052,1.017105943,0.001675886301,8,8,0.008755035751
2017-12-01,0.004543667401,0.002891319947,0.001652347454,1.652347454,0.0001910860462,0.004352581355,1.03010567,-0.001351032445,8,8,-0.002075528266
2017-12-04,-0.009296752173,-0.009296752173,0,0,-0.008462298011,-0.000834454162,1,0,8,8,-0.001209989571
2017-12-05,0.001593109039,0.001593109039,0,0,-4.363556403e-05,0.001636744603,1.001684569,-0.009383992829,8,8,-0.003596336731
2017-12-06,0.004427934232,0.004427934232,0,0,0.002694630482,0.00173330375,0.9984136074,-0.007778491805,8,8,0.0001898382883
2017-12-07,0.001145939009,0.001145939009,0,0,0.003396985683,-0.002251046674,0.9949692757,-0.003335786928,8,8,0.003152841121
2017-12-08,0.0005152646037,0.0005152646037,0,0,0.005149823266,-0.004634558662,0.9994719741,-0.002187341359,8,8,0.005453160271
2017-12-11,0.005046833383,0.005046833383,0,0,0.005319232608,-0.0002723992247,1.00873659,-0.001671215637,8,8,0.003013109864
2017-12-12,-0.0002675947796,-0.0002675947796,0,0,0.001199910307,-0.001467505087,1.009234782,0.003358667113,8,8,0.001764885895
2017-12-13,-0.007650080551,-0.007650080551,0,0,-0.001471511155,-0.006178569397,1.012173049,0.003091899709,8,8,-0.0001123047428
2017-12-14,0.004314189141,0.004314189141,0,0,0.001300310994,0.003013878147,1.024719293,-0.004593320111,8,8,-0.004086321554
2017-12-15,-6.205837343e-05,-6.205837343e-05,0,0,0.002165049211,-0.002227107585,1.018611244,-0.0002779319195,8,8,0.008327503171
2017-12-18,-0.001479628195,-0.001479628195,0,0,0.001637639127,-0.003117267322,1.023066891,-0.0003400113935,8,8,0.006341159218
2017-12-19,-0.003356902114,-0.003356902114,0,0,-0.003524902405,0.0001680002915,1.029344845,-0.001822335968,8,8,-0.0038403946
2017-12-20,0.0006510552484,0.0006510552484,0,0,0.001299272589,-0.0006482173407,1.029106552,-0.005196682837,8,8,-0.0005240235694
2017-12-21,0.001935021642,0.001935021642,0,0,0.001702432253,0.0002325893883,1.030383206,-0.00454267006,8,8,0.002059636444
2017-12-22,-0.0002508624444,-0.0002508624444,0,0,-0.00200089219,0.001750029745,1.029860247,-0.002602612307,8,8,-0.0002616428129
2017-12-26,-0.002737246342,-0.002737246342,0,0,-0.001327779196,-0.001409467146,1.026366802,-0.002854190761,8,8,-0.001195893238
2017-12-27,-0.002349166712,-0.002349166712,0,0,-0.00235780513,8.638418162e-06,1.029265844,-0.005606784252,8,8,0.0004863198158
2017-12-28,0.002142941953,0.002142941953,0,0,0.002840617991,-0.000697676038,1.029317438,-0.007974684829,8,8,0.002057467076
2017-12-29,-0.0006203738003,-0.0006203738003,0,0,-0.004026480186,0.003406106385,1.030647116,-0.005819272513,8,8,-0.003770636892
2018-01-02,0.006260213235,0.004847680909,0.001412532326,1.412532326,0.00945200023,-0.003191786995,1.023849698,-0.006443643781,8,8,0.007157275345
2018-01-03,0.005834231427,0.005834231427,0,0,0.00726484503,-0.001430613603,1,0,8,8,0.006325088929
2018-01-04,-0.0004463542262,-0.0004463542262,0,0,0.002834463066,-0.003280817292,1.002844631,0.005800390606,8,8,0.004214813333
2018-01-05,0.0006216519374,0.0006216519374,0,0,0.005101237783,-0.004479585846,1.009410466,0.005356427243,8,8,0.006664408167
2018-01-08,0.0004756524472,0.0004756524472,0,0,0.00238597925,-0.001910326803,1.018358225,0.005974365205,8,8,0.001828550665
2018-01-09,-0.002734106659,-0.002734106659,0,0,7.692534751e-05,-0.002811032007,1.022168334,0.006446951144,8,8,0.002263543523
2018-01-10,-0.002803636631,-0.002803636631,0,0,-0.002181716675,-0.0006219199559,1.027866589,0.003723023628,8,8,-0.001529868426
2018-01-11,-0.006110967115,-0.006110967115,0,0,0.001957617387,-0.008068584502,1.029192273,0.0009219718712,8,8,0.007295842432
2018-01-12,-0.001225166741,-0.001225166741,0,0,0.004960387094,-0.006185553835,1.045608152,-0.005220899992,8,8,0.006518856157
2018-01-16,0.001796995672,0.001796995672,0,0,-0.001800145483,0.003597141155,1.058050381,-0.006453973927,8,8,-0.00341839996
2018-01-17,0.003652786027,0.003652786027,0,0,0.008262181824,-0.004609395797,1.050764874,-0.004648624697,8,8,0.00953212172
2018-01-18,0.005554183896,0.005554183896,0,0,0.00268001129,0.002874172606,1.059765356,-0.000992214324,8,8,-0.001681090787
2018-01-19,-0.005170026903,-0.005170026903,0,0,0.0008904087768,-0.00606043568,1.053718648,0.004536771509,8,8,0.004549776372
2018-01-22,-0.002834854936,-0.002834854936,0,0,0.001086166436,-0.003921021372,1.06618168,-0.0006365463563,8,8,0.008130934966
2018-01-23,0.006543975447,0.006543975447,0,0,0.004960118663,0.001583856784,1.074234166,-0.003481270188,8,8,0.002122552735
2018-01-24,-0.007432270843,-0.007432270843,0,0,-0.004854395024,-0.002577875819,1.070604419,0.003042793294,8,8,-0.0003884311211
2018-01-25,-0.003573644167,-0.003573644167,0,0,-0.002637543982,-0.0009361001855,1.076327457,-0.004422345619,8,8,0.0004239355991
2018-01-26,0.008578815783,0.008578815783,0,0,0.009937292059,-0.001358476276,1.078480117,-0.008024667091,8,8,0.0115775501
2018-01-29,-0.000506631439,-0.000506631439,0,0,-0.004945625842,0.004438994403,1.08050642,0.0005494351892,8,8,-0.006629778028
2018-01-30,-0.002294162635,-0.002294162635,0,0,-0.008406155198,0.006111992563,1.071664739,4.282544689e-05,8,8,-0.01025705618
2018-01-31,0.002885201803,0.002885201803,0,0,0.007032524494,-0.00414732269,1.059577434,-0.002256513998,8,8,0.0004968270677
2018-02-01,-0.008007408596,-0.009719901102,0.001712492506,1.712492506,-0.005753166871,-0.002254241724,1.067676818,0.0006268791329,8,8,-0.001134970343
2018-02-02,-0.006152217114,-0.006152217114,0,0,-0.01310473005,0.006952512933,1,0,8,8,-0.02177022982
2018-02-05,0.00412961653,0.00412961653,0,0,-0.01920296033,0.02333257686,0.9860088978,-0.006190301191,8,8,-0.04182232153
2018-02-06,-0.002922377935,-0.002922377935,0,0,0.01091832649,-0.01384070443,0.939593201,-0.002052209821,8,8,0.01970215942
2018-02-07,-0.005549659849,-0.005549659849,0,0,-0.003815799355,-0.001733860494,0.9671786936,-0.004989167991,8,8,-0.005424815234
2018-02-08,0.009136472998,0.009136472998,0,0,-0.01626094238,0.02539741538,0.9704826031,-0.01059764114,8,8,-0.03750915166
2018-02-09,8.217554627e-05,8.217554627e-05,0,0,0.007376564594,-0.007294389048,0.9204148995,-0.001447939088,8,8,0.01502189297
2018-02-12,0.001657829349,0.001657829349,0,0,0.009673986487,-0.008016157139,0.9350090182,-0.001365651319,8,8,0.01468432285
2018-02-13,-0.004094917558,-0.004094917558,0,0,0.0001099136117,-0.004204831169,0.9511223633,0.0002916944498,8,8,0.002487200774
2018-02-14,-0.008980612507,-0.008980612507,0,0,-0.0003607925698,-0.008619819937,0.9593656312,-0.003818861029,8,8,0.01349642397
2018-02-15,-0.006573916022,-0.006573916022,0,0,0.006704644092,-0.01327856011,0.9763932682,-0.0129154623,8,8,0.01276036981
2018-02-16,-0.001176327309,-0.001176327309,0,0,-0.001097400675,-7.89266339e-05,1.002969912,-0.01961834769,8,8,0.0002925785689
2018-02-20,-0.005829311859,-0.005829311859,0,0,-0.003413492815,-0.002415819044,1.003131449,-0.02081916515,8,8,-0.006261106508
2018-02-21,-0.00189476631,-0.00189476631,0,0,-0.002859694045,0.000964927735,1.008009779,-0.02680473014,8,8,-0.004974122332
2018-02-22,0.0005612928241,0.0005612928241,0,0,0.002957913086,-0.002396620261,1.006091465,-0.02875397852,8,8,0.001296055356
2018-02-23,-0.001835839014,-0.001835839014,0,0,0.006901461163,-0.008737300177,1.0108786,-0.02817687022,8,8,0.01593915955
2018-02-26,-0.002871223642,-0.002871223642,0,0,0.005717014856,-0.008588238498,1.028405348,-0.03006790908,8,8,0.01161246907
2018-02-27,0.002269623456,0.002269623456,0,0,-0.004505405022,0.006775028478,1.045713077,-0.03303398066,8,8,-0.01248674853
2018-02-28,-0.002673507624,-0.002673507624,0,0,-0.007442370158,0.004768862535,1.032090188,-0.03069469182,8,8,-0.01012993613
2018-03-01,0.006356457982,0.005208512122,0.00114794586,1.14794586,-0.005805015197,0.01216147318,1.022612918,-0.03345764872,8,8,-0.01454041247
2018-03-02,-0.00963221257,-0.00963221257,0,0,-0.002761757224,-0.006870455346,1,0,8,8,0.005154609055
2018-03-05,-0.0005525858792,-0.0005525858792,0,0,0.00552425178,-0.006076837659,1.013874553,-0.009725894453,8,8,0.01155804716
2018-03-06,-0.0024574687,-0.0024574687,0,0,0.001620897726,-0.004078366426,1.026042619,-0.01028416322,8,8,0.00253495007
2018-03-07,-0.002815449178,-0.002815449178,0,0,-0.003528704419,0.0007132552409,1.034283603,-0.01277302122,8,8,-0.0003666249744
2018-03-08,0.0005056581136,0.0005056581136,0,0,0.001470015847,-0.000964357733,1.032949861,-0.01563248285,8,8,0.0048393003
2018-03-09,-0.00431234352,-0.00431234352,0,0,0.007424568937,-0.01173691246,1.034860949,-0.01511917961,8,8,0.0174023599
2018-03-12,-0.001376709598,-0.001376709598,0,0,-0.001772594896,0.0003958852983,1.058587423,-0.01951568145,8,8,-0.001255313471
2018-03-13,0.003893991972,0.003893991972,0,0,-0.0007636614601,0.004657653432,1.05787533,-0.02092119345,8,8,-0.006462871098
2018-03-14,-0.002898076304,-0.002898076304,0,0,-0.003348389553,0.000450313249,1.048371664,-0.01696115488,8,8,-0.005131244837
2018-03-15,0.00207046609,0.00207046609,0,0,0.003297735858,-0.001227269767,1.047609012,-0.01991695203,8,8,-0.001089827838
2018-03-16,0.007370940249,0.007370940249,0,0,0.003761412608,0.003609527641,1.049960111,-0.01780961174,8,8,0.001084570113
2018-03-19,0.0003137253177,0.0003137253177,0,0,-0.007844455274,0.008158180592,1.042428319,-0.01036229166,8,8,-0.01353044305
2018-03-20,-0.004968606367,-0.004968606367,0,0,0.0005665168287,-0.005535123196,1.026103769,-0.01004541484,8,8,0.001700887186
2018-03-21,0.003818507902,0.003818507902,0,0,0.0009550848984,0.002863423004,1.03735964,-0.01508899248,8,8,-0.001919321659
2018-03-22,0.005408161984,0.005408161984,0,0,-0.008627126476,0.01403528846,1.031512464,-0.01122761185,8,8,-0.02499711452
2018-03-23,0.002195635178,0.002195635178,0,0,-0.007080405775,0.009276040953,1.003423373,-0.00578814663,8,8,-0.02131465543
2018-03-26,-0.0123981362,-0.0123981362,0,0,0.008897923998,-0.0212960602,0.9849044352,-0.003584640888,8,8,0.0273588934
2018-03-27,0.01747671631,0.01747671631,0,0,-0.00265045169,0.020127168,1.027841741,-0.01618342135,8,8,-0.01701187122
2018-03-28,0.01328457543,0.01328457543,0,0,0.002151380177,0.01113319525,0.9878006105,0.001271080648,8,8,-0.002954663277
2018-03-29,-0.00427304163,-0.00427304163,0,0,0.004545966153,-0.008819007784,0.9659860805,0.01436482547,8,8,0.01277778807
2018-04-02,0.004858872397,0.003147059217,0.00171181318,1.71181318,-0.009193112814,0.01405198521,0.9835538209,0.01013509151,8,8,-0.02158479069
2018-04-03,-0.0015833456,-0.0015833456,0,0,0.006490005975,-0.008073351575,1,0,8,8,0.01281738542
2018-04-04,0.003171053822,0.003171053822,0,0,0.008730640635,-0.005559586813,1.01617231,-0.001585856559,8,8,0.01069857181
2018-04-05,0.00589931123,0.00589931123,0,0,0.009766871597,-0.003867560368,1.027205214,0.001580186407,8,8,0.00789242322
2018-04-06,-0.004022421592,-0.004022421592,0,0,-0.0121106555,0.008088233909,1.03473542,0.007435632526,8,8,-0.02228590283
2018-04-09,-0.005684302711,-0.005684302711,0,0,-0.0004572859135,-0.005227016798,1.018633905,0.003426995756,8,8,0.00492832473
2018-04-10,0.008426482563,0.008426482563,0,0,0.01594944957,-0.007522967012,1.029254229,-0.002270211525,8,8,0.01590039984
2018-04-11,-0.005805669489,-0.005805669489,0,0,-0.004364038545,-0.001441630944,1.043929987,0.006104828804,8,8,-0.005242575798
2018-04-12,0.0004896052873,0.0004896052873,0,0,0.002259678729,-0.001770073442,1.047086619,0.0003009062771,8,8,0.008227537503
2018-04-13,-0.005335232416,-0.005335232416,0,0,-0.001368252324,-0.003966980092,1.050601991,0.0007901247151,8,8,-0.002933199248
2018-04-16,-0.003707352813,-0.003707352813,0,0,0.0004106728058,-0.004118025619,1.058849929,-0.004569486976,8,8,0.008221815075
2018-04-17,-0.003907590681,-0.003907590681,0,0,0.006410339104,-0.01031792978,1.067335617,-0.008307639139,8,8,0.01069804965
2018-04-18,0.001349665913,0.001349665913,0,0,0.0009238698076,0.0004257961058,1.088316582,-0.01226314919,8,8,0.0007405434941
2018-04-19,0.005875373098,0.005875373098,0,0,0.001408265846,0.004467107252,1.0873471,-0.01089877357,8,8,-0.005547661331
2018-04-20,-0.002539042254,-0.002539042254,0,0,-0.007927721152,0.005388678898,1.077954871,-0.004994058516,8,8,-0.008479262495
2018-04-23,-0.002198979497,-0.002198979497,0,0,-0.002336896124,0.0001379166275,1.067348514,-0.007552276319,8,8,-0.0001499935522
2018-04-24,-0.003228556878,-0.003228556878,0,0,-0.01037143794,0.007142881065,1.067220498,-0.009772745883,8,8,-0.0134675451
2018-04-25,0.005870720359,0.005870720359,0,0,0.002866207152,0.003004513207,1.053106192,-0.01304341417,8,8,0.002471994225
2018-04-26,0.004722308221,0.004722308221,0,0,0.0125381348,-0.007815826577,1.046822285,-0.007130830693,8,8,0.01016546184
2018-04-27,0.0006548936011,0.0006548936011,0,0,0.0005479761086,0.0001069174925,1.062160398,-0.002397202144,8,8,0.0009386783656
2018-04-30,-0.00216497383,-0.00216497383,0,0,-0.003601525678,0.001436551848,1.061906021,-0.001741168263,8,8,-0.007690528714
2018-05-01,0.01009572877,0.008540187252,0.001555541515,1.555541515,0.008566352933,0.001529375834,1.059160999,-0.003914617137,8,8,0.001777234823
2018-05-02,-0.003229688849,-0.003229688849,0,0,-0.004957864813,0.001728175964,1,0,8,8,-0.006717665014
2018-05-03,0.004602176052,0.004602176052,0,0,0.0009272096068,0.003674966445,0.996532449,-0.003240153537,8,8,-0.002203610506
2018-05-04,0.003552286468,0.003552286468,0,0,0.008955112952,-0.005402826484,0.989232072,0.001355782963,8,8,0.01294618614
2018-05-07,0.004052913511,0.004052913511,0,0,0.006209079767,-0.002156166256,1.000037591,0.004890696277,8,8,0.003383186549
2018-05-08,-0.0006215994124,-0.0006215994124,0,0,-0.0006170593908,-4.540021608e-06,1.004332365,0.008907508426,8,8,0
2018-05-09,0.001691615555,0.001691615555,0,0,0.007223621729,-0.005532006175,1.004344146,0.008291062734,8,8,0.009666009148
2018-05-10,0.002557062273,0.002557062273,0,0,0.006613564069,-0.004056501796,1.015382137,0.009965819952,8,8,0.009350637304
2018-05-11,-0.004707912857,-0.004707912857,0,0,-0.0006505438385,-0.004057369019,1.023435216,0.01249094211,8,8,0.003051262288
2018-05-14,0.0008497717222,0.0008497717222,0,0,0.0008967827772,-4.701105499e-05,1.031699191,0.007819844397,8,8,0.0004765526092
2018-05-15,-0.002792583614,-0.002792583614,0,0,-0.007877769256,0.005085185642,1.031766219,0.00866225518,8,8,-0.006886966999
2018-05-16,-0.0007820087233,-0.0007820087233,0,0,0.0009790387117,-0.001761047435,1.021656325,0.005886109017,8,8,0.004204782022
2018-05-17,-0.0001035534941,-0.0001035534941,0,0,0.0005052561993,-0.0006088096934,1.025198125,0.005108094868,8,8,-0.0008448497044
2018-05-18,0.001643721674,0.001643721674,0,0,-0.002143457137,0.003787178811,1.02641848,0.005005059665,8,8,-0.002499715515
2018-05-21,-0.0005120316047,-0.0005120316047,0,0,0.005157825208,-0.005669856813,1.018813198,0.006637870527,8,8,0.007518577281
2018-05-22,0.003706438379,0.003706438379,0,0,-0.001537585011,0.005244023391,1.030168359,0.006128977153,8,8,-0.002780037834
2018-05-23,0.0006043951747,0.0006043951747,0,0,0.003109488802,-0.002505093627,1.019607638,0.009799095787,8,8,0.002750702154
2018-05-24,0.002079712576,0.002079712576,0,0,-0.0003954343472,0.002475146924,1.024602955,0.01039720694,8,8,-0.002048691345
2018-05-25,0.005849089385,0.005849089385,0,0,0.001416315463,0.004432773922,1.019611874,0.01245102496,8,8,-0.002382122141
2018-05-29,-0.004653262301,-0.004653262301,0,0,-0.005788747337,0.001135485036,1.010683836,0.01819369778,8,8,-0.01150109283
2018-05-30,-0.004982880258,-0.004982880258,0,0,0.005593014381,-0.01057589464,1.008452196,0.01360373724,8,8,0.01334483064
2018-05-31,-0.0001767807951,-0.0001767807951,0,0,-0.00244310035,0.002266319555,1.029752237,0.0086640288,8,8,-0.006126148232
2018-06-01,0.001317409281,-0.0004740328122,0.001791442093,1.791442093,0.006873775684,-0.005556366403,1.025224057,0.008488748653,8,8,0.009817848079
2018-06-04,0.001212360373,0.001212360373,0,0,0.004631952938,-0.003419592565,1,0,8,8,0.004751070253
2018-06-05,-0.003982296126,-0.003982296126,0,0,-0.003134435295,-0.0008478608312,1.006830904,0.001210892335,8,8,0.0007276665105
2018-06-06,0.007781303914,0.007781303914,0,0,0.01221553862,-0.004434234707,1.008560717,-0.002782484468,8,8,0.008360601248
2018-06-07,0.005756171279,0.005756171279,0,0,0.001767317616,0.003988853662,1.017294611,0.004960222448,8,8,-0.0001079010463
2018-06-08,0.0008846975707,0.0008846975707,0,0,0.0003185541073,0.0005661434634,1.009263581,0.01065506137,8,8,0.002956270957
2018-06-11,0.0006485470302,0.0006485470302,0,0,0.001535500422,-0.0008869533919,1.008124107,0.01152955877,8,8,0.001329966475
2018-06-12,-0.0002372161519,-0.0002372161519,0,0,0.001221894431,-0.001459110583,1.009891599,0.01217021284,8,8,0.001292341347
2018-06-13,-0.001873186642,-0.001873186642,0,0,-0.0001346266444,-0.001738559998,1.012812859,0.01193582806,8,8,-0.003190219309
2018-06-14,-0.002917503827,-0.002917503827,0,0,0.003527863278,-0.006445367105,1.016320551,0.010081526,8,8,0.002517318277
2018-06-15,0.003201722238,0.003201722238,0,0,-0.001140075067,0.004341797305,1.029296758,0.007184984391,8,8,-0.001275839286
2018-06-18,0.001212370009,0.001212370009,0,0,0.000798273015,0.000414096994,1.020547377,0.01035355741,8,8,-0.002056811121
2018-06-19,-0.001898649418,-0.001898649418,0,0,-0.005260130398,0.00336148098,1.019695305,0.01155192222,8,8,-0.003833015167
2018-06-20,-0.003564902553,-0.003564902553,0,0,0.0007037387995,-0.004268641353,1.012997019,0.009671635847,8,8,0.001706030202
2018-06-21,-0.00201982973,-0.00201982973,0,0,-0.006435163719,0.004415333989,1.021611345,0.006128581088,8,8,-0.006268437845
2018-06-22,-0.0002551045698,-0.0002551045698,0,0,-0.002364872587,0.002109768017,1.012806544,0.004117067132,8,8,0.001822838521
2018-06-25,0.01070242521,0.01070242521,0,0,-0.004755442239,0.01545786745,1.008589199,0.003862948018,8,8,-0.01361291633
2018-06-26,-0.004164747288,-0.004164747288,0,0,0.001756874596,-0.005921621884,0.9779098816,0.01441113909,8,8,0.002213991633
2018-06-27,0.003570916242,0.003570916242,0,0,-0.002232620695,0.005803536937,0.9897102713,0.01028924391,8,8,-0.008284095909
2018-06-28,-0.0002937682606,-0.0002937682606,0,0,0.003369716531,-0.003663484792,0.9781811108,0.01381084279,8,8,0.005717520767
2018-06-29,-0.002120772279,-0.002120772279,0,0,-0.00333369084,0.001212918561,0.9855038219,0.01352104658,8,8,0.001439545087
2018-07-02,-0.00497605658,-0.006602987534,0.001626930954,1.626930954,-0.001809141276,-0.003166915304,0.9830420207,0.01142450307,8,8,0.002138139599
2018-07-03,0.00472005512,0.00472005512,0,0,-0.005296940303,0.01001699542,1,0,8,8,-0.003530964612
2018-07-05,0.0002307538106,0.0002307538106,0,0,0.00470394688,-0.004473193069,0.9800601265,0.004697880863,8,8,0.008157649237
2018-07-06,0.001335294293,0.001335294293,0,0,0.003767779175,-0.002432484883,0.9890090488,0.004927497635,8,8,0.008458398235
2018-07-09,0.007422313831,0.007422313831,0,0,0.01074504814,-0.003322734309,0.9938821876,0.006254440409,8,8,0.009004123143
2018-07-10,-0.002438210142,-0.002438210142,0,0,0.003230596341,-0.005668806483,1.000523769,0.01357598899,8,8,0.003598594398
2018-07-11,-0.00879808522,-0.00879808522,0,0,-0.007651076915,-0.001147008305,1.011890373,0.01116500147,8,8,-0.007314372042
2018-07-12,0.006617793636,0.006617793636,0,0,0.00634890359,0.0002688900453,1.014310293,0.002387925418,8,8,0.009065542138
2018-07-13,0.002494041772,0.002494041772,0,0,0.002167830056,0.0003262117155,1.013681968,0.008946512878,8,8,0.0007875288399
2018-07-16,0.002913630156,0.002913630156,0,0,0.00253352361,0.000380106546,1.012997129,0.01141209241,8,8,-0.0008941028416
2018-07-17,0.00172540719,0.00172540719,0,0,0.002835349643,-0.001109942453,1.012201366,0.01428410397,8,8,0.004045171223
2018-07-18,0.002559460064,0.002559460064,0,0,0.001685087215,0.0008743728489,1.014396411,0.01598193582,8,8,0.002104027479
2018-07-19,-0.005086001866,-0.005086001866,0,0,-0.005762777976,0.0006767761105,1.012615377,0.01849406107,8,8,-0.003771645156
2018-07-20,0.0003370629457,0.0003370629457,0,0,-0.001843971875,0.00218103482,1.011319395,0.01347660122,8,8,-0.001142812545
2018-07-23,0.005039184023,0.005039184023,0,0,0.00204381451,0.002995369512,1.006954981,0.01380900966,8,8,0.001859356853
2018-07-24,0.006106160772,0.006106160772,0,0,0.002988021085,0.003118139687,1.000959408,0.01875369039,8,8,0.005032117004
2018-07-25,0.002319185952,0.002319185952,0,0,0.008348653612,-0.006029467661,0.9947551541,0.02470897419,8,8,0.008522611134
2018-07-26,-0.00029060907,-0.00029060907,0,0,0.0007940992268,-0.001084708297,1.006798323,0.02696562185,8,8,-0.002359060602
2018-07-27,0.003565867807,0.003565867807,0,0,-0.00316265737,0.006728525178,1.008970346,0.02668276704,8,8,-0.006776409448
2018-07-30,0.002549282067,0.002549282067,0,0,-0.005362518192,0.007911800259,0.9955292381,0.03014115547,8,8,-0.005223723429
2018-07-31,-0.0003234652708,-0.0003234652708,0,0,0.003443589937,-0.003767055207,0.9797572421,0.0326073123,8,8,0.004929370843
2018-08-01,-0.003934969093,-0.00579655194,0.001861582847,1.861582847,-0.004260767981,0.0003257988878,0.9872872404,0.03229429311,8,8,-0.001670553598
2018-08-02,0.01481605783,0.01481605783,0,0,0.01354614843,0.001269909396,1,0,8,8,0.005447619328
2018-08-03,-0.001918886576,-0.001918886576,0,0,0.001261079872,-0.003179966448,0.9974972619,0.01459974713,8,8,0.004284658121
2018-08-06,0.002171213559,0.002171213559,0,0,0.004172278112,-0.002001064553,1.003864611,0.01270524047,8,8,0.003667252403
2018-08-07,0.008951575077,0.008951575077,0,0,0.01062567096,-0.001674095888,1.007849696,0.01484422405,8,8,0.003302375256
2018-08-08,-0.003221645325,-0.003221645325,0,0,-0.003072749912,-0.0001488954127,1.011098539,0.0235846791,8,8,-0.0004201433955
2018-08-09,-0.003771476939,-0.003771476939,0,0,-0.00534199639,0.001570519451,1.011433163,0.02042884828,8,8,-0.001366492769
2018-08-10,0.001954902881,0.001954902881,0,0,-0.002343923209,0.004298826089,1.008323516,0.01672043206,8,8,-0.006699922743
2018-08-13,0.001509689927,0.001509689927,0,0,-0.002645259171,0.004154949098,0.9997263988,0.01863889771,8,8,-0.003743491981
2018-08-14,-0.005385616462,-0.005385616462,0,0,-0.002932510852,-0.00245310561,0.9914294395,0.02011821537,8,8,0.006380994645
2018-08-15,-0.007330258755,-0.007330258755,0,0,-0.008618371677,0.001288112921,0.9963158091,0.01481237266,8,8,-0.007467406169
2018-08-16,-0.002229164533,-0.002229164533,0,0,0.001020502269,-0.003249666802,0.9936933539,0.007537364741,8,8,0.00809080342
2018-08-17,-0.009168812472,-0.009168812472,0,0,-0.006301437839,-0.002867374633,1.000193118,0.005320059496,8,8,0.00352074009
2018-08-20,0.002076868035,0.002076868035,0,0,0.004329706418,-0.002252838382,1.005982722,-0.003884368018,8,8,0.002140279897
2018-08-21,0.005388367918,0.005388367918,0,0,0.005918873459,-0.0005305055405,1.010466661,-0.001803753824,8,8,0.002345050704
2018-08-22,0.003807116598,0.003807116598,0,0,0.002083927015,0.001723189583,1.011465889,0.003565402395,8,8,-0.0005936333709
2018-08-23,-0.003600504187,-0.003600504187,0,0,-0.002944589852,-0.0006559143347,1.007989095,0.007344557406,8,8,-0.001328172647
2018-08-24,0.00483908228,0.00483908228,0,0,0.006748557896,-0.001909475616,1.009334532,0.00375758241,8,8,0.006019098803
2018-08-27,0.001210202999,0.001210202999,0,0,0.004308213741,-0.003098010742,1.013090139,0.008555265059,8,8,0.007894846632
2018-08-28,0.0007666142485,0.0007666142485,0,0,-0.0006863377044,0.001452951953,1.019262849,0.009753664144,8,8,0.0004835189043
2018-08-29,-0.0009990990343,-0.0009990990343,0,0,0.0001202452787,-0.001119344313,1.016344415,0.01051221958,8,8,0.005380694414
2018-08-30,0.001166600298,0.001166600298,0,0,-0.0008177539672,0.001984354265,1.018601689,0.009522634596,8,8,-0.004048748646
2018-08-31,0.001655301066,0.001655301066,0,0,-0.0001395992363,0.001794900302,1.014615929,0.01067677936,8,8,3.467026794e-05
2018-09-04,-0.006076750569,-0.007848340838,0.001771590269,1.771590269,-0.006719097791,0.0006423472226,1.011007907,0.01231170085,8,8,-0.001722648897
2018-09-05,0.009355726757,0.009355726757,0,0,0.0001478596222,0.009207867134,1,0,8,8,-0.002691132299
2018-09-06,0.002468200494,0.002468200494,0,0,-0.0001941188868,0.002662319381,0.9817549613,0.009269008446,8,8,-0.003009710498
2018-09-07,-0.005326630485,-0.005326630485,0,0,-0.005474247407,0.0001476169217,0.976488354,0.01170831048,8,8,-0.001943452849
2018-09-10,0.00309271186,0.00309271186,0,0,0.004255232372,-0.001162520513,0.9760656306,0.006415854886,8,8,0.001738281491
2018-09-11,-0.004475127274,-0.004475127274,0,0,0.0003253774296,-0.004800504704,0.978457297,0.009479250157,8,8,0.003297709591
2018-09-12,0.002216573434,0.002216573434,0,0,0.003093647303,-0.0008770738695,0.9880046256,0.005026617636,8,8,0.0002417737164
2018-09-13,-0.001617150807,-0.001617150807,0,0,0.001701631754,-0.003318782561,0.9897814236,0.007227171513,8,8,0.005914662526
2018-09-14,0.002832138014,0.002832138014,0,0,0.002140169361,0.0006919686534,0.9964131883,0.005619107651,8,8,0.0001718502225
2018-09-17,0.00859253958,0.00859253958,0,0,0.000643005905,0.007949533675,0.9950432891,0.008427378167,8,8,-0.005294091857
2018-09-18,-0.006509459407,-0.006509459407,0,0,-0.001595086224,-0.004914373184,0.9793218991,0.01687491934,8,8,0.005426028665
2018-09-19,0.01141785664,0.01141785664,0,0,0.009759345302,0.001658511334,0.9890795593,0.01043337556,8,8,0.00106588928
2018-09-20,0.001575930668,0.001575930668,0,0,0.003577258202,-0.002001327534,0.9859232628,0.02160455449,8,8,0.008103661342
2018-09-21,0.002785929258,0.002785929258,0,0,0.00101215716,0.001773772099,0.989941769,0.0231440118,8,8,-0.0009137803668
2018-09-24,-0.007385843811,-0.007385843811,0,0,-0.004161611447,-0.003224232364,0.9864320242,0.02585790277,8,8,-0.003322020203
2018-09-25,-0.003201270003,-0.003201270003,0,0,-0.0008591526651,-0.002342117338,0.9928275141,0.01860950587,8,8,-0.0009279224724
2018-09-26,-0.0002632241164,-0.0002632241164,0,0,-0.0013171961,0.001053971984,0.9975037576,0.0154577202,8,8,-0.0029922905
2018-09-27,-0.003829370635,-0.003829370635,0,0,-0.000522902309,-0.003306468326,0.9953946014,0.01519849669,8,8,0.002794715537
2018-09-28,-0.01093655255,-0.01093655255,0,0,-0.01025517724,-0.0006813753027,1.002015255,0.01141283001,8,8,0.0001029309712
2018-10-01,0.01102933443,0.00938047377,0.001648860661,1.648860661,0.01634802031,-0.005318685874,1.003415358,0.0004815438991,8,8,0.003474388937
2018-10-02,-0.002998796505,-0.002998796505,0,0,-0.003629982546,0.0006311860416,1,0,8,8,-0.0005831564927
2018-10-03,0.001139151602,0.001139151602,0,0,0.003694038522,-0.00255488692,0.9987338309,-0.003007816334,8,8,0.0005491318867
2018-10-04,-0.003209205182,-0.003209205182,0,0,-0.006063254981,0.002854049798,1.003839231,-0.001866538462,8,8,-0.007815600478
2018-10-05,-0.002391565015,-0.002391565015,0,0,-0.00604729828,0.003655733264,0.9981251148,-0.00509208519,8,8,-0.005597391808
2018-10-08,-0.002356590999,-0.002356590999,0,0,-0.001473940561,-0.0008826504384,0.9907916259,-0.007501590748,8,8,0
2018-10-09,-0.0006789354709,-0.0006789354709,0,0,-0.0001927489072,-0.0004861865637,0.992539345,-0.009881468326,8,8,-0.001458741466
2018-10-10,0.00511547752,0.00511547752,0,0,-0.01371604587,0.01883152339,0.99350731,-0.0105675785,8,8,-0.03166342052
2018-10-11,0.003813095976,0.003813095976,0,0,-0.007635231717,0.01144832769,0.9560689913,-0.005424352826,8,8,-0.02202670465
2018-10-12,-0.001122623832,-0.001122623832,0,0,0.004454078213,-0.005576702045,0.9334261883,-0.001605136311,8,8,0.0138884345
2018-10-15,-0.001047308557,-0.001047308557,0,0,-0.002902646383,0.001855337826,0.9445173062,-0.002730825833,8,8,-0.005617422864
2018-10-16,0.005680940508,0.005680940508,0,0,0.014154065,-0.008473124495,0.9407445718,-0.003782095411,8,8,0.02186647253
2018-10-17,0.004352104025,0.004352104025,0,0,0.002786843359,0.001565260666,0.957929819,0.001888118806,8,8,0.0001780511076
2018-10-18,-0.004275707552,-0.004275707552,0,0,-0.01135823826,0.007082530705,0.9549951634,0.006213182415,8,8,-0.01444104474
2018-10-19,-0.0009812885077,-0.0009812885077,0,0,-0.0004858885088,-0.0004953999989,0.9405760224,0.001945794511,8,8,-0.0005424422414
2018-10-22,-0.004364059813,-0.004364059813,0,0,-0.006441928403,0.002077868589,0.9415094263,0.0009654533916,8,8,-0.004488523346
2018-10-23,0.01151966907,0.01151966907,0,0,0.002885715717,0.008633953349,0.9370790986,-0.003413503154,8,8,-0.005091126282
2018-10-24,-0.002369789313,-0.002369789313,0,0,-0.0183438757,0.01597408639,0.9207244203,0.008013849024,8,8,-0.03029856499
2018-10-25,0.003905281743,0.003905281743,0,0,0.01405253379,-0.01014725204,0.8885120446,0.005657466716,8,8,0.01794058891
2018-10-26,0.002292494019,0.002292494019,0,0,-0.003550607329,0.005843101348,0.9091612994,0.009525548508,8,8,-0.01758704478
2018-10-29,0.004592143839,0.004592143839,0,0,-0.0008615078684,0.005453651707,0.8977095968,0.0117910117,8,8,-0.005540682778
2018-10-30,-0.006091422415,-0.006091422415,0,0,0.005169962679,-0.01126138509,0.8873197374,0.01630826564,8,8,0.01481850514
2018-10-31,0.002870739175,0.002870739175,0,0,0.00740723516,-0.004536495985,0.9092899544,0.01027945976,8,8,0.01068104885
2018-11-01,-0.001714504113,-0.003539471888,0.001824967775,1.824967775,0.004256001796,-0.005970505908,0.9185966342,0.0131125562,8,8,0.01064158091
2018-11-02,-0.004684295884,-0.004684295884,0,0,-0.004430852799,-0.0002534430847,1,0,8,8,-0.005922837141
2018-11-05,-0.004772373984,-0.004772373984,0,0,0.00196910129,-0.006741475273,1.000509272,-0.004706341782,8,8,0.005517176102
2018-11-06,-0.001306530395,-0.001306530395,0,0,0.001410590489,-0.002717120884,1.014059319,-0.00952416866,8,8,0.006327943825
2018-11-07,0.01581143671,0.01581143671,0,0,0.02100837392,-0.005196937206,1.019519063,-0.01084486821,8,8,0.02140869189
2018-11-08,-0.00768829332,-0.00768829332,0,0,-0.005578408613,-0.002109884706,1.029447332,0.004889262245,8,8,-0.001814987407
2018-11-09,-0.01286061437,-0.01286061437,0,0,-0.01001731748,-0.00284329689,1.03392795,-0.002820717579,8,8,-0.009768096772
2018-11-12,-0.01181274007,-0.01181274007,0,0,-0.01625698578,0.004444245708,1.040130648,-0.01588563093,8,8,-0.01868553095
2018-11-13,0.001653375163,0.001653375163,0,0,0.002947909144,-0.001294533981,1.031615624,-0.02802947591,8,8,-0.001870999303
2018-11-14,-0.004055389273,-0.004055389273,0,0,-0.005581906961,0.001526517688,1.034148232,-0.02633256314,8,8,-0.006836951105
2018-11-15,0.006702478278,0.006702478278,0,0,0.008008421347,-0.001305943069,1.031221814,-0.03051168919,8,8,0.01043717447
2018-11-16,-0.01534814043,-0.01534814043,0,0,-0.01097978942,-0.004368351011,1.03360844,-0.02365069266,8,8,0.00260056483
2018-11-19,-0.02335403747,-0.02335403747,0,0,-0.02308557421,-0.0002684632565,1.043005192,-0.03960672264,8,8,-0.01691485661
2018-11-20,0.005134885299,0.005134885299,0,0,-0.005845999047,0.01098088435,1.044583319,-0.0644663087,8,8,-0.01850611694
2018-11-21,0.004976567215,0.004976567215,0,0,-1.441391508e-05,0.00499098113,1.022505984,-0.05902831975,8,8,0.003407664504
2018-11-23,-0.002342001347,-0.002342001347,0,0,-0.003486405114,0.001144403767,1.012462004,-0.05378409238,8,8,-0.00667869994
2018-11-26,0.006688598472,0.006688598472,0,0,0.01226166154,-0.005573063066,1.010197078,-0.05625784969,8,8,0.01614415953
2018-11-27,0.001320990695,0.001320990695,0,0,0.003909740663,-0.002588749968,1.021201397,-0.04923990526,8,8,0.003364671126
2018-11-28,0.01669115998,0.01669115998,0,0,0.02292875445,-0.006237594474,1.026344096,-0.04785569763,8,8,0.02302537084
2018-11-29,-5.474338876e-06,-5.474338876e-06,0,0,-0.0009128863797,0.0009074120408,1.038181983,-0.03065290511,8,8,-0.00218508783
2018-11-30,0.001687443116,0.001687443116,0,0,0.0120833721,-0.01039592898,1.036367358,-0.03065854728,8,8,0.006095274594
2018-12-03,0.01168616914,0.01009979893,0.001586370206,1.586370206,0.009389203292,0.002296965843,1.057062926,-0.02892229943,8,8,0.01324143925
2018-12-04,-0.001780773247,-0.001780773247,0,0,-0.01969196511,0.01791119187,1,0,8,8,-0.03240258227
2018-12-06,-0.0003565196791,-0.0003565196791,0,0,-0.0003819659972,2.54463181e-05,0.9641137109,-0.001783950057,8,8,-0.001517076522
2018-12-07,-0.003436216747,-0.003436216747,0,0,-0.01518285099,0.01174663424,0.9640500014,-0.002141233128,8,8,-0.02323610402
2018-12-10,0.005878955243,0.005878955243,0,0,0.006069991707,-0.0001910364639,0.9403517687,-0.005596681285,8,8,0.00189706854
2018-12-11,-0.002413658583,-0.002413658583,0,0,-0.002810441647,0.0003967830645,0.9410802283,0.0002806241817,8,8,0.000227328926
2018-12-12,0.001447196833,0.001447196833,0,0,0.004076672248,-0.002629475415,0.9401421858,-0.002138195274,8,8,0.005035305272
2018-12-13,-0.0007828788237,-0.0007828788237,0,0,0.0005860782231,-0.001368957047,0.9454800378,-0.0006899998754,8,8,-0.0003389170411
2018-12-14,0.0004743604392,0.0004743604392,0,0,-0.008760529595,0.009234890034,0.9481773811,-0.001474032688,8,8,-0.01846469862
2018-12-17,0.001770117997,0.001770117997,0,0,-0.007231613798,0.009001731796,0.9297409291,-0.0009991982688,8,8,-0.01961847495
2018-12-18,0.009781616527,0.009781616527,0,0,0.005588854637,0.00419276189,0.9118934246,0.0007695575209,8,8,-0.001096470748
2018-12-19,-0.006286704346,-0.006286704346,0,0,-0.01255263523,0.00626593088,0.9044426066,0.01044896627,8,8,-0.01497585587
2018-12-20,-0.005190630609,-0.005190630609,0,0,-0.008047204376,0.002856573767,0.8912269206,0.004188594375,8,8,-0.01627802807
2018-12-21,-0.008781365795,-0.008781365795,0,0,-0.01427030477,0.005488938974,0.8849164167,-0.001007264573,8,8,-0.02048922081
2018-12-24,-0.0006704148391,-0.0006704148391,0,0,-0.01190549385,0.01123507901,0.8728217399,-0.009875349423,8,8,-0.02642301211
2018-12-26,0.00458056011,0.00458056011,0,0,0.02561039268,-0.02102983257,0.8502511881,-0.01055283904,8,8,0.05052489345
2018-12-27,-0.002570493316,-0.002570493316,0,0,0.003146918962,-0.005717412278,0.8928018807,-0.005945047285,8,8,0.007677075868
2018-12-28,-0.0007262189674,-0.0007262189674,0,0,-0.0005180045558,-0.0002082144116,0.9039899119,-0.008537486153,8,8,-0.001289842069
2018-12-31,-0.0003873563108,-0.0003873563108,0,0,0.004527472007,-0.004914828318,0.9043368684,-0.009270437488,8,8,0.008758900761
2019-01-02,0.01164355442,0.01029631028,0.001347244144,1.347244144,0.006274009851,0.005369544573,0.914133264,-0.009661536255,8,8,0.001040396656
2019-01-03,-0.001835571495,-0.001835571495,0,0,-0.01676092137,0.01492534988,1,0,8,8,-0.02386300509
2019-01-04,0.006580063437,0.006580063437,0,0,0.02018539361,-0.01360533017,0.9700944064,-0.001838947014,8,8,0.03349588447
2019-01-07,0.0001375031561,0.0001375031561,0,0,0.003972654138,-0.003835150982,0.9973226836,0.004710123512,8,8,0.0078848203
2019-01-08,-0.004304128331,-0.004304128331,0,0,-0.0002150842898,-0.004089044042,1.004992299,0.004846960196,8,8,0.009395327106
2019-01-09,0.005200135227,0.005200135227,0,0,0.003970759565,0.001229375662,1.013227319,0.0005451783819,8,8,0.004673401931
2019-01-10,-0.001998976073,-0.001998976073,0,0,0.001082263234,-0.003081239307,1.01071286,0.005715591759,8,8,0.003527559476
2019-01-11,0.0006135097737,0.0006135097737,0,0,0.001085925869,-0.0004724160948,1.016909139,0.003724059992,8,8,0.0003861002589
2019-01-14,0.009128565808,0.009128565808,0,0,0.002614075656,0.006514490152,1.017843025,0.004334910256,8,8,-0.006100993429
2019-01-15,-0.006246734935,-0.006246734935,0,0,0.001017173153,-0.007263908088,1.004770496,0.01334168561,8,8,0.01146088514
2019-01-16,0.01419128864,0.01419128864,0,0,0.01223340451,0.001957884128,1.019419622,0.007139549548,8,8,0.002419877271
2019-01-17,0.001171972336,0.001171972336,0,0,0.006061226955,-0.004889254619,1.015286913,0.02103236187,8,8,0.007586866329
2019-01-18,0.0008355741844,0.0008355741844,0,0,0.00838868529,-0.007553111105,1.02503608,0.0221783418,8,8,0.01331006578
2019-01-22,-0.006224919527,-0.006224919527,0,0,-0.008982432214,0.002757512687,1.040108789,0.02299470221,8,8,-0.01351079988
2019-01-23,-0.004561071487,-0.004561071487,0,0,-0.002093543737,-0.00246752775,1.034810456,0.01687482712,8,8,0.002092696935
2019-01-24,0.007674238664,0.007674238664,0,0,0.003474088594,0.00420015007,1.039927624,0.0123701769,8,8,0.0005314386738
2019-01-25,0.01083252854,0.01083252854,0,0,0.007348068396,0.003484460144,1.031287218,0.01989176143,8,8,0.008461353114
2019-01-28,-0.006656938584,-0.006656938584,0,0,-0.011323345,0.004666406413,1.024057692,0.03039503489,8,8,-0.007600341703
2019-01-29,-0.002847935906,-0.002847935906,0,0,-0.002410550795,-0.0004373851108,1.014823559,0.02389717836,8,8,-0.001326801566
2019-01-30,0.001916208718,0.001916208718,0,0,0.008477787164,-0.006561578446,1.015743165,0.02110936056,8,8,0.01583061721
2019-01-31,-0.00291388197,-0.00291388197,0,0,0.003223778214,-0.006137660184,1.028811113,0.02298153186,8,8,0.008782876104
2019-02-01,-0.001270260613,-0.003194970153,0.001924709541,1.924709541,0.002949685333,-0.004219945946,1.041206505,0.02012629554,8,8,0.000481319745
2019-02-04,-0.007662740538,-0.007662740538,0,0,9.02064931e-05,-0.007752947031,1,0,8,8,0.007035433152
2019-02-05,-0.002568801701,-0.002568801701,0,0,0.002760266101,-0.005329067801,1.015625629,-0.007721911542,8,8,0.004191668631
2019-02-06,0.0004650689478,0.0004650689478,0,0,-0.001912956363,0.002378025311,1.026351456,-0.01031721613,8,8,-0.001318274595
2019-02-07,0.005770090622,0.005770090622,0,0,-0.003642746034,0.009412836656,1.021585367,-0.00984756738,8,8,-0.009532786578
2019-02-08,0.0003867899536,0.0003867899536,0,0,0.001587753475,-0.001200963522,1.002743862,-0.004054084323,8,8,0.001221717206
2019-02-11,-0.001939645059,-0.001939645059,0,0,-0.001203671558,-0.0007359735015,1.005143799,-0.003665876446,8,8,0.0005542699948
2019-02-12,-0.006079854268,-0.006079854268,0,0,0.001969361383,-0.008049215651,1.006628603,-0.005616415357,8,8,0.01285951653
2019-02-13,0.003564082768,0.003564082768,0,0,0.001088522601,0.002475560168,1.022866057,-0.01176781623,8,8,0.003247165614
2019-02-14,-0.005017427915,-0.005017427915,0,0,-0.006188365914,0.001170937999,1.017851313,-0.008174598518,8,8,-0.002218164523
2019-02-15,0.002974273274,0.002974273274,0,0,0.006435363839,-0.003461090565,1.015587647,-0.01325855025,8,8,0.0108973403
2019-02-19,-0.003587938103,-0.003587938103,0,0,-0.001143750595,-0.002444187508,1.022443076,-0.01025377944,8,8,0.001730414368
2019-02-20,-0.0004735229028,-0.0004735229028,0,0,-0.0006397267184,0.0001662038156,1.027429868,-0.0138915596,8,8,0.002015155472
2019-02-21,0.001679737017,0.001679737017,0,0,-0.0007125345781,0.002392271595,1.027110297,-0.01437188792,8,8,-0.003555484651
2019-02-22,5.976685078e-05,5.976685078e-05,0,0,0.00398588865,-0.003926121799,1.022288316,-0.01267086718,8,8,0.00620000032
2019-02-25,-0.00421602932,-0.00421602932,0,0,-0.001091640913,-0.003124388407,1.030138758,-0.01261034664,8,8,0.001361181625
2019-02-26,-0.0009850837784,-0.0009850837784,0,0,-1.400341323e-05,-0.0009710803652,1.036541595,-0.01689761681,8,8,-0.0007153636721
2019-02-27,0.0009397618321,0.0009397618321,0,0,0.001965696983,-0.001025935151,1.038521703,-0.01790033392,8,8,-0.0004299040789
2019-02-28,0.005870088533,0.005870088533,0,0,0.003925833667,0.001944254866,1.04053548,-0.01694464815,8,8,-0.001862273047
2019-03-01,-0.005979854919,-0.007155268108,0.00117541319,1.17541319,-0.002632438714,-0.003347416204,1.036433104,-0.01100993035,8,8,0.00624382468
2019-03-04,-0.004186367208,-0.004186367208,0,0,-0.005471329742,0.001284962534,1,0,8,8,-0.003637356544
2019-03-05,0.0003546516995,0.0003546516995,0,0,0.001020738181,-0.0006660864816,0.9974192711,-0.004203966556,8,8,-0.001360586412
2019-03-06,0.001630692111,0.001630692111,0,0,-0.001899791065,0.003530483177,0.9987518867,-0.003847950174,8,8,-0.006056491718
2019-03-07,0.0004944616928,0.0004944616928,0,0,-0.003385297755,0.003879759448,0.9917044478,-0.002213648284,8,8,-0.008365419513
2019-03-08,0.0008147463835,0.0008147463835,0,0,-0.0001796138966,0.0009943602801,0.9839528636,-0.00171833694,8,8,-0.0020003023
2019-03-11,-0.00109981688,-0.00109981688,0,0,0.006434585764,-0.007534402644,0.9819788257,-0.0009028549583,8,8,0.01450125699
2019-03-12,0.002613450744,0.002613450744,0,0,0.001299296701,0.001314154044,0.9970443804,-0.002004876836,8,8,0.003771283881
2019-03-13,-0.002594823025,-0.002594823025,0,0,0.002882366999,-0.005477190024,0.9944306276,0.0006069875765,8,8,0.006619181394
2019-03-14,0.003981765931,0.003981765931,0,0,0.002337689815,0.001644076116,1.005399017,-0.001993006949,8,8,-0.0006399836257
2019-03-15,-0.0006348181051,-0.0006348181051,0,0,0.001818650197,-0.002453468302,1.002102493,0.001980871615,8,8,0.00494090617
2019-03-18,0.003509671832,0.003509671832,0,0,0.001874129651,0.001635542181,1.007013882,0.001346908552,8,8,0.003625583004
2019-03-19,-0.005635918097,-0.005635918097,0,0,-0.002121430456,-0.003514487641,1.003729708,0.004839594993,8,8,0.0002479982398
2019-03-20,-0.009281984986,-0.009281984986,0,0,-0.007081340493,-0.002200644493,1.010819662,-0.0008008365528,8,8,-0.003009999073
2019-03-21,-0.01046987633,-0.01046987633,0,0,-0.001162713503,-0.009307162826,1.015363555,-0.01017728696,8,8,0.01129458278
2019-03-22,0.003264272111,0.003264272111,0,0,-0.008211149174,0.01147542128,1.034337389,-0.02086562379,8,8,-0.01924636127
2019-03-25,-0.0007143776045,-0.0007143776045,0,0,-0.001755573102,0.001041195497,1.011349499,-0.01754408302,8,8,-0.0007518358496
2019-03-26,0.002576903162,0.002576903162,0,0,0.004979345199,-0.002402442037,1.009273733,-0.01827151339,8,8,0.007453905593
2019-03-27,0.0005580384861,0.0005580384861,0,0,-0.001886380534,0.00244441902,1.014042431,-0.01565427069,8,8,-0.005229353098
2019-03-28,0.001554869157,0.001554869157,0,0,0.002735512755,-0.001180643597,1.009148487,-0.01508781262,8,8,0.003790603656
2019-03-29,-0.001622384163,-0.001622384163,0,0,0.003680386621,-0.005302770783,1.011491906,-0.01351193417,8,8,0.006305793825
2019-04-01,-0.001495900212,-0.00290825856,0.001412358348,1.412358348,0.005462759495,-0.006958659707,1.022133357,-0.01515891191,8,8,0.01185923826
2019-04-02,-0.0009326904533,-0.0009326904533,0,0,-1.090781839e-05,-0.0009217826349,1,0,8,8,0.0004898041247
2019-04-03,-0.0008766635077,-0.0008766635077,0,0,0.002541378414,-0.003418041921,1.001845286,-0.0009335611769,8,8,0.001573803249
2019-04-04,-0.00244356877,-0.00244356877,0,0,-0.003042854575,0.0005992858053,1.008688988,-0.001811813035,8,8,0.002653272591
2019-04-05,-0.001012810495,-0.001012810495,0,0,0.001519831396,-0.002532641891,1.007508764,-0.004265805594,8,8,0.004840481602
2019-04-08,-0.005022980703,-0.005022980703,0,0,-0.00238725803,-0.002635722672,1.012586796,-0.005283967747,8,8,0.0007620977874
2019-04-09,-0.002214497506,-0.002214497506,0,0,-0.004729973787,0.002515476282,1.017948396,-0.01035898141,8,8,-0.005124806533
2019-04-10,-5.646063935e-05,-5.646063935e-05,0,0,0.003150099784,-0.003206560424,1.012946112,-0.01260138465,8,8,0.00341108511
2019-04-11,2.05967631e-05,2.05967631e-05,0,0,-0.0003376997494,0.0003582965125,1.019360326,-0.01265856,8,8,-0.0002774492109
2019-04-12,0.006328040298,0.006328040298,0,0,0.008815381246,-0.002487340948,1.018643349,-0.01263770294,8,8,0.006766100792
2019-04-15,-0.004646507157,-0.004646507157,0,0,-0.005031110091,0.0003846029341,1.023469515,-0.006269985923,8,8,-0.0006556168136
2019-04-16,0.001592711623,0.001592711623,0,0,0.00379090659,-0.002198194967,1.022806279,-0.01096745343,8,8,0.000656046929
2019-04-17,-0.004520416722,-0.004520416722,0,0,0.0003713664551,-0.004891783177,1.027159412,-0.009359834291,8,8,-0.002447121068
2019-04-18,-0.001519745678,-0.001519745678,0,0,-0.001040282919,-0.0004794627592,1.037110734,-0.01394328045,8,8,0.001968741852
2019-04-22,-0.004755741855,-0.004755741855,0,0,-0.003137143786,-0.00161859807,1.038127604,-0.01548656176,8,8,0.0008622817829
2019-04-23,-0.0004012900478,-0.0004012900478,0,0,0.003136215706,-0.003537505754,1.04156246,-0.0203390308,8,8,0.008991807599
2019-04-24,-0.0006280958731,-0.0006280958731,0,0,-0.0021591792,0.001531083327,1.048656997,-0.02074864707,8,8,-0.002219482321
2019-04-25,0.0008196326764,0.0008196326764,0,0,0.0001347406962,0.0006848919802,1.045623486,-0.02139017803,8,8,-0.0006159894831
2019-04-26,0.0002581016926,0.0002581016926,0,0,0.0009248267712,-0.0006667250786,1.04421746,-0.02055369887,8,8,0.00465649456
2019-04-29,0.002623804664,0.002623804664,0,0,0.003630786959,-0.001006982295,1.045539157,-0.0202903602,8,8,0.001567813429
2019-04-30,0.00359084653,0.00359084653,0,0,0.0006719404426,0.002918906088,1.047428678,-0.01762032325,8,8,0.0005103829294
2019-05-01,-0.003192244819,-0.004759500609,0.00156725579,1.56725579,-0.004711509695,0.001519264876,1.041442054,-0.01397927927,8,8,-0.007516568298
2019-05-02,0.004449050308,0.004449050308,0,0,0.002063586023,0.002385464285,1,0,8,8,-0.002158485064
2019-05-03,-0.0003367981814,-0.0003367981814,0,0,0.005703439456,-0.006040237638,0.9952502035,0.004429343934,8,8,0.009787674955
2019-05-06,0.003999140997,0.003999140997,0,0,0.0008200111533,0.003179129844,1.007333149,0.004093924579,8,8,-0.004115494442
2019-05-07,-0.0006259699566,-0.0006259699566,0,0,-0.01014229114,0.009516321188,1.000971006,0.008060829184,8,8,-0.01669946872
2019-05-08,5.114456954e-06,5.114456954e-06,0,0,0.0004017005392,-0.0003965860823,0.9819270502,0.007439516141,8,8,-0.00138933468
2019-05-09,0.001456808814,0.001456808814,0,0,-6.940378632e-05,0.0015262126,0.9827203107,0.007444592523,8,8,-0.00302551685
2019-05-10,-0.00032241191,-0.00032241191,0,0,0.001180248123,-0.001502660033,0.9796974625,0.008888452561,8,8,0.005023194181
2019-05-13,0.006543857248,0.006543857248,0,0,-0.009783352321,0.01632720957,0.9826972039,0.008568803335,8,8,-0.02513013938
2019-05-14,-0.0004311887198,-0.0004311887198,0,0,0.003814367963,-0.004245556683,0.9503675723,0.01501440844,8,8,0.009043775159
2019-05-15,-0.001589545003,-0.001589545003,0,0,0.00212091732,-0.003710462323,0.9588409383,0.01458951055,8,8,0.005857157504
2019-05-16,-0.002846231904,-0.002846231904,0,0,0.002875224454,-0.005721456358,0.9662081493,0.01302066248,8,8,0.009261596983
2019-05-17,-0.001222233324,-0.001222233324,0,0,-0.004913705083,0.003691471759,0.9775872702,0.01020347202,8,8,-0.006465014747
2019-05-20,0.003483746661,0.003483746661,0,0,-0.0003370214323,0.003820768093,0.9701678648,0.008992229298,8,8,-0.006612478799
2019-05-21,0.001258162048,0.001258162048,0,0,0.004520215177,-0.003262053129,0.9626564242,0.01243266371,8,8,0.009015752628
2019-05-22,-0.004770857253,-0.004770857253,0,0,-0.004854596817,8.373956374e-05,0.9692192576,0.01367362212,8,8,-0.003071495549
2019-05-23,0.002180726099,0.002180726099,0,0,-0.006227073316,0.008407799415,0.9689034212,0.008945442299,8,8,-0.0122182427
2019-05-24,-0.001461523348,-0.001461523348,0,0,0.0005295960124,-0.00199111936,0.9521920783,0.01110195807,8,8,0.002267855131
2019-05-28,-0.003022968492,-0.003022968492,0,0,-0.003898952448,0.0008759839559,0.956110171,0.009654545064,8,8,-0.009300419767
2019-05-29,0.001888858653,0.001888858653,0,0,-0.001905658548,0.003794517201,0.9542198111,0.006651684405,8,8,-0.006710292641
2019-05-30,-0.0003389318518,-0.0003389318518,0,0,-0.0007703765173,0.0004314446655,0.9467313935,0.008524441592,8,8,0.002730737593
2019-05-31,0.001140212689,0.001140212689,0,0,-0.006080476839,0.007220689528,0.9458501511,0.008188285011,8,8,-0.01347518486
2019-06-03,0.007025900096,0.00520140445,0.001824495646,1.824495646,0.0002681167302,0.006757783366,0.9314868915,0.009317873343,8,8,-0.002542909241
2019-06-04,0.01873326211,0.01873326211,0,0,0.02289935409,-0.00416609198,1,0,8,8,0.02170672645
2019-06-05,-0.003352956996,-0.003352956996,0,0,0.002310055161,-0.005663012157,1.008178965,0.01838878027,8,8,0.008662080548
2019-06-06,0.004239108091,0.004239108091,0,0,0.008076663669,-0.003837555578,1.019570609,0.01508640735,8,8,0.006502676475
2019-06-07,-0.001270687364,-0.001270687364,0,0,0.002991836031,-0.004262523395,1.02713071,0.0192439383,8,8,0.01000723589
2019-06-10,0.009806530881,0.009806530881,0,0,0.00967301855,0.0001335123311,1.035701122,0.01799611838,8,8,0.004588747267
2019-06-11,0.005638358012,0.005638358012,0,0,0.005321142504,0.0003172155084,1.035089986,0.02753264948,8,8,-0.0002421233797
2019-06-12,-0.01086599368,-0.01086599368,0,0,-0.007599155712,-0.003266837967,1.034262372,0.03298502611,8,8,-0.001765342319
2019-06-13,0.004994368148,0.004994368148,0,0,0.003688411843,0.001305956306,1.041244207,0.02236201798,8,8,0.004125670726
2019-06-14,-0.007887036621,-0.007887036621,0,0,-0.00542417113,-0.002462865491,1.038440309,0.02722043724,8,8,-0.001104619345
2019-06-17,0.003433716706,0.003433716706,0,0,0.002563399257,0.0008703174494,1.043710789,0.01948709606,8,8,0.0003801988494
2019-06-18,0.01189457322,0.01189457322,0,0,0.0138476125,-0.001953039281,1.041826533,0.02284237851,8,8,0.01047109603
2019-06-19,-0.001314649094,-0.001314649094,0,0,0.0008347996687,-0.002149448763,1.045195036,0.03432862736,8,8,0.002257276823
2019-06-20,0.001232383422,0.001232383422,0,0,0.002030285021,-0.0007979015992,1.049559087,0.03305743719,8,8,0.009554638772
2019-06-21,-0.002471123817,-0.002471123817,0,0,-0.0008639891978,-0.001607134619,1.051091925,0.03424761442,8,8,-0.001453577641
2019-06-24,0.0007476556512,0.0007476556512,0,0,0.001926866988,-0.001179211337,1.054440724,0.03185520877,8,8,-0.001224497914
2019-06-25,-0.004119034531,-0.004119034531,0,0,-0.00557820879,0.001459174259,1.056756712,0.03257850691,8,8,-0.009808338498
2019-06-26,0.0144343103,0.0144343103,0,0,0.007801605196,0.006632705105,1.054061043,0.02857718279,8,8,-0.0009973964233
2019-06-27,0.00396733051,0.00396733051,0,0,0.006078814272,-0.002111483762,1.040215155,0.04239948575,8,8,0.003546154171
2019-06-28,0.004891769163,0.004891769163,0,0,0.005109893625,-0.0002181244622,1.044262518,0.0461835907,8,8,0.005145813709
2019-07-01,0.006735421689,0.004812479743,0.001922941946,1.922941946,0.00862726147,-0.001891839781,1.044481176,0.05082672724,8,8,0.009078438898
2019-07-02,0.004738461214,0.004738461214,0,0,0.001760585002,0.002977876211,1,0,8,8,0.002604440261
2019-07-03,0.002237641557,0.002237641557,0,0,0.00467548125,-0.002437839693,0.9940723356,0.00471611409,8,8,0.007994845243
2019-07-05,-0.001201866178,-0.001201866178,0,0,-0.002669715714,0.001467849536,0.9989503637,0.006938230375,8,8,-0.001137522204
2019-07-08,0.001390021088,0.001390021088,0,0,-0.004467165981,0.005857187069,0.996009869,0.005743266835,8,8,-0.005495112178
2019-07-09,6.675353079e-05,6.675353079e-05,0,0,0.0003131082168,-0.000246354686,0.9843172942,0.007123386266,8,8,0.001246685148
2019-07-10,0.002892614551,0.002892614551,0,0,0.007048515155,-0.004155900604,0.9848110174,0.007189659862,8,8,0.004778089301
2019-07-11,-0.0001683540717,-0.0001683540717,0,0,0.003264280448,-0.00343263452,0.9931426543,0.0100531944,8,8,0.002344066227
2019-07-12,-0.006369236247,-0.006369236247,0,0,0.0007600657411,-0.007129301988,1.000007925,0.009886504758,8,8,0.00447695107
2019-07-15,-0.002746302199,-0.002746302199,0,0,0.0008470128343,-0.003593315033,1.014357978,0.003539814425,8,8,0.0003325462996
2019-07-16,-5.242182911e-05,-5.242182911e-05,0,0,-0.003567034066,0.003514612237,1.021603939,0.0007956974519,8,8,-0.003225233649
2019-07-17,0.0005209818685,0.0005209818685,0,0,-0.001225648013,0.001746629882,1.014575479,0.0007433145887,8,8,-0.006804737531
2019-07-18,-0.002409196482,-0.002409196482,0,0,-4.048347574e-05,-0.002368713006,1.011076448,0.001263638125,8,8,0.003660952792
2019-07-19,-0.003866877253,-0.003866877253,0,0,-0.004016980258,0.0001501030054,1.015852065,-0.001148324897,8,8,-0.005554815331
2019-07-22,-0.002123772534,-0.002123772534,0,0,0.0007123778087,-0.002836150343,1.01561223,-0.005034670603,8,8,0.002455969583
2019-07-23,-0.007034274825,-0.007034274825,0,0,2.008602846e-05,-0.007054360853,1.02132983,-0.007173678399,8,8,0.007150394162
2019-07-24,-0.001632416989,-0.001632416989,0,0,-0.002079101789,0.0004466848006,1.035689602,-0.01430860388,8,8,0.004699176864
2019-07-25,0.009231418248,0.009231418248,0,0,-0.003925567305,0.01315698555,1.034853127,-0.01596708581,8,8,-0.004776767604
2019-07-26,0.008768258192,0.008768258192,0,0,0.009829467876,-0.001061209684,1.008461049,-0.006674056551,8,8,0.006700036155
2019-07-29,-0.0069691382,-0.0069691382,0,0,-0.004283650977,-0.002685487223,1.010491476,0.002075998748,8,8,-0.001821439399
2019-07-30,-0.002685184696,-0.002685184696,0,0,-0.003706770501,0.001021585805,1.015973774,-0.004927479739,8,8,-0.00245476886
2019-07-31,0.001876249546,0.001876249546,0,0,-0.006470161276,0.008346410821,1.013968109,-0.007633160881,8,8,-0.01094022843
2019-08-01,0.007600784952,0.006217527317,0.001383257636,1.383257636,-0.00347174581,0.01107253076,0.9972803904,-0.005746130162,8,8,-0.008707988512
2019-08-02,-0.001541440207,-0.001541440207,0,0,-0.004465334114,0.002923893906,1,0,8,8,-0.007529541076
2019-08-05,0.007552625897,0.007552625897,0,0,-0.00936950661,0.01692213251,0.9941431843,-0.001543819913,8,8,-0.03007267633
2019-08-06,-0.006525046544,-0.006525046544,0,0,-0.000772273077,-0.005752773467,0.960596519,0.005963763906,8,8,0.01402250188
2019-08-07,-0.001945171285,-0.001945171285,0,0,-0.002018940116,7.376883165e-05,0.971918835,-0.000564969088,8,8,0.0005906170921
2019-08-08,-0.000401557057,-0.000401557057,0,0,0.008397646727,-0.008799203784,0.9717162807,-0.002515032542,8,8,0.0196201765
2019-08-09,0.001808398953,0.001808398953,0,0,-0.001993385171,0.003801784123,0.9893103958,-0.002917761247,8,8,-0.006811201963
2019-08-12,0.003551678897,0.003551678897,0,0,-0.004009001505,0.007560680402,0.9817398491,-0.001107359746,8,8,-0.01217384088
2019-08-13,-0.004379705744,-0.004379705744,0,0,0.003911661871,-0.008291367614,0.9667366292,0.002435668439,8,8,0.01555203037
2019-08-14,0.0004910887697,0.0004910887697,0,0,-0.01673150134,0.01722259011,0.9832459867,-0.00195258907,8,8,-0.02956758456
2019-08-15,-0.0001528852308,-0.0001528852308,0,0,-0.0004334572925,0.0002805720617,0.9488259375,-0.001460782926,8,8,0.002641604993
2019-08-16,-0.003018390694,-0.003018390694,0,0,0.006323421079,-0.009341811773,0.9482568826,-0.001613914901,8,8,0.01475510611
2019-08-19,0.001731175488,0.001731175488,0,0,0.009097476594,-0.007366301106,0.9668404176,-0.004646330034,8,8,0.01204789812
2019-08-20,-0.000332041812,-0.000332041812,0,0,-0.005721545796,0.005389503984,0.981604865,-0.002910116624,8,8,-0.007662753738
2019-08-21,0.003882324882,0.003882324882,0,0,0.00510146587,-0.001219140988,0.9708161668,-0.003243235326,8,8,0.008135553724
2019-08-22,0.0001345979472,0.0001345979472,0,0,0.001843492015,-0.001708894068,0.9733578821,0.0006366179984,8,8,-0.0003076603379
2019-08-23,0.00444389332,0.00444389332,0,0,-0.01143428575,0.01587817907,0.9767787958,0.0007711121555,8,8,-0.02568771744
2019-08-26,-0.002513292256,-0.002513292256,0,0,0.005351274797,-0.007864567054,0.9452656712,0.005191933079,8,8,0.01105873656
2019-08-27,-0.0009140663723,-0.0009140663723,0,0,-0.00308837228,0.002174305907,0.9608965268,0.002685389992,8,8,-0.003923484137
2019-08-28,-0.001221907677,-0.001221907677,0,0,0.003463406409,-0.004685314086,0.9565081606,0.001772944209,8,8,0.00704133417
2019-08-29,-0.003660024288,-0.003660024288,0,0,0.004682386568,-0.008342410856,0.9658370448,0.0005517106715,8,8,0.01277255819
2019-08-30,-0.001249860943,-0.001249860943,0,0,4.683228429e-05,-0.001296693227,0.9824576611,-0.003119731911,8,8,-0.000443957089
2019-09-03,0.0009519325197,-0.0006791951888,0.001631127708,1.631127708,-0.004503555497,0.005455488016,0.9850323401,-0.004375061072,8,8,-0.005847511193
2019-09-04,0.003838049659,0.003838049659,0,0,0.006491082827,-0.002653033168,1,0,8,8,0.01135075852
2019-09-05,0.009840765003,0.009840765003,0,0,0.009252261409,0.0005885035947,1.005285779,0.003823375354,8,8,0.0128554237
2019-09-06,-0.002406634154,-0.002406634154,0,0,-0.001589884787,-0.000816749367,1.004068733,0.01353098511,8,8,0.0007723058499
2019-09-09,0.01196848129,0.01196848129,0,0,0.009869414057,0.002099067231,1.005715988,0.01115118779,8,8,0.0005030572978
2019-09-10,0.007156244661,0.007156244661,0,0,0.005946821135,0.001209423526,1.001499902,0.02284623435,8,8,-0.0002347402674
2019-09-11,0.0002708832202,0.0002708832202,0,0,0.005521002569,-0.005250119349,0.9990875841,0.02978929949,8,8,0.007111091661
2019-09-12,-0.005267969675,-0.005267969675,0,0,-0.003957205671,-0.001310764004,1.009585226,0.03005204212,8,8,0.003463741374
2019-09-13,0.006839503183,0.006839503183,0,0,0.005020077131,0.001819426052,1.0122714,0.02491532563,8,8,-0.0006636797339
2019-09-16,0.007330233505,0.007330233505,0,0,0.003649442124,0.003680791381,1.008573906,0.03153911692,8,8,-0.003089237992
2019-09-17,-0.006113820138,-0.006113820138,0,0,-0.002612294971,-0.003501525168,1.001203502,0.03858650235,8,8,0.002532288993
2019-09-18,-0.004760553213,-0.004760553213,0,0,-0.003380031022,-0.001380522191,1.008257034,0.03267243561,8,8,0.0005983382439
2019-09-19,-0.000729888888,-0.000729888888,0,0,-0.0008965945157,0.0001667056277,1.011070781,0.02804539398,8,8,-6.667925415e-05
2019-09-20,-0.0005058935121,-0.0005058935121,0,0,-0.00285965198,0.002353758468,1.010745213,0.02733545694,8,8,-0.004724663674
2019-09-23,-0.003079186179,-0.003079186179,0,0,-0.001868454905,-0.001210731275,1.006040752,0.0268431432,8,8,-0.000235064865
2019-09-24,-0.00927033825,-0.00927033825,0,0,-0.008178064773,-0.001092273477,1.008488352,0.02383735668,8,8,-0.007846513938
2019-09-25,0.002822491885,0.002822491885,0,0,0.004913589287,-0.002091097401,1.010772766,0.01470332321,8,8,0.00591493797
2019-09-26,-0.005184703821,-0.005184703821,0,0,-0.003790780582,-0.001393923239,1.014912869,0.01747648785,8,8,-0.002083535402
2019-09-27,0.004123588718,0.004123588718,0,0,0.001761983805,0.002361604913,1.017792967,0.01235584543,8,8,-0.005387086919
2019-09-30,-0.001489171872,-0.001489171872,0,0,0.0006196942412,-0.002108866113,1.013016084,0.0164117588,8,8,0.004638021985
2019-10-01,-0.008312394208,-0.01020706211,0.001894667903,1.894667903,-0.011799106,0.00348671179,1.017259519,0.01494484237,8,8,-0.01189523621
2019-10-02,0.00332027359,0.00332027359,0,0,-0.006269564616,0.009589838205,1,0,8,8,-0.0176642898
2019-10-03,0.004111422046,0.004111422046,0,0,0.004566471834,-0.000455049788,0.9808837946,0.003309285855,8,8,0.008192715754
2019-10-04,0.001994457698,0.001994457698,0,0,0.007419975533,-0.005425517835,0.9818684407,0.007390323164,8,8,0.01353206011
2019-10-07,-0.00153091932,-0.00153091932,0,0,0.0004320519585,-0.001962971279,0.9927339682,0.009366100571,8,8,-0.004314520756
2019-10-08,-0.0008261390421,-0.0008261390421,0,0,-0.007406156521,0.006580017479,0.9966547895,0.007847194672,8,8,-0.01552493887
2019-10-09,-0.001614052779,-0.001614052779,0,0,0.003493555056,-0.005107607835,0.9834811076,0.007026860794,8,8,0.009496443615
2019-10-10,-0.003946048629,-0.003946048629,0,0,0.00304497409,-0.006991022718,0.9936861324,0.005421558697,8,8,0.006763208129
2019-10-11,-0.004154974551,-0.004154974551,0,0,0.004754850078,-0.008909824629,1.007698557,0.00148135557,8,8,0.0103672248
2019-10-14,-0.003338956821,-0.003338956821,0,0,6.23360674e-06,-0.003345190428,1.025624676,-0.002684774149,8,8,-0.001113421102
2019-10-15,0.005083517551,0.005083517551,0,0,0.01013799489,-0.005054477337,1.032423317,-0.006043911329,8,8,0.009900201071
2019-10-16,-0.003104406705,-0.003104406705,0,0,-0.003281686182,0.000177279477,1.042317151,-0.0009555362928,8,8,-0.001606241163
2019-10-17,0.0002834278189,0.0002834278189,0,0,0.003346351543,-0.003062923724,1.042093267,-0.004072585961,8,8,0.002949080887
2019-10-18,-0.008238538727,-0.008238538727,0,0,-0.00821734895,-2.118977655e-05,1.048205452,-0.003788084493,8,8,-0.004377338298
2019-10-21,-0.00459732478,-0.00459732478,0,0,0.002739109663,-0.007336434443,1.048648625,-0.01212652809,8,8,0.006779374334
2019-10-22,-0.0111427275,-0.0111427275,0,0,-0.00815598251,-0.002986744991,1.063613948,-0.01680109295,8,8,-0.003266654053
2019-10-23,0.004196099947,0.004196099947,0,0,0.003705026735,0.000491073212,1.070371569,-0.02825869944,8,8,0.002909308256
2019-10-24,-0.006931002792,-0.006931002792,0,0,0.002465610456,-0.009396613248,1.069099474,-0.02396205233,8,8,0.001634094722
2019-10-25,-0.009800126787,-0.009800126787,0,0,0.002630121475,-0.01243024826,1.088506137,-0.03110866939,8,8,0.004094981528
2019-10-28,0.002653009628,0.002653009628,0,0,0.004758126722,-0.002105117093,1.114488637,-0.04131367544,8,8,0.005636570598
2019-10-29,0.005580231718,0.005580231718,0,0,0.002719692053,0.002860539665,1.118384795,-0.03855837008,8,8,-0.0002964000264
2019-10-30,0.01040387481,0.01040387481,0,0,0.007417455339,0.00298641947,1.112038515,-0.03279513392,8,8,0.003066963214
2019-10-31,0.0005318687761,0.0005318687761,0,0,-0.0008548862647,0.001386755041,1.104973544,-0.02216070194,8,8,-0.002663219102
2019-11-01,-0.009430551835,-0.01068262434,0.001252072504,1.252072504,0.002433665435,-0.01186421727,1.102145706,-0.02161733558,8,8,0.009264023562
2019-11-04,-0.003990853742,-0.003990853742,0,0,0.003129015376,-0.007119869118,1,0,8,8,0.004017689792
2019-11-05,0.003778715371,0.003778715371,0,0,0.002970513512,0.000808201859,1.014296795,-0.004006844473,8,8,-0.001106523916
2019-11-06,-0.002189328008,-0.002189328008,0,0,-0.001009705072,-0.001179622937,1.012632656,-0.0002272703121,8,8,0.0002282562624
2019-11-07,-0.00120727795,-0.00120727795,0,0,0.004822126357,-0.006029404308,1.015024796,-0.002421900655,8,8,0.00351651347
2019-11-08,-0.00317814428,-0.00317814428,0,0,0.0004705488077,-0.003648693088,1.027116341,-0.003633565329,8,8,0.002466405434
2019-11-11,-0.0009072417333,-0.0009072417333,0,0,0.0004953124008,-0.001402554134,1.034523448,-0.006833427227,8,8,-0.001909723527
2019-11-12,-0.00224544124,-0.00224544124,0,0,-0.001272905094,-0.0009725361467,1.037362453,-0.007747697996,8,8,0.002107814068
2019-11-13,0.009483370081,0.009483370081,0,0,0.00702064893,0.002462721151,1.039395987,-0.01001562874,8,8,0.000323597005
2019-11-14,-0.001521380343,-0.001521380343,0,0,-0.0002172126953,-0.001304167647,1.034146718,-0.0005272584738,8,8,0.001455824304
2019-11-15,-0.002714061517,-0.002714061517,0,0,0.002739653447,-0.005453714964,1.036811057,-0.002051760324,8,8,0.007236368023
2019-11-18,-0.00173313373,-0.00173313373,0,0,0.001470585652,-0.003203719382,1.047848351,-0.004778791777,8,8,0.0007374404472
2019-11-19,-0.003491453183,-0.003491453183,0,0,-0.002800220125,-0.0006912330579,1.054349985,-0.006523231139,8,8,-0.0002882244308
2019-11-20,0.003374613381,0.003374613381,0,0,-0.0006327954988,0.004007408879,1.05592772,-0.01004977263,8,8,-0.003718660174
2019-11-21,-0.0005295553876,-0.0005295553876,0,0,0.0003621614565,-0.000891716844,1.047751759,-0.006652708931,8,8,-0.001608986071
2019-11-22,0.005961442149,0.005961442149,0,0,0.002780961905,0.003180480244,1.049561438,-0.007186069741,8,8,0.002223701533
2019-11-25,-0.009574232767,-0.009574232767,0,0,0.0001675757877,-0.009741808555,1.042944467,-0.001217370309,8,8,0.007750377116
2019-11-26,0.006424160369,0.006424160369,0,0,0.002456805075,0.003967355294,1.063031563,-0.01089592318,8,8,0.002265584915
2019-11-27,-0.002688309733,-0.002688309733,0,0,-0.0004627740085,-0.002225535724,1.05474516,-0.004443218862,8,8,0.004457511757
2019-11-29,0.00100460741,0.00100460741,0,0,-0.001304228424,0.002308835835,1.059355799,-0.007150752031,8,8,-0.00370859557
2019-12-02,0.0006961710376,-0.0007267082051,0.001422879243,1.422879243,-0.002689137449,0.003385308487,1.054683192,-0.006139976355,8,8,-0.008494673034
2019-12-03,0.003903809527,0.003903809527,0,0,-0.002359212189,0.006263021716,1,0,8,8,-0.006706660627
2019-12-04,-0.0006008474172,-0.0006008474172,0,0,0.003025877875,-0.003626725293,0.9875226657,0.003888629059,8,8,0.00617024306
2019-12-05,-0.0006985325417,-0.0006985325417,0,0,-0.0005938499986,-0.000104682543,0.9947729756,0.003289758285,8,8,0.001797808883
2019-12-06,-0.003819767953,-0.003819767953,0,0,0.002241043418,-0.006060811371,0.9949788333,0.002593037064,8,8,0.009134439283
2019-12-09,0.003887830665,0.003887830665,0,0,0.000113053312,0.003774777353,1.007127682,-0.001231434684,8,8,-0.003144228024
2019-12-10,0.0006161071029,0.0006161071029,0,0,-0.0009473285708,0.001563435674,0.9995797612,0.00264610836,8,8,-0.001115409393
2019-12-11,-0.003277953572,-0.003277953572,0,0,0.0001285491526,-0.003406502724,0.9964550739,0.003260206826,8,8,0.002839175079
2019-12-12,-0.002748024166,-0.002748024166,0,0,0.002568266945,-0.005316291111,1.003278827,-1.780510997e-05,8,8,0.008618499744
2019-12-13,0.002022859111,0.002022859111,0,0,0.002578107399,-0.0005552482882,1.013949744,-0.002773450786,8,8,0.0005993058491
2019-12-16,-0.006570746498,-0.006570746498,0,0,0.002065646202,-0.0086363927,1.015029837,-0.0007490763985,8,8,0.006870235806
2019-12-17,-0.002108063076,-0.002108063076,0,0,0.0007909843847,-0.00289904746,1.032516279,-0.007368237718,8,8,0.0002188208924
2019-12-18,-0.002943975803,-0.002943975803,0,0,-0.001910520872,-0.001033454931,1.038395313,-0.009496319635,8,8,6.285249908e-05
2019-12-19,0.001946943954,0.001946943954,0,0,0.00427090559,-0.002323961636,1.040581695,-0.01247702751,8,8,0.004098736018
2019-12-20,0.000834458383,0.000834458383,0,0,0.002044804897,-0.001210346514,1.04514173,-0.01050962191,8,8,0.004384166006
2019-12-23,-0.004383450531,-0.004383450531,0,0,-0.002424671805,-0.001958778726,1.047522767,-0.009667096734,8,8,0.001528010676
2019-12-24,0.0003714256882,0.0003714256882,0,0,0.0007161785457,-0.0003447528575,1.051666803,-0.01411240831,8,8,3.126819418e-05
2019-12-26,-0.0008575831127,-0.0008575831127,0,0,0.0009439036033,-0.001801486716,1.05233687,-0.01373588076,8,8,0.005322930939
2019-12-27,0.002945838621,0.002945838621,0,0,0.001424446385,0.001521392236,1.055987857,-0.01460598972,8,8,-0.0002477765938
2019-12-30,0.0009626318714,0.0009626318714,0,0,-0.003146079248,0.004108711119,1.052789563,-0.01162590307,8,8,-0.005513203025
2019-12-31,-0.0009894130237,-0.0009894130237,0,0,0.001251493855,-0.002240906879,1.044529276,-0.01065301626,8,8,0.002429555913
2020-01-02,-0.007452079311,-0.008891633139,0.001439553828,1.439553828,5.448973629e-05,-0.007506569047,1.04905963,-0.01165395987,8,8,0.009351715759
2020-01-03,-0.0006041888546,-0.0006041888546,0,0,-0.002813147747,0.002208958892,1,0,8,8,-0.007572474608
2020-01-06,-0.0005741427539,-0.0005741427539,0,0,0.002297773476,-0.00287191623,0.9955794113,-0.0006045541195,8,8,0.003815490707
2020-01-07,-0.002161524385,-0.002161524385,0,0,0.0007241841856,-0.002885708571,1.001324004,-0.001179374002,8,8,-0.002811818763
2020-01-08,-0.003679735529,-0.003679735529,0,0,0.0006348232304,-0.004314558759,1.007110791,-0.003348135464,8,8,0.005329624433
2020-01-09,0.001773295526,0.001773295526,0,0,0.00405584714,-0.002282551614,1.015798041,-0.007053827211,8,8,0.006780491082
2020-01-10,-0.0007596410801,-0.0007596410801,0,0,-0.002492508014,0.001732866934,1.020327099,-0.005271184318,8,8,-0.00287805178
2020-01-13,-0.01052521875,-0.01052521875,0,0,0.002127529115,-0.01265274786,1.016874183,-0.006035410144,8,8,0.006877510659
2020-01-14,-0.0002209295252,-0.0002209295252,0,0,0.0006703286034,-0.0008912581286,1.042628352,-0.01673678724,8,8,-0.001524384641
2020-01-15,0.004171907801,0.004171907801,0,0,-0.0009173813214,0.005089289123,1.044420682,-0.01696146405,8,8,0.002259599104
2020-01-16,0.002154965073,0.002154965073,0,0,0.004619877895,-0.002464912822,1.034099842,-0.01273642108,8,8,0.008318612743
2020-01-17,-0.003957508802,-0.003957508802,0,0,-0.001628135874,-0.002329372929,1.038945741,-0.01055870237,8,8,0.003112460973
2020-01-21,-0.004861541336,-0.004861541336,0,0,-0.001947278474,-0.002914262862,1.043777738,-0.01457388746,8,8,-0.00195846576
2020-01-22,-0.005142432508,-0.005142432508,0,0,-0.002318966042,-0.002823466466,1.049848604,-0.01953037653,8,8,0.0001209642457
2020-01-23,0.0007270192855,0.0007270192855,0,0,0.001403597689,-0.0006765784035,1.055782395,-0.02480034313,8,8,0.001146949943
2020-01-24,0.0002879493024,0.0002879493024,0,0,-0.003977591271,0.004265540574,1.057094043,-0.02405583479,8,8,-0.0088928843
2020-01-27,0.003436064624,0.003436064624,0,0,-0.006881523649,0.01031758827,1.048548982,-0.02376104351,8,8,-0.01602955543
2020-01-28,-0.003097379556,-0.003097379556,0,0,0.004881167617,-0.007978547173,1.02781822,-0.02025538009,8,8,0.01047926037
2020-01-29,-0.002026803756,-0.002026803756,0,0,-0.0007198894697,-0.001306914287,1.043911325,-0.02342531674,8,8,-0.0008264225806
2020-01-30,-0.01064769888,-0.01064769888,0,0,-0.000668064916,-0.009979633964,1.046619642,-0.02550381172,8,8,0.003245691929
2020-01-31,-0.0002099247929,-0.0002099247929,0,0,-0.009941216099,0.009731291306,1.067295452,-0.03654058373,8,8,-0.01815800269
2020-02-03,-0.02191760355,-0.02377516484,0.001857561296,1.857561296,0.002240938678,-0.02415854222,1.047842913,-0.03675822499,8,8,0.007428785618
2020-02-04,-0.009005477193,-0.009005477193,0,0,0.003692464585,-0.01269794178,1,0,8,8,0.01524093397
2020-02-05,0.0312413552,0.0312413552,0,0,0.01814793353,0.01309342167,1.025626664,-0.009087312781,8,8,0.01154805444
2020-02-06,-0.005761896943,-0.005761896943,0,0,-0.001896009258,-0.003865887684,0.9994567911,0.02148288789,8,8,0.003364787842
2020-02-07,-0.002669246372,-0.002669246372,0,0,-0.002073051603,-0.000596194769,1.007230226,0.01581209863,8,8,-0.005329538182
2020-02-10,-0.007655429354,-0.007655429354,0,0,0.00163044305,-0.009285872404,1.008445158,0.01317802766,8,8,0.007465252005
2020-02-11,0.005657984102,0.005657984102,0,0,0.006244003214,-0.0005860191116,1.027225324,0.005565202315,8,8,0.001733016261
2020-02-12,0.007413996155,0.007413996155,0,0,0.008855689998,-0.001441693842,1.028237595,0.01116004307,8,8,0.00644272965
2020-02-13,-0.006515555426,-0.006515555426,0,0,-0.003353584169,-0.003161971257,1.03089195,0.01843734482,8,8,-0.001066649838
2020-02-14,-0.00382303009,-0.00382303009,0,0,-0.002921347633,-0.0009016824572,1.037459965,0.0119999759,8,8,0.00160198118
2020-02-18,-0.01027599406,-0.01027599406,0,0,-0.002090116222,-0.008185877834,1.039414011,0.008208326494,8,8,-0.002577039968
2020-02-19,6.250322674e-05,6.250322674e-05,0,0,0.004129016739,-0.004066513512,1.056364972,-0.002089135507,8,8,0.00478132324
2020-02-20,0.0008067132069,0.0008067132069,0,0,-0.002010979796,0.002817693003,1.064493968,-0.002026505617,8,8,-0.004108348057
2020-02-21,0.002868321926,0.002868321926,0,0,-0.004279005098,0.007147327024,1.058811139,-0.00121880918,8,8,-0.01029803819
2020-02-24,-0.003794642587,-0.003794642587,0,0,-0.02202402395,0.01822938136,1.044389162,0.001644794944,8,8,-0.0331656561
2020-02-25,-0.01053793315,-0.01053793315,0,0,-0.02117816122,0.01064022807,1.007960607,-0.002158036621,8,8,-0.03030200135
2020-02-26,-0.008970363363,-0.008970363363,0,0,-0.007751224014,-0.001219139349,0.9865382923,-0.01283118393,8,8,-0.003678452041
2020-02-27,0.005994567769,0.005994567769,0,0,-0.02217313003,0.0281676978,0.9888767918,-0.02199888529,8,8,-0.04491165604
2020-02-28,0.004462780767,0.004462780767,0,0,0.002517553954,0.001945226813,0.9329433717,-0.01590895024,8,8,-0.004201333615
2020-03-02,-0.008151469234,-0.00905366843,0.0009021991967,0.9021991967,0.01659763476,-0.02474910399,0.9293681326,-0.01139531468,8,8,0.04330655183
2020-03-03,-0.003244134111,-0.003244134111,0,0,-0.01552148854,0.01227735443,1,0,8,8,-0.02863246711
2020-03-04,-0.001600241819,-0.001600241819,0,0,0.01941148262,-0.02101172444,0.9753653731,-0.00325469277,8,8,0.04203308537
2020-03-05,-0.003983290453,-0.003983290453,0,0,-0.0181360657,0.01415277525,1.017416693,-0.004862716112,8,8,-0.03324190194
2020-03-06,0.0009761772494,0.0009761772494,0,0,-0.01033739049,0.01131356774,0.9890675955,-0.008881383696,8,8,-0.01653085495
2020-03-09,-0.02024966347,-0.02024966347,0,0,-0.05439244431,0.03414278084,0.9664731881,-0.007897497089,8,8,-0.07809473214
2020-03-10,0.00176310085,0.00176310085,0,0,0.0234928043,-0.02172970345,0.8960833492,-0.02872891135,8,8,0.05174520845
2020-03-11,-0.004262328626,-0.004262328626,0,0,-0.02450023574,0.02023790711,0.9396491607,-0.02691835073,8,8,-0.04874863649
2020-03-12,0.004833243514,0.004833243514,0,0,-0.0423629962,0.04719623971,0.8987417506,-0.03131415056,8,8,-0.09567721694
2020-03-13,0.01021798399,0.01021798399,0,0,0.04605957082,-0.03584158683,0.8052903503,-0.02635353399,8,8,0.08548649391
2020-03-16,0.005100447155,0.005100447155,0,0,-0.05318289884,0.05828334599,0.8782178916,-0.01597234484,8,8,-0.1094236422
2020-03-17,-0.006502576776,-0.006502576776,0,0,0.01681527173,-0.02331784851,0.762860716,-0.01081672753,8,8,0.05399161349
2020-03-18,-0.01063964932,-0.01063964932,0,0,-0.02922380625,0.01858415693,0.8082495409,-0.01743266153,8,8,-0.05063266496
2020-03-19,-0.004763430143,-0.004763430143,0,0,0.01014049726,-0.0149039274,0.7686194188,-0.02837420241,8,8,0.002124927312
2020-03-20,-0.000526559654,-0.000526559654,0,0,-0.01274884754,0.01222228788,0.7974625004,-0.03329623685,8,8,-0.04309421883
2020-03-23,-0.0204991003,-0.0204991003,0,0,-0.0157097334,-0.004789366902,0.7728983421,-0.03384061561,8,8,-0.02556837502
2020-03-24,0.02069345817,0.02069345817,0,0,0.04997800938,-0.0292845512,0.7779247327,-0.05547694334,8,8,0.0906032298
2020-03-25,0.008204230224,0.008204230224,0,0,0.005963622739,0.002240607485,0.8398087461,-0.03407828755,8,8,0.01497028755
2020-03-26,0.0008716549598,0.0008716549598,0,0,0.02400720444,-0.02313554948,0.8366675482,-0.025663508,8,8,0.05838987974
2020-03-27,-0.01135186465,-0.01135186465,0,0,-0.02239219854,0.0110403339,0.8830405954,-0.02477026192,8,8,-0.02978558209
2020-03-30,-0.009667552775,-0.009667552775,0,0,0.008228750167,-0.01789630294,0.8593634404,-0.03653688838,8,8,0.03247558472
2020-03-31,-0.006322918973,-0.006322918973,0,0,-0.006161452536,-0.0001614664369,0.8941325673,-0.04665548552,8,8,-0.01490531022
2020-04-01,0.005975367061,0.004848998573,0.001126368488,1.126368488,-0.01885405063,0.02482941769,0.8937839044,-0.05331551417,8,8,-0.04500486123
2020-04-02,0.004512181407,0.004512181407,0,0,0.02040789249,-0.01589571109,1,0,8,8,0.02307520683
2020-04-03,0.002784472316,0.002784472316,0,0,-0.005881983865,0.008666456181,1.031648618,0.00449191308,8,8,-0.01445409699
2020-04-06,0.006183114507,0.006183114507,0,0,0.03592547848,-0.02974236398,1.014275955,0.007256180762,8,8,0.0671662848
2020-04-07,0.02057403493,0.02057403493,0,0,0.009585648287,0.01098838665,1.073307414,0.01335670921,8,8,0.001019599855
2020-04-08,0.01476623448,0.01476623448,0,0,0.0276504862,-0.01288425172,1.050295852,0.03324672486,8,8,0.03356820858
2020-04-09,0.01401541849,0.01401541849,0,0,0.01402060821,-5.189714267e-06,1.074957516,0.04731430522,8,8,0.01521752689
2020-04-13,-0.01109000289,-0.01109000289,0,0,-0.001497773334,-0.009592229551,1.073931711,0.06048204257,8,8,-0.009130177502
2020-04-14,-0.01888887427,-0.01888887427,0,0,0.0002968010945,-0.01918567537,1.094160409,0.04994594031,8,8,0.02949282982
2020-04-15,-0.009439136577,-0.009439136577,0,0,-0.01205307376,0.002613937184,1.135083332,0.03165499322,8,8,-0.02124814676
2020-04-16,-0.02946589873,-0.02946589873,0,0,-0.01579478624,-0.01367111249,1.131092861,0.02242755338,8,8,0.004824085208
2020-04-17,0.04866326074,0.04866326074,0,0,0.04761392959,0.001049331145,1.163245254,-0.007252033019,8,8,0.0270158847
2020-04-20,-0.01804424495,-0.01804424495,0,0,-0.01966493315,0.001620688205,1.153668578,0.03948953803,8,8,-0.01761829357
2020-04-21,-0.00518079271,-0.00518079271,0,0,-0.02328430931,0.0181035166,1.153191425,0.02183936799,8,8,-0.0303632644
2020-04-22,0.008076606185,0.008076606185,0,0,0.0149209408,-0.006844334613,1.11759362,0.01674532936,8,8,0.02219443393
2020-04-23,0.003269698838,0.003269698838,0,0,0.0045142243,-0.001244525462,1.130230469,0.02462306475,8,8,-7.131474213e-05
2020-04-24,-0.004049991973,-0.004049991973,0,0,0.001574272837,-0.00562426481,1.132286982,0.02780185988,8,8,0.01393873293
2020-04-27,0.0190962244,0.0190962244,0,0,0.02369597369,-0.004599749288,1.144119193,0.02384845396,8,8,0.01441828034
2020-04-28,0.01903274042,0.01903274042,0,0,0.005204360656,0.01382837977,1.150445746,0.04213996414,8,8,-0.004598446444
2020-04-29,0.02413426712,0.02413426712,0,0,0.02829646222,-0.004162195099,1.120495624,0.060030166,8,8,0.02617851424
2020-04-30,-0.008674146854,-0.008674146854,0,0,-0.01142177724,0.002747630383,1.125784302,0.08218105362,8,8,-0.00931085252
2020-05-01,-0.01853465463,-0.02038299453,0.001848339898,1.848339898,-0.03324070211,0.01470604747,1.121341576,0.07415009558,8,8,-0.02647334767
2020-05-04,-0.01839693387,-0.01839693387,0,0,-0.004894741149,-0.01350219273,1,0,8,8,0.002758400551
2020-05-05,-0.003443523119,-0.003443523119,0,0,0.001597762783,-0.005041285903,1.027510494,-0.01874172413,8,8,0.009239096753
2020-05-06,-0.003639477524,-0.003639477524,0,0,-0.005919544203,0.002280066679,1.037722966,-0.02226190664,8,8,-0.006778720359
2020-05-07,-0.008082608864,-0.008082608864,0,0,0.001996420078,-0.01007902894,1.033283969,-0.02599599601,8,8,0.01206720021
2020-05-08,0.000551178791,0.000551178791,0,0,0.01421688926,-0.01366571047,1.053877497,-0.03435629336,8,8,0.01654582526
2020-05-11,-0.00262053834,-0.00262053834,0,0,-0.005984185438,0.003363647098,1.081164182,-0.03378649217,8,8,0.0002054368492
2020-05-12,-0.001452851883,-0.001452851883,0,0,-0.01129487196,0.009842020082,1.074632465,-0.0365026872,8,8,-0.01993158822
2020-05-13,0.006211816507,0.006211816507,0,0,-0.007527530048,0.01373934655,1.055028373,-0.03801076309,8,8,-0.01768588202
2020-05-14,0.0008301141983,0.0008301141983,0,0,0.006962976041,-0.006132861843,1.027379603,-0.0316026368,8,8,0.01196681936
2020-05-15,-0.005667047533,-0.005667047533,0,0,-0.003207154498,-0.002459893034,1.039612444,-0.03074699908,8,8,0.004597556426
2020-05-18,0.006787434706,0.006787434706,0,0,0.02789405546,-0.02110662075,1.044786035,-0.03662158287,8,8,0.03045976176
2020-05-19,-0.001162952425,-0.001162952425,0,0,-0.009273692571,0.008110740145,1.086412755,-0.029633016,8,8,-0.01027149503
2020-05-20,-0.00564254783,-0.00564254783,0,0,0.009038234417,-0.01468078225,1.070272999,-0.03083182437,8,8,0.01698807631
2020-05-21,0.003505009555,0.003505009555,0,0,0.001263514475,0.00224149508,1.100199947,-0.03668134846,8,8,-0.006903891972
2020-05-22,0.001911207231,0.001911207231,0,0,4.159214884e-05,0.001869615082,1.095382639,-0.03306046167,8,8,0.001898760252
2020-05-26,0.004058100298,0.004058100298,0,0,0.01385170806,-0.009793607758,1.091468594,-0.03108983532,8,8,0.0123206922
2020-05-27,0.006444213061,0.006444213061,0,0,0.01423104552,-0.007786832456,1.110606955,-0.0269224809,8,8,0.01487894753
2020-05-28,0.01546389208,0.01546389208,0,0,0.002314235322,0.01314965676,1.125372692,-0.02034714649,8,8,-0.001844759482
2020-05-29,-0.004021015566,-0.004021015566,0,0,-0.0007859550656,-0.003235060501,1.097564649,-0.004808890247,8,8,0.004455577866
2020-06-01,-0.01013782095,-0.0118954896,0.001757668651,1.757668651,0.003296626973,-0.01343444792,1.104454784,-0.008865554345,8,8,0.004041963977
2020-06-02,0.001187187632,0.001187187632,0,0,0.00510563611,-0.003918448478,1,0,8,8,0.008280250753
2020-06-03,0.01512679878,0.01512679878,0,0,0.01632871453,-0.001201915753,1.007827604,0.001185779889,8,8,0.01330827008
2020-06-04,0.005004009476,0.005004009476,0,0,0.001889878635,0.003114130842,1.010078973,0.0160694986,8,8,-0.00262686781
2020-06-05,0.01085221392,0.01085221392,0,0,0.0201500133,-0.009297799375,1.003831538,0.0209685811,8,8,0.02562976283
2020-06-08,0.007087039486,0.007087039486,0,0,0.009894733992,-0.002807694506,1.022186366,0.03147917626,8,8,0.01208742771
2020-06-09,-0.01369160973,-0.01369160973,0,0,-0.00835239602,-0.005339213713,1.027606109,0.03829481885,8,8,-0.007456705855
2020-06-10,-0.0190585882,-0.0190585882,0,0,-0.01538492819,-0.003673660008,1.03881599,0.0249447428,8,8,-0.005579838706
2020-06-11,-0.007343999762,-0.007343999762,0,0,-0.03732164537,0.02997764561,1.047060211,0.006000515972,8,8,-0.05764912535
2020-06-12,0.0008088088927,0.0008088088927,0,0,0.01007332289,-0.009264513998,0.987009518,-0.001353423331,8,8,0.01197570579
2020-06-15,0.0005141717827,0.0005141717827,0,0,0.004678863571,-0.004164691788,1.00553407,-0.000544174305,8,8,0.009335347095
2020-06-16,-0.001505955145,-0.001505955145,0,0,0.008534246704,-0.01004020185,1.013856329,-2.998710383e-05,8,8,0.01924781095
2020-06-17,-0.009935625362,-0.009935625362,0,0,-0.008883631046,-0.001051994316,1.033987917,-0.001538258798,8,8,-0.004153716436
2020-06-18,0.0009092980311,0.0009092980311,0,0,0.001022921475,-0.0001136234437,1.0364541,-0.0115890284,8,8,0.0003848943698
2020-06-19,-0.004582459042,-0.004582459042,0,0,-0.00538012548,0.0007976664373,1.036648023,-0.01067002814,8,8,-0.005714720666
2020-06-22,-0.01193261833,-0.01193261833,0,0,-0.003167416916,-0.008765201418,1.035214057,-0.01532270284,8,8,0.006415293803
2020-06-23,-0.002944566136,-0.002944566136,0,0,0.00148881042,-0.004433376556,1.05338144,-0.0275844762,8,8,0.004603223729
2020-06-24,-0.004567196454,-0.004567196454,0,0,-0.01600987911,0.01144268265,1.062432028,-0.0306192026,8,8,-0.02550841447
2020-06-25,0.00349169014,0.00349169014,0,0,0.01029942397,-0.006807733834,1.039728109,-0.03534783958,8,8,0.01072013497
2020-06-26,-0.00217869769,-0.00217869769,0,0,-0.0192358206,0.01705712291,1.053157966,-0.03174530468,8,8,-0.02375115488
2020-06-29,0.001391171527,0.001391171527,0,0,0.006946863014,-0.005555691488,1.019085301,-0.03399807389,8,8,0.01469761376
2020-06-30,-0.005092162946,-0.005092162946,0,0,0.005812538306,-0.01090470125,1.030154734,-0.03256160359,8,8,0.01280973736
2020-07-01,-0.006988414241,-0.008424328749,0.001435914508,1.435914508,-0.004381824408,-0.002606589834,1.0522301,-0.03784648701,8,8,0.007004553997
2020-07-02,-0.005035093623,-0.005035093623,0,0,0.001793776896,-0.006828870518,1,0,8,8,0.005506908929
2020-07-06,-0.01649452329,-0.01649452329,0,0,0.004393406616,-0.02088792991,1.013726857,-0.005060574087,8,8,0.0154373593
2020-07-07,0.0058111339,0.0058111339,0,0,-0.000710379104,0.006521513004,1.056433562,-0.02191660127,8,8,-0.01031391391
2020-07-08,-0.004078363507,-0.004078363507,0,0,0.002227350067,-0.006305713574,1.043139844,-0.01601241707,8,8,0.007648921414
2020-07-09,-0.008110749734,-0.008110749734,0,0,-0.005057532568,-0.003053217166,1.055979576,-0.02017305362,8,8,-0.00569309224
2020-07-10,0.001244315983,0.001244315983,0,0,0.01272744498,-0.011483129,1.062593692,-0.02851508205,8,8,0.01021050833
2020-07-13,0.01599480736,0.01599480736,0,0,0.001881195036,0.01411361233,1.085453619,-0.02723687479,8,8,-0.008658919741
2020-07-14,0.004882547401,0.004882547401,0,0,0.008940300062,-0.00405775266,1.056325479,-0.01106508354,8,8,0.01295883893
2020-07-15,-0.001342766051,-0.001342766051,0,0,0.003566356645,-0.004909122697,1.064127877,-0.006152496287,8,8,0.009187342378
2020-07-16,0.01059898402,0.01059898402,0,0,0.00136349643,0.009235487586,1.074045548,-0.007505340254,8,8,-0.003293242978
2020-07-17,0.003014705689,0.003014705689,0,0,0.001197747897,0.001816957793,1.054991717,0.003061198171,8,8,0.002898766013
2020-07-20,-0.0237740623,-0.0237740623,0,0,-0.003216717742,-0.02055734456,1.051203438,0.006057641853,8,8,0.00808156906
2020-07-21,0.01695474311,0.01695474311,0,0,0.009294985744,0.007659757364,1.094566354,-0.01814786902,8,8,0.002127753926
2020-07-22,0.00423766903,0.00423766903,0,0,0.00607646624,-0.001838797209,1.07792563,-0.001173234031,8,8,0.005691769809
2020-07-23,0.01542537351,0.01542537351,0,0,-0.001451917232,0.01687729075,1.081258876,0.003051503736,8,8,-0.01193157434
2020-07-24,0.003608374339,0.003608374339,0,0,-0.003470584423,0.007078958762,1.046782655,0.01819619416,8,8,-0.006440411393
2020-07-27,-0.01471144331,-0.01471144331,0,0,-0.002288236303,-0.01242320701,1.032507438,0.02172617233,8,8,0.00729275179
2020-07-28,0.01046338508,0.01046338508,0,0,0.001888355838,0.008575029246,1.058210208,0.007119466654,8,8,-0.006342647961
2020-07-29,-0.003336618799,-0.003336618799,0,0,0.001823182747,-0.005159801546,1.04063497,0.01740078067,8,8,0.01229865564
2020-07-30,-0.01474110993,-0.01474110993,0,0,-0.005068121232,-0.009672988699,1.051125159,0.01411124572,8,8,-0.003567734826
2020-07-31,-0.01118396204,-0.01118396204,0,0,-0.003600444341,-0.007583517699,1.071525501,-0.0006392880287,8,8,0.007902427009
2020-08-03,-0.01171479324,-0.01332472199,0.00160992875,1.60992875,-0.001779731296,-0.009935061941,1.087673069,-0.01195697644,8,8,0.006951927884
2020-08-04,-0.001506940009,-0.001506940009,0,0,0.004163086772,-0.005670026781,1,0,8,8,0.003862529313
2020-08-05,0.005468257838,0.005468257838,0,0,0.00688419598,-0.001415938143,1.011357168,-0.001509214304,8,8,0.00621090636
2020-08-06,-0.00161665211,-0.00161665211,0,0,-5.077767184e-05,-0.001565874438,1.014111877,0.003937512202,8,8,0.006684546805
2020-08-07,-0.001346372115,-0.001346372115,0,0,0.001329205064,-0.002675577179,1.017271548,0.002324618191,8,8,0.0007181150239
2020-08-10,0.0108424829,0.0108424829,0,0,0.01004923854,0.0007932443606,1.022653202,0.0009795649349,8,8,0.002988661628
2020-08-11,0.01081496038,0.01081496038,0,0,0.001385225397,0.009429734987,1.020840748,0.01169524237,8,8,-0.008254420258
2020-08-12,-0.01291364522,-0.01291364522,0,0,0.005001883123,-0.01791552835,1.00196008,0.0222693605,8,8,0.01394220405
2020-08-13,-0.01152281764,-0.01152281764,0,0,-0.006949349523,-0.004573468113,1.038285542,0.00947811226,8,8,-0.001807662616
2020-08-14,0.001522159784,0.001522159784,0,0,0.002469509942,-0.0009473501585,1.047985406,-0.002068540794,8,8,2.981005388e-05
2020-08-17,-0.01831328413,-0.01831328413,0,0,-0.005295041551,-0.01301824258,1.049804296,-0.0005455505956,8,8,0.003176200992
2020-08-18,-0.006646265898,-0.006646265898,0,0,-0.004343610111,-0.002302655787,1.077255584,-0.01921064472,8,8,0.002160647347
2020-08-19,-0.001187710376,-0.001187710376,0,0,-0.002624208448,0.001436498072,1.082408605,-0.02602991234,8,8,-0.004163528714
2020-08-20,-0.01050911995,-0.01050911995,0,0,-0.003266714176,-0.007242405773,1.079630187,-0.02724998781,8,8,0.003113272839
2020-08-21,-0.01261795773,-0.01261795773,0,0,-0.003091016925,-0.009526940806,1.095114569,-0.03816013722,8,8,0.003547473181
2020-08-24,0.01112624318,0.01112624318,0,0,0.01303424312,-0.001907999943,1.115627433,-0.05142699864,8,8,0.0101333187
2020-08-25,-0.003388253175,-0.003388253175,0,0,-0.004486631381,0.001098378206,1.118129099,-0.03985729352,8,8,0.003498988658
2020-08-26,-0.01034608246,-0.01034608246,0,0,-0.004295403234,-0.006050679229,1.116326487,-0.04339257172,8,8,0.01002567231
2020-08-27,0.004473003602,0.004473003602,0,0,0.006461272206,-0.001988268604,1.129770461,-0.05430045113,8,8,0.002186595523
2020-08-28,-0.0004337209748,-0.0004337209748,0,0,0.003651167233,-0.004084888208,1.133151411,-0.04960556167,8,8,0.006459662547
2020-08-31,-0.02137541592,-0.02137541592,0,0,-0.006133607122,-0.01524180879,1.141382508,-0.05006099515,8,8,-0.0036227401
2020-09-01,-0.003834948652,-0.005011270988,0.001176322336,1.176322336,-0.003821913305,-1.303534678e-05,1.175620078,-0.07299674689,8,8,0.009418403012
2020-09-02,0.004140489208,0.004140489208,0,0,0.005022404452,-0.0008819152435,1,0,8,8,0.01446424413
2020-09-03,0.01990211943,0.01990211943,0,0,-0.009419321454,0.02932144089,1.001756557,0.004123416248,8,8,-0.03441441056
2020-09-04,0.003490429611,0.003490429611,0,0,-0.001761400864,0.005251830476,0.9442237415,0.02355670728,8,8,-0.008164800813
2020-09-08,0.01749277485,0.01749277485,0,0,-0.01076735666,0.02826013151,0.9339506212,0.02695305914,8,8,-0.02732267396
2020-09-09,-0.01260563479,-0.01260563479,0,0,0.004197592583,-0.01680322737,0.8795375802,0.0436817195,8,8,0.01974725707
2020-09-10,-0.00483010944,-0.00483010944,0,0,-0.01053464627,0.005704536828,0.9120351826,0.03147281958,8,8,-0.01736391397
2020-09-11,0.002695581459,0.002695581459,0,0,0.001728591073,0.0009669903863,0.9001437925,0.02677202193,8,8,0.0005093475498
2020-09-14,-0.01012275777,-0.01012275777,0,0,0.003983758941,-0.01410651671,0.8984834578,0.02938838461,8,8,0.01317131921
2020-09-15,-0.00650409427,-0.00650409427,0,0,0.002275159506,-0.008779253775,0.9259468694,0.01946264245,8,8,0.00505250675
2020-09-16,0.01150649373,0.01150649373,0,0,0.001151589975,0.01035490375,0.943135525,0.01304338358,8,8,-0.003968963721
2020-09-17,0.008666284492,0.008666284492,0,0,0.0007371614874,0.007929123005,0.9233081715,0.02427060771,8,8,-0.008795229767
2020-09-18,-0.0009013189544,-0.0009013189544,0,0,-0.003841812628,0.002940493673,0.9082450996,0.03265390418,8,8,-0.01151277619
2020-09-21,-0.01223237295,-0.01223237295,0,0,-0.008053145883,-0.004179227067,0.9022760318,0.03178123025,8,8,-0.01112968471
2020-09-22,-0.004300744305,-0.004300744305,0,0,-0.0007857388042,-0.003515005501,0.9095277962,0.01979094755,8,8,0.01018441884
2020-09-23,-0.0007494033404,-0.0007494033404,0,0,-0.0111951238,0.01044572046,0.9161973936,0.0155571104,8,8,-0.02319080494
2020-09-24,-0.0006477008988,-0.0006477008988,0,0,0.0002528212638,-0.0009005221625,0.8952274358,0.01481881233,8,8,0.002665643935
2020-09-25,-0.008185451624,-0.008185451624,0,0,0.004095761951,-0.01228121357,0.8969617421,0.01418029602,8,8,0.01616682724
2020-09-28,0.0002300838085,0.0002300838085,0,0,0.007434424445,-0.007204340636,0.9208765078,0.006044319886,8,8,0.01660934362
2020-09-29,-0.008992902433,-0.008992902433,0,0,-0.006558258458,-0.002434643975,0.9353000754,0.006272960388,8,8,-0.00544589473
2020-09-30,-0.0012905527,-0.0012905527,0,0,0.00205973384,-0.003350286541,0.9396264298,-0.002744624182,8,8,0.007581888949
2020-10-01,-0.009756445211,-0.01101677956,0.001260334349,1.260334349,-0.002833306548,-0.006923138663,0.9462576455,-0.00404039122,8,8,0.006420193752
2020-10-02,-0.005235566635,-0.005235566635,0,0,-0.009788214954,0.004552648319,1,0,8,8,-0.009494772905
2020-10-05,0.002651527093,0.002651527093,0,0,0.01219643298,-0.009544905891,0.9908467811,-0.005263122061,8,8,0.01773323777
2020-10-06,-0.009064971165,-0.009064971165,0,0,-0.01101742989,0.001952458722,1.009910315,-0.002604688567,8,8,-0.01421591509
2020-10-07,-0.0001843919732,-0.0001843919732,0,0,0.008280533969,-0.008464925942,1.006060335,-0.01177641257,8,8,0.01740658936
2020-10-08,0.008065253826,0.008065253826,0,0,0.00929104292,-0.001225789094,1.022994427,-0.01196301043,8,8,0.008862360269
2020-10-09,-9.372334523e-05,-9.372334523e-05,0,0,0.002533517219,-0.002627240564,1.025242418,-0.00386657172,8,8,0.008930347609
2020-10-12,0.008319699236,0.008319699236,0,0,0.01427679618,-0.005957096943,1.030499758,-0.003960666272,8,8,0.01608764536
2020-10-13,-0.003917275498,-0.003917275498,0,0,-0.004059470473,0.0001421949745,1.042063992,0.004323066352,8,8,-0.006526135541
2020-10-14,0.0004868835472,0.0004868835472,0,0,-0.001829736633,0.00231662018,1.041943908,0.0004073866996,8,8,-0.006283277957
2020-10-15,-0.002139958386,-0.002139958386,0,0,-0.001264687672,-0.0008752707144,1.03729251,0.0008938350532,8,8,-0.001235990284
2020-10-16,-0.006751116436,-0.006751116436,0,0,-0.006699677865,-5.143857116e-05,1.039126782,-0.001248795704,8,8,-0.0006043701576
2020-10-19,-0.005587471704,-0.005587471704,0,0,-0.01167059908,0.00608312738,1.039496303,-0.008054287573,8,8,-0.0152034513
2020-10-20,-0.001298742867,-0.001298742867,0,0,0.002787524524,-0.004086267391,1.027483612,-0.01371841051,8,8,0.004005700453
2020-10-21,-0.00024643741,-0.00024643741,0,0,-0.00233944953,0.00209301212,1.035702515,-0.01503668216,8,8,-0.001892922471
2020-10-22,0.007699647652,0.007699647652,0,0,0.008457022149,-0.0007573744972,1.03152426,-0.01528688683,8,8,0.005485565637
2020-10-23,0.0005583306006,0.0005583306006,0,0,0.00129437104,-0.0007360404396,1.032786564,-0.007529266478,8,8,0.003394772678
2020-10-26,0.001670232258,0.001670232258,0,0,-0.0112212245,0.01289145676,1.034239528,-0.006967045962,8,8,-0.01847988422
2020-10-27,0.003975418874,0.003975418874,0,0,0.002671040863,0.00130437801,1.008442513,-0.005287981547,8,8,-0.003447084362
2020-10-28,-0.0005932459339,-0.0005932459339,0,0,-0.0228406111,0.02224736517,1.005810657,-0.001307365349,8,8,-0.03417894015
2020-10-29,0.006322425427,0.006322425427,0,0,0.01392525303,-0.007602827605,0.9612929642,-0.001901739482,8,8,0.01016316085
2020-10-30,-0.006687320614,-0.006687320614,0,0,-0.01273010067,0.006042780057,0.9766462716,0.004392912086,8,8,-0.01042480099
2020-11-02,0.002937323295,0.001315107194,0.001622216101,1.622216101,0.00910954628,-0.006172222985,0.9643221221,-0.00230985527,8,8,0.01120831174
2020-11-03,0.001195189016,0.001195189016,0,0,0.01091946679,-0.009724277772,1,0,8,8,0.01765643727
2020-11-04,0.01299242974,0.01299242974,0,0,0.01439275196,-0.00140032222,1.019425339,0.001193762245,8,8,0.02234871731
2020-11-05,0.002505320266,0.002505320266,0,0,0.01321945931,-0.01071413905,1.021940917,0.01400424285,8,8,0.01950282927
2020-11-06,3.574281339e-05,3.574281339e-05,0,0,-0.001991420918,0.002027163731,1.043260813,0.01646830474,8,8,-0.0002280581658
2020-11-09,-0.0008002039801,-0.0008002039801,0,0,0.01609802841,-0.01689823239,1.039205084,0.01650345767,8,8,0.01256547799
2020-11-10,-0.007732663137,-0.007732663137,0,0,-0.003064549755,-0.004668113381,1.073060012,0.01571582956,8,8,-0.001466457473
2020-11-11,0.003232995296,0.003232995296,0,0,0.003074677892,0.000158317404,1.083038346,0.008045378625,8,8,0.007428172256
2020-11-12,-0.004282709268,-0.004282709268,0,0,-0.007998649189,0.003715939921,1.082455134,0.0112420285,8,8,-0.00970068958
2020-11-13,0.001372136907,0.001372136907,0,0,0.008865771496,-0.007493634589,1.075345939,0.006989252163,8,8,0.01384447066
2020-11-16,0.008884728728,0.008884728728,0,0,0.01386131148,-0.00497658275,1.090209429,0.00834993182,8,8,0.01248254983
2020-11-17,0.01510983574,0.01510983574,0,0,0.01079454105,0.004315294689,1.099280514,0.01708288376,8,8,-0.005378112399
2020-11-18,0.00673045504,0.00673045504,0,0,0.002545044061,0.004185410979,1.089300607,0.03171353322,8,8,-0.01203488947
2020-11-19,0.004789272116,0.004789272116,0,0,0.006653866101,-0.001864593985,1.080388732,0.03818697256,8,8,0.004210174864
2020-11-20,-0.00697780065,-0.00697780065,0,0,-0.007927344256,0.000949543606,1.083716977,0.0427714008,8,8,-0.006847653253
2020-11-23,0.01204255707,0.01204255707,0,0,0.01642865619,-0.004386099119,1.08239281,0.03604511578,8,8,0.005994122917
2020-11-24,0.005462576151,0.005462576151,0,0,0.01486692285,-0.009404346699,1.090080212,0.04751546515,8,8,0.01611383116
2020-11-25,-0.0001778462132,-0.0001778462132,0,0,-3.132298725e-05,-0.000146523226,1.108297324,0.05269021698,8,8,-0.001541720459
2020-11-27,-0.0003158882898,-0.0003158882898,0,0,0.001671700389,-0.001987588678,1.108609686,0.05252171155,8,8,0.002784951759
2020-11-30,-0.003749864807,-0.003749864807,0,0,-0.01226704063,0.00851717582,1.112620439,0.05222231968,8,8,-0.004427211176
2020-12-01,-0.0008418635181,-0.002449241307,0.001607377789,1.607377789,0.004353457264,-0.005195320783,1.095945871,0.04865490419,8,8,0.01093738306
2020-12-02,-0.01072234306,-0.01072234306,0,0,-0.00229078672,-0.008431556344,1,0,8,8,0.002103807052
2020-12-03,-0.01348205291,-0.01348205291,0,0,-0.00476548292,-0.008716569995,1.017045885,-0.0108385578,8,8,-0.000272569796
2020-12-04,-0.01312012078,-0.01312012078,0,0,-0.001935667945,-0.01118445284,1.034950225,-0.02465298354,8,8,0.008617678158
2020-12-07,0.003653640951,0.003653640951,0,0,0.003601396797,5.224415371e-05,1.058081163,-0.03827528063,8,8,-0.00205471243
2020-12-08,-0.003584133894,-0.003584133894,0,0,-0.001581057096,-0.002003076798,1.05776562,-0.03449560512,8,8,0.002926106358
2020-12-09,0.0002430266545,0.0002430266545,0,0,-0.006968973934,0.007212000588,1.061993968,-0.03821671283,8,8,-0.008969111269
2020-12-10,-0.007115868896,-0.007115868896,0,0,-0.0002084184958,-0.006907450401,1.047558409,-0.0379644598,8,8,-0.0003271382208
2020-12-11,-0.002989068053,-0.002989068053,0,0,0.0007454669707,-0.003734535024,1.061813164,-0.04540341344,8,8,-0.001172808906
2020-12-14,0.01387577335,0.01387577335,0,0,0.005887302463,0.007988470884,1.069489944,-0.04853756357,8,8,-0.004476702396
2020-12-15,0.0002890919575,0.0002890919575,0,0,0.003381706608,-0.00309261465,1.05278063,-0.03418741342,8,8,0.01351937358
2020-12-16,0.005604452037,0.005604452037,0,0,0.001565227345,0.004039224691,1.058948818,-0.03388852457,8,8,0.001569445695
2020-12-17,0.0009815863908,0.0009815863908,0,0,0.003283509454,-0.002301923063,1.050586857,-0.02812643925,8,8,0.005591807088
2020-12-18,-0.0004744045188,-0.0004744045188,0,0,-0.001078339623,0.0006039351047,1.055136582,-0.02711823397,8,8,-0.003992863547
2020-12-21,0.006089100156,0.006089100156,0,0,-0.002817770968,0.008906871124,1.053954308,-0.02760573477,8,8,-0.003575587296
2020-12-22,0.004876458519,0.004876458519,0,0,-0.002044483752,0.006920942271,1.035921834,-0.02138641062,8,8,-0.001685566526
2020-12-23,-0.01059519106,-0.01059519106,0,0,-0.00353257152,-0.007062619544,1.0219728,-0.0164298327,8,8,0.0008987981718
2020-12-24,0.000846260204,0.000846260204,0,0,0.0007213258014,0.0001249344026,1.0364846,-0.02731442532,8,8,0.003890519663
2020-12-28,0.003593090119,0.003593090119,0,0,0.005845833407,-0.002252743287,1.036204093,-0.0264457851,8,8,0.008590707489
2020-12-29,0.001600121018,0.001600121018,0,0,0.001045574749,0.0005545462695,1.040563831,-0.02277087717,8,8,-0.001907925907
2020-12-30,-0.01056597487,-0.01056597487,0,0,-0.001992648755,-0.008573326113,1.039391706,-0.0211369345,8,8,0.001426889077
2020-12-31,0.001793099548,0.001793099548,0,0,0.004035354801,-0.002242255253,1.057142121,-0.03204145861,8,8,0.005080693392
2021-01-04,-0.002323338005,-0.003751234578,0.001427896573,1.427896573,-0.009203573097,0.006880235091,1.061516327,-0.03019421783,8,8,-0.01361367361
2021-01-05,-9.696970638e-05,-9.696970638e-05,0,0,0.005213613022,-0.005310582728,1,0,8,8,0.006887280294
2021-01-06,-0.007474806187,-0.007474806187,0,0,-0.00542147939,-0.002053326797,1.010622195,-9.697911042e-05,8,8,0.005978355776
2021-01-07,-0.005741801724,-0.005741801724,0,0,0.007495907627,-0.01323770935,1.014839774,-0.007628809167,8,8,0.01485755251
2021-01-08,-0.004497672881,-0.004497672881,0,0,0.002862915808,-0.007360588689,1.041553786,-0.01344782564,8,8,0.005697605567
2021-01-11,0.004866626468,0.004866626468,0,0,-0.001192278178,0.006058904646,1.056529213,-0.01802657616,8,8,-0.006740721648
2021-01-12,-0.00631534166,-0.00631534166,0,0,-0.001255270624,-0.005060071036,1.044196317,-0.01309621531,8,8,0.0002115048391
2021-01-13,-0.004418536785,-0.004418536785,0,0,-0.0003424922883,-0.004076044497,1.054661666,-0.0195349267,8,8,0.002692754094
2021-01-14,-0.00464369003,-0.00464369003,0,0,-0.004494181719,-0.0001495083103,1.063092532,-0.02405977248,8,8,-0.003502091831
2021-01-15,0.006718019479,0.006718019479,0,0,-0.00306847851,0.009786497989,1.063687292,-0.02883737434,8,8,-0.007292450775
2021-01-19,0.002973165195,0.002973165195,0,0,0.007024861405,-0.00405169621,1.043819913,-0.02197174823,8,8,0.007851916444
2021-01-20,-0.004133275302,-0.004133275302,0,0,0.01006768809,-0.01420096339,1.051769387,-0.01894226455,8,8,0.0138387545
2021-01-21,0.003589256099,0.003589256099,0,0,0.001795064305,0.001794191794,1.080504059,-0.02317131327,8,8,0.0009114402185
2021-01-22,0.004918318396,0.004918318396,0,0,0.002733961858,0.002184356538,1.076640593,-0.01951202352,8,8,-0.003539370806
2021-01-25,-0.0002082853774,-0.0002082853774,0,0,0.001486820982,-0.00169510636,1.071918163,-0.01452227993,8,8,0.003943798638
2021-01-26,0.0003774375396,0.0003774375396,0,0,-0.0006317551329,0.001009192672,1.075324065,-0.0147336341,8,8,-0.001561010928
2021-01-27,-0.0007653549358,-0.0007653549358,0,0,-0.01488553574,0.01412018081,1.073278022,-0.01435078004,8,8,-0.02444017998
2021-01-28,0.0009725203966,0.0009725203966,0,0,0.002269037681,-0.001296517284,1.045072156,-0.01512771305,8,8,0.0085999158
2021-01-29,0.002963056741,0.002963056741,0,0,-0.009022511865,0.01198556861,1.04761888,-0.01414143981,8,8,-0.02001950924
2021-02-01,-0.006013782827,-0.007436421408,0.001422638582,1.422638582,0.005317348733,-0.01133113156,1.023577881,-0.01114535874,8,8,0.01664550162
2021-02-02,-0.002395220933,-0.002395220933,0,0,0.009061940051,-0.01145716098,1,0,8,8,0.0141402208
2021-02-03,-0.003329424568,-0.003329424568,0,0,0.0006804041873,-0.004009828755,1.022969339,-0.002400971791,8,8,0.0007863581462
2021-02-04,0.001331367259,0.001331367259,0,0,0.004606317713,-0.003274950454,1.031092516,-0.005749539015,8,8,0.01136564827
2021-02-05,-0.001628241057,-0.001628241057,0,0,0.003160821612,-0.004789062668,1.037592368,-0.004412297368,8,8,0.003935868358
2021-02-08,-0.006698497484,-0.006698497484,0,0,0.0009714371675,-0.007669934651,1.047247423,-0.006050389918,8,8,0.007221801528
2021-02-09,0.003018448111,0.003018448111,0,0,0.001934257518,0.001084190593,1.063009361,-0.01283486169,8,8,-0.0006656379815
2021-02-10,-0.000986715837,-0.000986715837,0,0,-0.00259170537,0.001604989533,1.060657887,-0.009786872413,8,8,-0.0004355762732
2021-02-11,-0.001241931628,-0.001241931628,0,0,-0.0018490283,0.0006070966726,1.057504649,-0.01078422922,8,8,0.001615165469
2021-02-12,-0.002015341553,-0.002015341553,0,0,0.0009438386124,-0.002959180165,1.056360451,-0.01204111509,8,8,0.004939634956
2021-02-16,5.076852618e-05,5.076852618e-05,0,0,0.002350480135,-0.002299711609,1.062404578,-0.01408484241,8,8,-0.0008660171956
2021-02-17,-0.003378242838,-0.003378242838,0,0,-0.002721560608,-0.0006566822296,1.0670006,-0.01403336143,8,8,0.0002295518904
2021-02-18,0.00282566806,0.00282566806,0,0,-0.0009153424225,0.003741010483,1.068545528,-0.01747062428,8,8,-0.004255953934
2021-02-19,-0.005837047456,-0.005837047456,0,0,-0.003820122222,-0.002016925234,1.060891448,-0.01460369104,8,8,-0.001766117016
2021-02-22,0.001821840978,0.001821840978,0,0,-0.002764498609,0.004586339587,1.065306495,-0.02056075258,8,8,-0.007691853306
2021-02-23,0.002123190882,0.002123190882,0,0,0.002011806543,0.0001113843395,1.056031735,-0.01870483437,8,8,0.00121467907
2021-02-24,-0.003176476418,-0.003176476418,0,0,0.00801793851,-0.01119441493,1.055690724,-0.01654651208,8,8,0.01101927066
2021-02-25,-0.00220127901,-0.00220127901,0,0,-0.01390824367,0.01170696466,1.078328362,-0.01978583775,8,8,-0.02409604088
2021-02-26,0.001937945688,0.001937945688,0,0,-0.004776543408,0.006714489096,1.055035582,-0.02203562331,8,8,-0.005152435604
2021-03-01,-0.004650625292,-0.006228941618,0.001578316326,1.578316326,0.01214659997,-0.01679722526,1.041526128,-0.02005880475,8,8,0.02424028604
2021-03-02,-0.002590763297,-0.002590763297,0,0,-0.005023417459,0.002432654162,1,0,8,8,-0.007803322889
2021-03-03,-0.01397764379,-0.01397764379,0,0,-0.007695974882,-0.006281668907,0.9951220541,-0.002597492786,8,8,-0.01324567898
2021-03-04,-0.008751360446,-0.008751360446,0,0,-0.007390853386,-0.00136050706,1.007794338,-0.0168101022,8,8,-0.01237456119
2021-03-05,-0.008584738966,-0.008584738966,0,0,0.00275318103,-0.01133792,1.010608189,-0.02578713516,8,8,0.01839621695
2021-03-08,-0.01318846843,-0.01318846843,0,0,-0.004415296997,-0.008773171434,1.033572237,-0.03466950275,8,8,-0.004978538875
2021-03-09,0.02867613144,0.02867613144,0,0,0.01745715579,0.01121897565,1.051801766,-0.04849757999,8,8,0.01427737611
2021-03-10,-0.007826338518,-0.007826338518,0,0,0.00374693542,-0.01157327394,1.028545248,-0.01926889129,8,8,0.006224675753
2021-03-11,0.004007168348,0.004007168348,0,0,0.00405911242,-5.194407216e-05,1.052099544,-0.02730895897,8,8,0.01013899645
2021-03-12,-0.003884280954,-0.003884280954,0,0,0.002608901363,-0.006493182316,1.051995079,-0.02320878909,8,8,0.00134678245
2021-03-15,0.01059385469,0.01059385469,0,0,0.005985306375,0.004608548311,1.065234834,-0.02719871751,8,8,0.005963794873
2021-03-16,0.009468195395,0.009468195395,0,0,0.000553364218,0.008914831177,1.055430515,-0.01643079734,8,8,-0.001261384087
2021-03-17,-0.006501284758,-0.006501284758,0,0,-0.001083679572,-0.005417605186,1.03724818,-0.006897296991,8,8,0.003409722949
2021-03-18,-0.002204345503,-0.002204345503,0,0,-0.008580231723,0.00637588622,1.048398039,-0.01348625976,8,8,-0.01454950661
2021-03-19,0.009261608393,0.009261608393,0,0,0.002655369717,0.006606238676,1.035725017,-0.01572526919,8,8,-0.001850251915
2021-03-22,0.0113119957,0.0113119957,0,0,0.006446053526,0.004865942172,1.022305951,-0.006404346254,8,8,0.007984818634
2021-03-23,0.01036804585,0.01036804585,0,0,0.0003521729122,0.01001587294,1.01243342,0.0048527551,8,8,-0.007870833092
2021-03-24,-0.007967240362,-0.007967240362,0,0,-0.004490138068,-0.003477102294,0.9924796453,0.01506461038,8,8,-0.005083213344
2021-03-25,-0.002538400261,-0.002538400261,0,0,0.003464077811,-0.006002478072,0.999429303,0.007154370608,8,8,0.005625436991
2021-03-26,-0.002749525908,-0.002749525908,0,0,0.004732809419,-0.007482335327,1.011463358,0.004627717347,8,8,0.01611496006
2021-03-29,0.007368062744,0.007368062744,0,0,0.002891789422,0.004476273323,1.026500893,0.001883369813,8,8,-0.0005051402947
2021-03-30,-0.005454543521,-0.005454543521,0,0,-0.002092975548,-0.003361567973,1.017419995,0.009183765993,8,8,-0.002653037154
2021-03-31,0.01028296604,0.01028296604,0,0,0.004993400235,0.005289565802,1.024275543,0.003749675238,8,8,0.00405333899
2021-04-01,-0.007539819506,-0.009210836965,0.001671017459,1.671017459,0.0005505983373,-0.008090417843,1.013557005,0.0138898128,8,8,0.01079910233
2021-04-05,-0.002530016476,-0.002530016476,0,0,0.006763610946,-0.009293627421,1,0,8,8,0.01435310058
2021-04-06,0.006143750982,0.006143750982,0,0,0.002328007376,0.003815743606,1.0186344,-0.002536433695,8,8,-0.0005905072235
2021-04-07,-0.002667172723,-0.002667172723,0,0,-0.002176973191,-0.0004901995325,1.010935727,0.003585290157,8,8,0.001157190719
2021-04-08,0.003339906594,0.003339906594,0,0,0.004227142693,-0.0008872360989,1.011947993,0.0009205727606,8,8,0.004746684375
2021-04-09,0.0006419319143,0.0006419319143,0,0,0.003630962802,-0.002989030888,1.013676786,0.004246297119,8,8,0.00727034347
2021-04-12,0.001255442135,0.001255442135,0,0,0.0005553406398,0.000700101495,1.019642239,0.004885093136,8,8,0.000364615136
2021-04-13,0.007434540373,0.007434540373,0,0,0.005902457749,0.001532082625,1.018219163,0.00613283585,8,8,0.002963686268
2021-04-14,-0.005154350814,-0.005154350814,0,0,-0.006197455859,0.001043105045,1.015043159,0.01346725338,8,8,-0.003415136272
2021-04-15,0.00182100235,0.00182100235,0,0,0.005447335605,-0.003626333255,1.013024079,0.008355972182,8,8,0.01074214349
2021-04-16,-0.002074389482,-0.002074389482,0,0,0.0005871165216,-0.002661506004,1.020239889,0.01015847592,8,8,0.003342683289
2021-04-19,-0.00151442554,-0.00151442554,0,0,-0.00430261787,0.00278819233,1.025616038,0.008100890845,8,8,-0.004913276146
2021-04-20,-0.003689128825,-0.003689128825,0,0,-0.008570774039,0.004881645214,1.020070048,0.006596455144,8,8,-0.007321331303
2021-04-21,-0.002123745674,-0.002123745674,0,0,0.0009998284732,-0.003123574148,1.010344922,0.002918091535,8,8,0.009461968846
2021-04-22,0.0003761756372,0.0003761756372,0,0,-0.004797359945,0.005173535582,1.016627382,0.0007960364394,8,8,-0.009133061827
2021-04-23,0.0007820977435,0.0007820977435,0,0,0.005993284356,-0.005211186613,1.006277949,0.001171771285,8,8,0.01084251179
2021-04-26,0.00682888112,0.00682888112,0,0,0.004757635179,0.002071245941,1.016687272,0.001952342106,8,8,0.002087576167
2021-04-27,-0.004748505433,-0.004748505433,0,0,-0.003966653312,-0.0007818521214,1.012459694,0.008721664019,8,8,-0.0002153277426
2021-04-28,-0.0004270737276,-0.0004270737276,0,0,-0.002234111972,0.001807038245,1.014090306,0.003992115167,8,8,-0.0002874793335
2021-04-29,-0.00867298513,-0.00867298513,0,0,0.001569777393,-0.01024276252,1.010480706,0.003566564625,8,8,0.006372590569
2021-04-30,0.00323051022,0.00323051022,0,0,-0.0008643381005,0.004094848321,1.03123715,-0.005151095882,8,8,-0.006570563349
2021-05-03,-0.008592445221,-0.01025996598,0.001667520757,1.667520757,-0.004602369466,-0.003990075756,1.022973238,-0.00191440117,8,8,0.002156839903
2021-05-04,0.005269145294,0.005269145294,0,0,0.000633984075,0.004635161219,1,0,8,8,-0.006169268587
2021-05-05,0.004557245533,0.004557245533,0,0,0.005010339626,-0.0004530940931,0.9907782682,0.005241526927,8,8,0.0003129122737
2021-05-06,-0.002994159177,-0.002994159177,0,0,0.001940581983,-0.00493474116,0.9917221804,0.00975431963,8,8,0.007985434353
2021-05-07,0.004124886562,0.004124886562,0,0,0.006671448646,-0.002546562084,1.001596443,0.006780462236,8,8,0.007277892484
2021-05-10,0.00628165714,0.00628165714,0,0,-0.004488348574,0.01077000571,1.006662087,0.01086055026,8,8,-0.009902310161
2021-05-11,-0.001949217146,-0.001949217146,0,0,-0.004647671959,0.002698454814,0.9852149498,0.01703519813,8,8,-0.008924774116
2021-05-12,0.00513776073,0.00513776073,0,0,-0.005754461369,0.0108922221,0.9797786243,0.01511544426,8,8,-0.02124504487
2021-05-13,-0.002942459105,-0.002942459105,0,0,0.002157299656,-0.005099758761,0.9582088928,0.02014968075,8,8,0.01201243545
2021-05-14,-0.002066004691,-0.002066004691,0,0,0.008490363225,-0.01055636792,0.968315179,0.01725800262,8,8,0.01535532698
2021-05-17,0.004430804861,0.004430804861,0,0,0.00401524947,0.0004155553906,0.9894060277,0.01522344964,8,8,-0.002544554674
2021-05-18,-0.00128478901,-0.00128478901,0,0,-0.006194246491,0.004909457481,0.9886253159,0.01956755449,8,8,-0.00861551556
2021-05-19,-0.00723957758,-0.00723957758,0,0,-0.004169044579,-0.003070533001,0.9787791366,0.01830628519,8,8,-0.002622042846
2021-05-20,-0.001016609721,-0.001016609721,0,0,0.00446218146,-0.005478791181,0.9848102351,0.01114741015,8,8,0.01075797109
2021-05-21,0.0009566828311,0.0009566828311,0,0,0.001727684529,-0.0007710016983,0.9957635106,0.01014110999,8,8,-0.0008185766816
2021-05-24,-0.005135116378,-0.005135116378,0,0,0.00441017293,-0.009545289308,0.9973080893,0.0110871859,8,8,0.01019428801
2021-05-25,-0.004086172438,-0.004086172438,0,0,-0.003690369963,-0.0003958024758,1.016483312,0.00598279185,8,8,-0.002218882367
2021-05-26,-0.001779403963,-0.001779403963,0,0,0.0007592358666,-0.002538639829,1.017345795,0.001904401123,8,8,0.001984610768
2021-05-27,0.005575673823,0.005575673823,0,0,0.002928721594,0.002646952229,1.022463045,0.0001252199774,8,8,0.000525148295
2021-05-28,-0.005557571143,-0.005557571143,0,0,0.0003433202865,-0.00590089143,1.017073942,0.005669283723,8,8,0.001788536009
2021-06-01,0.003756750791,0.002226882484,0.001529868307,1.529868307,0.004228457885,-0.0004717070939,1.0290371,0.0001123369007,8,8,-0.0008807389878
2021-06-02,-0.004443544068,-0.004443544068,0,0,-0.0007865593677,-0.0036569847,1,0,8,8,0.001572645906
2021-06-03,-0.00728882983,-0.00728882983,0,0,-0.006475521138,-0.000813308692,1.007346614,-0.004463377281,8,8,-0.003711312278
2021-06-04,0.003107072376,0.003107072376,0,0,0.006410205217,-0.003303132841,1.009039116,-0.01183849589,8,8,0.009145830369
2021-06-07,0.001124641594,0.001124641594,0,0,0.0005129868778,0.0006116547167,1.015596921,-0.008704378384,8,8,-0.0009702072876
2021-06-08,0.003345628482,0.003345628482,0,0,0.001775391608,0.001570236874,1.014357465,-0.007571221878,8,8,0.0002131469868
2021-06-09,0.008067328667,0.008067328667,0,0,-0.0003622499507,0.008429578617,1.011179588,-0.00421150327,8,8,-0.001491943683
2021-06-10,0.009678141691,0.009678141691,0,0,0.00622150277,0.003456638921,0.9943658834,0.003824968122,8,8,0.004648313481
2021-06-11,0.0003796585711,0.0003796585711,0,0,0.001707359751,-0.00132770118,0.987572877,0.01337367747,8,8,0.001652596653
2021-06-14,0.007429321295,0.007429321295,0,0,0.004855215042,0.002574106253,0.9902319879,0.01374811645,8,8,0.002238866755
2021-06-15,-0.003187623257,-0.003187623257,0,0,-0.003186047725,-1.575532236e-06,0.9851937756,0.02102126402,8,8,-0.001834143792
2021-06-16,0.00175880366,0.00175880366,0,0,-0.000829460159,0.002588263819,0.9851495891,0.01789066948,8,8,-0.005583387947
2021-06-17,0.009639517245,0.009639517245,0,0,0.004017828973,0.005621688273,0.9800082231,0.01961497425,8,8,-0.000331693852
2021-06-18,0.005099421124,0.005099421124,0,0,-0.002547445394,0.007646866518,0.9690630637,0.0289751847,8,8,-0.01349015014
2021-06-21,-0.006157853646,-0.006157853646,0,0,0.004320076283,-0.01047792993,0.9540038842,0.03390172664,8,8,0.01431574868
2021-06-22,0.001494839197,0.001494839197,0,0,0.003942395911,-0.002447556715,0.9748045944,0.02791577425,8,8,0.005346238559
2021-06-23,0.001286229461,0.001286229461,0,0,0.002550210695,-0.001263981234,0.9797300082,0.02936671493,8,8,-0.001205263896
2021-06-24,-0.004117254448,-0.004117254448,0,0,0.002591341213,-0.006708595661,0.9822807617,0.03061356832,8,8,0.005915608528
2021-06-25,0.0008813115991,0.0008813115991,0,0,-0.0002435072017,0.001124818801,0.9956801672,0.02660585695,8,8,0.003552241656
2021-06-28,0.003035927636,0.003035927636,0,0,0.003101287543,-6.535990721e-05,0.9934363142,0.02746296512,8,8,0.002015789856
2021-06-29,-2.825585949e-05,-2.825585949e-05,0,0,-0.000860763757,0.0008325078975,0.993586505,0.03040658058,8,8,0.0005381277447
2021-06-30,-0.005114526908,-0.005114526908,0,0,6.285639486e-05,-0.005177383303,0.9919212609,0.03037918311,8,8,0.0008416081801
2021-07-01,-0.001087100199,-0.002971290096,0.001884189897,1.884189897,0.002358989104,-0.003446089303,1.002287728,0.02539453724,8,8,0.005536563762
2021-07-02,-0.005608637263,-0.005608637263,0,0,0.001437893595,-0.007046530858,1,0,8,8,0.007643711787
2021-07-06,-0.007619179795,-0.007619179795,0,0,-0.004626682026,-0.00299249777,1.01417255,-0.0056402715,8,8,-0.001821412033
2021-07-07,0.002552235973,0.002552235973,0,0,0.003570130601,-0.001017894628,1.020312309,-0.01336125308,8,8,0.003533775446
2021-07-08,-0.00323993231,-0.00323993231,0,0,-0.004649414294,0.001409481984,1.022291206,-0.01078150018,8,8,-0.008147899245
2021-07-09,0.009659385465,0.009659385465,0,0,0.01115646488,-0.001497079417,1.019535536,-0.01406700865,8,8,0.01067464544
2021-07-12,-0.001947996775,-0.001947996775,0,0,0.001223061209,-0.003171057984,1.022314154,-0.004365455563,8,8,0.003582261027
2021-07-13,-0.005921500365,-0.005921500365,0,0,-0.007240937898,0.001319437533,1.028712201,-0.006325774927,8,8,-0.003409008139
2021-07-14,-0.0008696773705,-0.0008696773705,0,0,-0.001107961762,0.0002382843918,1.026228639,-0.01232022954,8,8,0.001492237248
2021-07-15,0.004592511791,0.004592511791,0,0,4.701569132e-06,0.004587810222,1.025774485,-0.01320138785,8,8,-0.003415572384
2021-07-16,-0.0001391560916,-0.0001391560916,0,0,-0.005970229763,0.005831073671,1.016522983,-0.00856952044,8,8,-0.007843843539
2021-07-19,-0.008497072501,-0.008497072501,0,0,-0.01151104977,0.003013977272,1.004861512,-0.008709888566,8,8,-0.01476751918
2021-07-20,0.007654879695,0.007654879695,0,0,0.01191872268,-0.00426384298,0.9988235613,-0.01735442286,8,8,0.01433017245
2021-07-21,0.003485759753,0.003485759753,0,0,0.006946566884,-0.003460807132,1.007295402,-0.009625858373,8,8,0.008096345642
2021-07-22,-0.006024394571,-0.006024394571,0,0,-0.0009290374472,-0.005095357124,1.014167631,-0.006118770058,8,8,0.002093996928
2021-07-23,-0.006750751938,-0.006750751938,0,0,-0.003306535652,-0.003444216285,1.024505979,-0.01221676323,8,8,0.01028801802
2021-07-26,0.002115586009,0.002115586009,0,0,0.002167605862,-5.201985367e-05,1.031607788,-0.01909643043,8,8,0.002454950213
2021-07-27,-0.001238907313,-0.001238907313,0,0,-0.005673973795,0.004435066483,1.03164488,-0.01694499583,8,8,-0.004557526022
2021-07-28,6.487455882e-05,6.487455882e-05,0,0,0.001405700686,-0.001340826127,1.022802998,-0.01820645926,8,8,-0.0004101118377
2021-07-29,0.0005482911344,0.0005482911344,0,0,0.003266466965,-0.00271817583,1.025482997,-0.01814040785,8,8,0.004147296359
2021-07-30,0.002153624458,0.002153624458,0,0,-0.002597981542,0.004751605999,1.030902405,-0.0175824764,8,8,-0.004856418184
2021-08-02,-0.005453348442,-0.006755092024,0.001301743582,1.301743582,-0.003044060815,-0.002409287627,1.021353206,-0.01539569539,8,8,-0.002098021132
2021-08-03,-5.590818524e-05,-5.590818524e-05,0,0,0.00709225425,-0.007148162435,1,0,8,8,0.008135507777
2021-08-04,-0.007949458278,-0.007949458278,0,0,-0.008486934874,0.0005374765961,1.014297124,-5.591131114e-05,8,8,-0.004918859942
2021-08-05,0.004327718804,0.004327718804,0,0,0.005401941607,-0.001074222803,1.013328122,-0.008069517885,8,8,0.006332845242
2021-08-06,0.005116989754,0.005116989754,0,0,0.004523407412,0.0005935823416,1.015409878,-0.003725675406,8,8,0.001652409498
2021-08-09,-0.002979761682,-0.002979761682,0,0,-0.002247443791,-0.0007323178908,1.014150307,0.001384231251,8,8,-0.0008136254593
2021-08-10,0.003109963494,0.003109963494,0,0,0.006647062356,-0.003537098862,1.01566161,-0.001600298941,8,8,0.001244104425
2021-08-11,0.005859293383,0.005859293383,0,0,0.005694994422,0.0001642989609,1.02266532,0.001504984107,8,8,0.002484748306
2021-08-12,-0.003431086638,-0.003431086638,0,0,-0.0002887172608,-0.003142369377,1.022206607,0.00732137938,8,8,0.002996939857
2021-08-13,-0.008471228446,-0.008471228446,0,0,-0.004711131051,-0.003760097394,1.028589438,0.00390368663,8,8,0.001819845159
2021-08-16,-0.007767148117,-0.007767148117,0,0,-0.004101243913,-0.003665904204,1.03641814,-0.004606565081,8,8,0.002354662025
2021-08-17,-0.005170121441,-0.005170121441,0,0,-0.005300557332,0.0001304358903,1.04409242,-0.01247057399,8,8,-0.006555168007
2021-08-18,-0.001637493846,-0.001637493846,0,0,-0.008451374891,0.006813881045,1.044059341,-0.01773237396,8,8,-0.01094493991
2021-08-19,-0.008077218047,-0.008077218047,0,0,-0.009758605809,0.001681387762,1.030481492,-0.01940163787,8,8,0.001548216068
2021-08-20,-0.003049870556,-0.003049870556,0,0,0.001306316101,-0.004356186657,1.027339544,-0.02770261599,8,8,0.007957157013
2021-08-23,0.008528608367,0.008528608367,0,0,0.01172965823,-0.003201049861,1.036162207,-0.03084656457,8,8,0.008796365681
2021-08-24,0.007343323243,0.007343323243,0,0,0.005393780104,0.00194954314,1.042204362,-0.02212922471,8,8,0.001587557103
2021-08-25,0.003623368158,0.003623368158,0,0,0.002653084006,0.0009702841519,1.038026039,-0.01467811533,8,8,0.002098396876
2021-08-26,-0.002655452595,-0.002655452595,0,0,-0.005051147896,0.002395695301,1.035955191,-0.01101483636,8,8,-0.005903416493
2021-08-27,0.005815384494,0.005815384494,0,0,0.007592727076,-0.001777342582,1.031246775,-0.01370668641,8,8,0.00894122168
2021-08-30,-0.006345456407,-0.006345456407,0,0,-0.002798489039,-0.003546967368,1.034600247,-0.007845676293,8,8,0.004397379456
2021-08-31,0.002593326509,0.002593326509,0,0,-0.0005431680944,0.003136494603,1.041960439,-0.01428175697,8,8,-0.001481517743
2021-09-01,-0.005697300619,-0.007245820618,0.00154852,1.54852,-0.004315164094,-0.001382136525,1.03559514,-0.01165819695,8,8,0.0005313292262
2021-09-02,0.00538702855,0.00538702855,0,0,0.003690207897,0.001696820653,1,0,8,8,0.003076791877
2021-09-03,-0.003580759894,-0.003580759894,0,0,-0.0021454944,-0.001435265494,0.9966245424,0.005358163968,8,8,-0.0002429501935
2021-09-07,-0.005416788278,-0.005416788278,0,0,-0.003986238627,-0.001430549652,0.9994932589,0.001783791402,8,8,-0.003575305765
2021-09-08,0.003354766375,0.003354766375,0,0,-0.0009022673189,0.004257033694,1.002367181,-0.003652783229,8,8,-0.001218248706
2021-09-09,0.002894671903,0.002894671903,0,0,0.001116027112,0.001778644791,0.9938736657,-0.00029702042,8,8,-0.004280222956
2021-09-10,0.001054792603,0.001054792603,0,0,-0.00137249374,0.002427286343,0.9903443261,0.002590153838,8,8,-0.00788454024
2021-09-13,0.005739539967,0.005739539967,0,0,0.005242567488,0.0004969724786,0.9855050426,0.003641105829,8,8,0.002559221911
2021-09-14,-6.787423918e-05,-6.787423918e-05,0,0,-0.00433103455,0.00426316031,0.9845994895,0.009327112461,8,8,-0.00539652481
2021-09-15,0.002478667573,0.002478667573,0,0,0.00478952508,-0.002310857507,0.9760715448,0.009259866728,8,8,0.008352629121
2021-09-16,0.0004049874708,0.0004049874708,0,0,-0.0005854226955,0.0009904101663,0.9807409964,0.01170951032,8,8,-0.001585213539
2021-09-17,0.002353196595,0.002353196595,0,0,-0.002400105489,0.004753302085,0.9787687745,0.01210959356,8,8,-0.009741278216
2021-09-20,0.003583904741,0.003583904741,0,0,-0.008259878209,0.01184378295,0.9693343327,0.01442883626,8,8,-0.01667397529
2021-09-21,0.002539558645,0.002539558645,0,0,0.001927556873,0.0006120017715,0.9458408679,0.01794841559,8,8,-0.0009446224199
2021-09-22,0.003943049577,0.003943049577,0,0,0.009507780316,-0.005564730739,0.9447571568,0.02043607562,8,8,0.00975479044
2021-09-23,-0.003594841786,-0.003594841786,0,0,0.008105801093,-0.01170064288,0.9560598764,0.02428337465,8,8,0.01215021172
2021-09-24,-0.003824064056,-0.003824064056,0,0,-0.001272852413,-0.002551211642,0.9793870619,0.02076317319,8,8,0.001646995768
2021-09-27,0.00475036378,0.00475036378,0,0,0.004943372809,-0.0001930090298,0.9844299443,0.01700413403,8,8,-0.002860822922
2021-09-28,0.005515808101,0.005515808101,0,0,-0.006631943803,0.0121477519,0.984887751,0.02165164462,8,8,-0.02015196642
2021-09-29,0.00377345626,0.00377345626,0,0,0.002611935363,0.001161520896,0.9608084205,0.02701842428,8,8,0.001683294493
2021-09-30,-0.007095257498,-0.007095257498,0,0,-0.008614842286,0.001519584788,0.9586414434,0.03067612552,8,8,-0.01222242741
2021-10-01,0.005841827867,0.004360206576,0.001481621291,1.481621291,0.01034687159,-0.004505043721,0.9552850094,0.02374937596,8,8,0.0118843174
2021-10-04,-0.009365705228,-0.009365705228,0,0,-0.008261737753,-0.001103967475,1,0,8,8,-0.01289617246
2021-10-05,0.0002561850727,0.0002561850727,0,0,0.006745122495,-0.006488937422,1.002228809,-0.009454250956,8,8,0.01040496593
2021-10-06,0.0006067435189,0.0006067435189,0,0,0.0005317283684,7.501515051e-05,1.015202789,-0.00919571008,8,8,0.004156131173
2021-10-07,0.004254520528,0.004254520528,0,0,0.00482392504,-0.0005694045117,1.015043632,-0.008583758421,8,8,0.008645620274
2021-10-08,-0.004861530636,-0.004861530636,0,0,0.0004998726737,-0.005361403309,1.016113884,-0.004310897092,8,8,-0.001823789577
2021-10-11,-0.001742921051,-0.001742921051,0,0,-0.005737296502,0.003994375451,1.026967795,-0.009217237611,8,8,-0.007239728795
2021-10-12,-0.0009285805575,-0.0009285805575,0,0,-0.0004799971743,-0.0004485833832,1.019012181,-0.01097929471,8,8,-0.002461540627
2021-10-13,0.004936668141,0.004936668141,0,0,0.004916188043,2.048009711e-05,1.019927852,-0.01191894296,8,8,0.003597650966
2021-10-14,0.0009662679495,0.0009662679495,0,0,0.009139011201,-0.008172743251,1.019789199,-0.006947974975,8,8,0.01682044786
2021-10-15,-0.0003432733505,-0.0003432733505,0,0,0.005907105906,-0.006250379256,1.036099804,-0.005975932673,8,8,0.007616026291
2021-10-18,-0.0003356970795,-0.0003356970795,0,0,0.002971205097,-0.003306902176,1.048617251,-0.006321375984,8,8,0.002960591222
2021-10-19,-0.0007743514229,-0.0007743514229,0,0,0.003057878232,-0.003832229655,1.055249603,-0.006659308574,8,8,0.007714685604
2021-10-20,-0.0003181240133,-0.0003181240133,0,0,0.001491690484,-0.001809814497,1.062962817,-0.007439420723,8,8,0.003927844891
2021-10-21,0.0014160732,0.0014160732,0,0,0.002292079435,-0.0008760062351,1.066603635,-0.007760013382,8,8,0.002608222267
2021-10-22,-0.009231887089,-0.009231887089,0,0,-0.00209900385,-0.007132883239,1.068258987,-0.006334969403,8,8,-0.001036154695
2021-10-25,-0.01026097534,-0.01026097534,0,0,0.002432421183,-0.01269339652,1.083293712,-0.01571190704,8,8,0.005362777815
2021-10-26,-0.004573651959,-0.004573651959,0,0,-0.002120434246,-0.002453217712,1.109807234,-0.02624215246,8,8,0.0008998766965
2021-10-27,0.0003739278819,0.0003739278819,0,0,-0.006391842808,0.00676577069,1.115240741,-0.03095739276,8,8,-0.004430165643
2021-10-28,-0.0007755997877,-0.0007755997877,0,0,0.007996107999,-0.008771707787,1.101671182,-0.03057203314,8,8,0.009648957707
2021-10-29,0.001781782579,0.001781782579,0,0,0.007094097873,-0.005312315294,1.119307132,-0.03137196502,8,8,0.002029191843
2021-11-01,-0.0084766642,-0.01037580904,0.001899144835,1.899144835,0.0005448616207,-0.009021525821,1.129700664,-0.02953755294,8,8,0.001720051577
2021-11-02,0.001800007115,0.001800007115,0,0,0.002745255856,-0.0009452487403,1,0,8,8,0.004043069093
2021-11-03,-0.004493133753,-0.004493133753,0,0,0.001896232124,-0.006389365877,1.001887101,0.001796772911,8,8,0.006105503747
2021-11-04,-0.008975110212,-0.008975110212,0,0,0.002398207198,-0.01137331741,1.014732025,-0.002708530632,8,8,0.004712320347
2021-11-05,0.02208524828,0.02208524828,0,0,0.01430722489,0.007778023391,1.037818082,-0.01178945248,8,8,0.003469686806
2021-11-08,-0.00216774058,-0.00216774058,0,0,-0.002575939416,0.0004081988357,1.021780996,0.01007332394,8,8,0.0008538285886
2021-11-09,0.004460045457,0.004460045457,0,0,-0.001700960482,0.006161005939,1.021010143,0.007922757844,8,8,-0.003305581028
2021-11-10,0.002938648222,0.002938648222,0,0,-0.0002383918033,0.003177040026,1.008649554,0.01232782066,8,8,-0.008044943717
2021-11-11,-0.005894587101,-0.005894587101,0,0,-0.004085996019,-0.001808591081,1.002288748,0.01522173755,8,8,0.0003237083626
2021-11-12,0.002221901935,0.002221901935,0,0,0.003295416037,-0.001073514102,1.005940949,0.009382456156,8,8,0.007546820761
2021-11-15,0.009122604419,0.009122604419,0,0,0.004932063021,0.004190541399,1.008070047,0.01157863151,8,8,0.0003423548778
2021-11-16,-0.0115154373,-0.0115154373,0,0,-0.003478506352,-0.008036930948,0.9996917759,0.02051409396,8,8,0.0039580505
2021-11-17,0.003905383394,0.003905383394,0,0,0.001502349212,0.002403034182,1.015949301,0.009103487299,8,8,-0.002429359103
2021-11-18,-0.005996001926,-0.005996001926,0,0,0.002532246188,-0.008528248114,1.011099883,0.0129582637,8,8,0.003396328447
2021-11-19,-0.009715174321,-0.009715174321,0,0,-0.004690182212,-0.005024992109,1.028326224,0.007004259332,8,8,-0.001788244744
2021-11-22,-0.002119003367,-0.002119003367,0,0,-0.003387125999,0.001268122632,1.038752697,-0.00273751038,8,8,-0.00281524211
2021-11-23,0.001355495554,0.001355495554,0,0,-0.0004789859032,0.001834481457,1.036293357,-0.004866826569,8,8,0.001326078627
2021-11-24,-0.001455225307,-0.001455225307,0,0,0.0008477642417,-0.002302989549,1.032580232,-0.003506577864,8,8,0.002669848007
2021-11-26,0.008251020248,0.008251020248,0,0,-0.005664806564,0.01391582681,1.037240404,-0.004969034236,8,8,-0.02230301227
2021-11-29,-0.008162927801,-0.008162927801,0,0,0.0003379310645,-0.008500858865,1.009331754,0.003255127886,8,8,0.01226640684
2021-11-30,-0.0007801528055,-0.0007801528055,0,0,-0.007473143054,0.006692990248,1.026550199,-0.004948191646,8,8,-0.0194575413
2021-12-01,0.003213729021,0.001684726486,0.001529002535,1.529002535,-0.004774889205,0.007988618226,1.013174497,-0.005732816925,8,8,-0.0111072856
2021-12-02,0.0106793346,0.0106793346,0,0,0.01134918205,-0.000669847454,1,0,8,8,0.01531636988
2021-12-03,0.006716296925,0.006716296925,0,0,-0.004787136198,0.01150343312,1.001325539,0.0105664915,8,8,-0.008701291613
2021-12-06,0.007881715536,0.007881715536,0,0,0.0075837225,0.0002979930358,0.9784633195,0.01716748649,8,8,0.01184315178
2021-12-07,-0.009673253064,-0.009673253064,0,0,0.006926151746,-0.01659940481,0.9780404127,0.02485331526,8,8,0.02068501308
2021-12-08,0.000492604614,0.000492604614,0,0,0.0007095259254,-0.0002169213115,1.011349004,0.01532833708,8,8,0.00264799673
2021-12-09,0.007677369386,0.007677369386,0,0,-0.001213326359,0.008890695745,1.011777045,0.01581315206,8,8,-0.006751479906
2021-12-10,-0.009527161546,-0.009527161546,0,0,0.0005027947988,-0.01002995634,0.9940414002,0.02331155007,8,8,0.009413474869
2021-12-13,0.002752035375,0.002752035375,0,0,-0.006013262414,0.008765297789,1.014236951,0.01391697782,8,8,-0.008858428457
2021-12-14,0.004958448554,0.004958448554,0,0,-0.0007301846135,0.005688633167,0.9967153944,0.01662326538,8,8,-0.006879972029
2021-12-15,-0.01333677542,-0.01333677542,0,0,0.003805509053,-0.01714228447,0.9854104695,0.02147523011,8,8,0.01562489683
2021-12-16,0.01991868117,0.01991868117,0,0,0.002102806883,0.01781587428,1.019961257,0.008248462581,8,8,-0.008818391675
2021-12-17,-0.003815288037,-0.003815288037,0,0,-0.007672567856,0.00385727982,0.9846355483,0.02761704856,8,8,-0.01064289131
2021-12-20,-0.005834036078,-0.005834036078,0,0,-0.006962496873,0.001128460794,0.9768325983,0.02389291889,8,8,-0.01063339241
2021-12-21,0.002959568868,0.002959568868,0,0,0.009320998915,-0.006361430047,0.9744264799,0.01816485725,8,8,0.01775881628
2021-12-22,-0.005466119658,-0.005466119658,0,0,0.003358069009,-0.008824188666,0.9871872602,0.02106209141,8,8,0.009998751846
2021-12-23,-0.0008995841584,-0.0008995841584,0,0,0.003960050931,-0.00485963509,1.004862215,0.01568168974,8,8,0.006222054552
2021-12-27,-0.006101472145,-0.006101472145,0,0,0.002428068682,-0.008529540827,1.014594614,0.0147954153,8,8,0.01415212154
2021-12-28,0.0050519426,0.0050519426,0,0,0.001084110194,0.003967832406,1.031848016,0.008747314655,8,8,-0.0008171311019
2021-12-29,0.0001351372129,0.0001351372129,0,0,-0.0004880762598,0.0006232134727,1.023792154,0.01372989462,8,8,0.001279137758
2021-12-30,0.002590210619,0.002590210619,0,0,0.0003039338377,0.002286276781,1.022542681,0.0138631584,8,8,-0.002764426343
2021-12-31,-0.001221393333,-0.001221393333,0,0,-0.002026695701,0.0008053023676,1.017923701,0.01641086143,8,8,-0.002520130975
2022-01-03,-0.002172142975,-0.003960732228,0.001788589253,1.788589253,0.006066817868,-0.008238960843,1.016333046,0.0152080431,8,8,0.005789954032
2022-01-04,-0.003507186949,-0.003507186949,0,0,-0.003504689843,-2.497106405e-06,1,0,8,8,-0.0003349905657
2022-01-05,-0.01550513667,-0.01550513667,0,0,-0.01923275615,0.003727619476,1.000005012,-0.003519530601,8,8,-0.01920226104
2022-01-06,0.0008093222947,0.0008093222947,0,0,-0.001627468378,0.002436790673,0.9924324367,-0.01932429308,8,8,-0.0009391246156
2022-01-07,-0.002570320553,-0.002570320553,0,0,-0.005993771842,0.003423451289,0.9875689161,-0.01849999832,8,8,-0.003953756238
2022-01-10,0.002880377064,0.002880377064,0,0,0.001985983094,0.0008943939695,0.9806723353,-0.02112461591,8,8,-0.001244284908
2022-01-11,0.00261938913,0.00261938913,0,0,0.00265668597,-3.729683979e-05,0.978944196,-0.01819183949,8,8,0.009108300908
2022-01-12,0.002997358381,0.002997358381,0,0,0.003420542644,-0.0004231842623,0.979073604,-0.01553176662,8,8,0.002703380088
2022-01-13,-0.008620315529,-0.008620315529,0,0,-0.01352115399,0.004900838458,0.9799799797,-0.0124969504,8,8,-0.01377854673
2022-01-14,-0.001656327217,-0.001656327217,0,0,-0.0015295332,-0.0001267940172,0.9699189951,-0.02130088629,8,8,0.0004091491618
2022-01-18,-0.005209776075,-0.005209776075,0,0,-0.01152104944,0.006311273362,0.9701230972,-0.02299530125,8,8,-0.01770961104
2022-01-19,-0.005561476002,-0.005561476002,0,0,-0.006971994032,0.00141051803,0.9572779783,-0.028352789,8,8,-0.01038351796
2022-01-20,-0.002812062052,-0.002812062052,0,0,-0.007102294086,0.004290232034,0.9542022391,-0.03410393321,8,8,-0.01106819791
2022-01-21,-0.01909211998,-0.01909211998,0,0,-0.02252775817,0.003435638187,0.9454684288,-0.03702009808,8,8,-0.01963052405
2022-01-24,0.00180995964,0.00180995964,0,0,0.002455977871,-0.0006460182311,0.9374020244,-0.05720437077,8,8,0.004246725204
2022-01-25,-0.005448640923,-0.005448640923,0,0,-0.009541900651,0.004093259728,0.9388048217,-0.05529433062,8,8,-0.01220890773
2022-01-26,-0.0008285405378,-0.0008285405378,0,0,-0.0005139686462,-0.0003145718916,0.9302381952,-0.06107575139,8,8,-0.002508884076
2022-01-27,-0.004037671539,-0.004037671539,0,0,-0.006102773685,0.002065102146,0.9308100123,-0.06195562467,8,8,-0.004938112133
2022-01-28,-0.0002637999941,-0.0002637999941,0,0,0.00892754314,-0.009191343134,0.926382565,-0.0662608357,8,8,0.02483565365
2022-01-31,0.0145027798,0.0145027798,0,0,0.01974971111,-0.005246931301,0.9447506765,-0.06654218952,8,8,0.01801108319
2022-02-01,-0.002576117457,-0.003751065754,0.001174948298,1.174948298,0.005163085798,-0.007739203254,0.9558843388,-0.05129548263,8,8,0.006756733376
2022-02-02,-0.003736901865,-0.003736901865,0,0,-0.001562218969,-0.002174682896,1,0,8,8,0.009714027647
2022-02-03,-0.01520012919,-0.01520012919,0,0,-0.01895274363,0.003752614443,1.00436568,-0.00375091868,8,8,-0.02350480614
2022-02-04,0.007970001387,0.007970001387,0,0,0.01289132477,-0.004921323381,0.9968119929,-0.01924355235,8,8,0.004702246378
2022-02-07,-0.006192051537,-0.006192051537,0,0,-0.001650910924,-0.004541140613,1.006602022,-0.01118441119,8,8,-0.003209477982
2022-02-08,0.004450109062,0.004450109062,0,0,0.004317837691,0.0001322713705,1.015782026,-0.01748472907,8,8,0.008227884451
2022-02-09,0.009704025682,0.009704025682,0,0,0.01040995306,-0.0007059273734,1.015448735,-0.01297687151,8,8,0.01463627812
2022-02-10,-0.008635167636,-0.008635167636,0,0,-0.01121823296,0.002583065328,1.016698546,-0.003241391287,8,8,-0.01796582833
2022-02-11,-0.01779971457,-0.01779971457,0,0,-0.01770128422,-9.84303455e-05,1.011632867,-0.0119800083,8,8,-0.01971848168
2022-02-14,0.006918300903,0.006918300903,0,0,0.003762304599,0.003155996304,1.01204411,-0.03031939953,8,8,-0.003269372703
2022-02-15,0.0148145589,0.0148145589,0,0,0.01681128682,-0.001996727924,1.005692733,-0.02324031513,8,8,0.016126692
2022-02-16,-0.001342641962,-0.001342641962,0,0,-0.0006372662407,-0.0007053757215,1.009544787,-0.008302754589,8,8,0.00112096905
2022-02-17,-0.01033811312,-0.01033811312,0,0,-0.01298922367,0.002651110555,1.010970268,-0.009658364276,8,8,-0.0213614219
2022-02-18,-0.000690529904,-0.000690529904,0,0,-0.002971630923,0.002281101019,1.005727256,-0.02020536272,8,8,-0.006475107957
2022-02-22,-0.005965789258,-0.005965789258,0,0,-0.009713557612,0.003747768354,1.001165859,-0.02091033183,8,8,-0.01073154292
2022-02-23,-0.0150405927,-0.0150405927,0,0,-0.01553638448,0.0004957917819,0.9936323338,-0.02703742064,8,8,-0.0177387327
2022-02-24,0.02402151902,0.02402151902,0,0,0.01695512753,0.007066391495,0.9925283725,-0.04272055583,8,8,0.01504898813
2022-02-25,-0.009853650042,-0.009853650042,0,0,0.007291616372,-0.01714526641,0.9789023862,-0.01826039439,8,8,0.02206407095
2022-02-28,0.002497367852,0.002497367852,0,0,0.005135451235,-0.002638083384,1.013324211,-0.02839382727,8,8,-0.002558620892
2022-03-01,-0.006937151891,-0.008582992674,0.001645840784,1.645840784,-0.01073901029,0.003801858397,1.018554042,-0.02583194755,8,8,-0.0152302103
2022-03-02,0.006527460156,0.006527460156,0,0,0.0147749502,-0.008247490043,1,0,8,8,0.01839624915
2022-03-03,-0.001182121143,-0.001182121143,0,0,-0.004269673269,0.003087552126,1.016388008,0.006485128737,8,8,-0.004978504991
2022-03-04,-0.001105118371,-0.001105118371,0,0,-0.006104211524,0.004999093152,1.010224991,0.00530928381,8,8,-0.008124565556
2022-03-07,0.004535993099,0.004535993099,0,0,-0.01377621288,0.01831220598,1.000227056,0.004208816679,8,8,-0.02947920258
2022-03-08,0.002047979793,0.002047979793,0,0,-4.452608074e-05,0.002092505873,0.9637669963,0.008705322496,8,8,-0.00758172767
2022-03-09,0.005430498472,0.005430498472,0,0,0.01721425335,-0.01178375488,0.9596645906,0.01073132475,8,8,0.02681069221
2022-03-10,-0.004588527532,-0.004588527532,0,0,-0.003002171619,-0.001586355912,0.9833226666,0.01607453051,8,8,-0.004515508101
2022-03-11,5.722566487e-05,5.722566487e-05,0,0,-0.00611948014,0.006176705805,0.9864331265,0.01153894977,8,8,-0.01271487544
2022-03-14,0.004490700101,0.004490700101,0,0,0.001793707158,0.002696992943,0.9740811981,0.01159551187,8,8,-0.007308509402
2022-03-15,-0.009259093552,-0.009259093552,0,0,0.008868106642,-0.01812720019,0.9688271999,0.01601429657,8,8,0.02199050506
2022-03-16,0.0007215654087,0.0007215654087,0,0,0.01466236586,-0.01394080046,1.005129091,0.006818334615,8,8,0.02217434522
2022-03-17,0.002023233037,0.002023233037,0,0,0.009275986201,-0.007252753164,1.03298689,0.007534463416,8,8,0.01251093269
2022-03-18,-0.0009559740804,-0.0009559740804,0,0,0.006867849941,-0.007823824021,1.047396502,0.009538398051,8,8,0.0109527933
2022-03-21,-0.00284795002,-0.00284795002,0,0,-0.004305544501,0.001457594481,1.063104476,0.008590636396,8,8,-0.0002925508778
2022-03-22,0.0001350864815,0.0001350864815,0,0,0.004279395875,-0.004144309393,1.060361193,0.005759087971,8,8,0.01170138505
2022-03-23,-0.003367375092,-0.003367375092,0,0,-0.01260441439,0.009237039299,1.068640539,0.005893378337,8,8,-0.01287832336
2022-03-24,-0.007528068125,-0.007528068125,0,0,0.005520313821,-0.01304838195,1.050335961,0.002534537986,8,8,0.01507442171
2022-03-25,0.0005137288038,0.0005137288038,0,0,0.001445901907,-0.0009321731029,1.07701248,-0.005031406913,8,8,0.004883412554
2022-03-28,0.0009053664225,0.0009053664225,0,0,0.006077638446,-0.005172272024,1.078836326,-0.00451535844,8,8,0.00711299438
2022-03-29,0.003336546824,0.003336546824,0,0,0.008730873652,-0.005394326828,1.089100201,-0.003606726608,8,8,0.01237101251
2022-03-30,0.002230209987,0.002230209987,0,0,-0.003068010992,0.005298220979,1.099556679,-0.0002692813149,8,8,-0.00617482523
2022-03-31,-0.00122355304,-0.00122355304,0,0,-0.009480256159,0.008256703119,1.088762279,0.001956565121,8,8,-0.0153913639
2022-04-01,0.003956826982,0.002505754414,0.001451072568,1.451072568,0.001027173447,0.002929653535,1.072337381,0.0007339100583,8,8,0.002834000358
2022-04-04,0.001929124452,0.001929124452,0,0,0.005878063238,-0.003948938786,1,0,8,8,0.008566639208
2022-04-05,-0.004056962674,-0.004056962674,0,0,-0.01015879673,0.006101834053,1.007882671,0.001925410096,8,8,-0.01263145422
2022-04-06,-0.00913522912,-0.00913522912,0,0,-0.01091984787,0.001784618752,0.9956614013,-0.002140235433,8,8,-0.009999088131
2022-04-07,-0.006939796827,-0.006939796827,0,0,-0.000653152889,-0.006286643938,0.9920192579,-0.01137941814,8,8,0.005038852226
2022-04-08,0.005589656042,0.005589656042,0,0,0.00171322219,0.003876433852,1.00462464,-0.01844723504,8,8,-0.002673948017
2022-04-11,0.007238114205,0.007238114205,0,0,-0.004857472921,0.01209558713,0.9968891606,-0.01278610904,8,8,-0.0170921672
2022-04-12,0.0008666411291,0.0008666411291,0,0,-0.002813788719,0.003680429848,0.9728941814,-0.005508126389,8,8,-0.003705340265
2022-04-13,-0.0005031756078,-0.0005031756078,0,0,0.003352904395,-0.003856080003,0.9655631661,-0.004637466241,8,8,0.01145355555
2022-04-14,-0.006965079636,-0.006965079636,0,0,-0.008034861934,0.001069782298,0.9732618721,-0.005143229796,8,8,-0.01245174267
2022-04-18,0.003216056902,0.003216056902,0,0,0.001958094068,0.001257962834,0.9709197613,-0.01219323629,8,8,0.0004110816262
2022-04-19,0.01160043543,0.01160043543,0,0,0.01235020846,-0.0007497730322,0.968505125,-0.008948400826,8,8,0.01614275666
2022-04-20,-0.02087629604,-0.02087629604,0,0,-0.02285944766,0.001983151622,0.9703486397,0.002621622636,8,8,-0.0007414206084
2022-04-21,-0.002700895252,-0.002700895252,0,0,-0.008994617838,0.006293722587,0.9656655606,-0.01864388875,8,8,-0.01495363646
2022-04-22,0.00117549728,0.00117549728,0,0,-0.01350649527,0.01468199255,0.9529510411,-0.02140259015,8,8,-0.0274392816
2022-04-25,-0.001983032891,-0.001983032891,0,0,0.001120136777,-0.003103169668,0.9236767737,-0.0202033439,8,8,0.005797675815
2022-04-26,4.763884572e-05,4.763884572e-05,0,0,-0.01471266036,0.0147602992,0.9297437927,-0.02223046052,8,8,-0.02896064855
2022-04-27,-0.008985563549,-0.008985563549,0,0,-0.007036107543,-0.001949456006,0.9002279473,-0.02218176496,8,8,0.002811625519
2022-04-28,0.002927074004,0.002927074004,0,0,0.008613798315,-0.005686724311,0.9032575741,-0.0314499238,8,8,0.02525948546
2022-04-29,-0.002417150111,-0.002417150111,0,0,-0.01576607223,0.01334892211,0.9148801747,-0.02843960497,8,8,-0.03695566951
2022-05-02,0.004383996224,0.002889008281,0.001494987942,1.494987942,0.007578257643,-0.00319426142,0.8879113955,-0.03093152121,8,8,0.006019417902
2022-05-03,0.00413855003,0.00413855003,0,0,0.003808851344,0.000329698686,1,0,8,8,0.004584224169
2022-05-04,0.00461169996,0.00461169996,0,0,0.01635351923,-0.01174181927,0.9993433203,0.004121493025,8,8,0.03045273203
2022-05-05,-0.02325001327,-0.02325001327,0,0,-0.03062064935,0.007370636079,1.022722171,0.008693103002,8,8,-0.03554287187
2022-05-06,-0.008311777118,-0.008311777118,0,0,-0.007161577169,-0.001150199949,1.008170872,-0.01490341486,8,8,-0.005968867594
2022-05-09,-0.02405537407,-0.02405537407,0,0,-0.02952154273,0.00546616866,1.010559036,-0.02340976876,8,8,-0.03201712267
2022-05-10,0.008412626622,0.008412626622,0,0,0.006432329253,0.001980297368,0.9996174974,-0.04863507782,8,8,0.00231060344
2022-05-11,-0.01800193069,-0.01800193069,0,0,-0.01790434879,-9.758189681e-05,0.9956931348,-0.03988689762,8,8,-0.01588618832
2022-05-12,-0.004158094272,-0.004158094272,0,0,-0.002251927092,-0.00190616718,0.9958129231,-0.0589500429,8,8,-0.00104413446
2022-05-13,0.01794424228,0.01794424228,0,0,0.02298154962,-0.005037307341,0.9996236927,-0.06337164244,8,8,0.0239078408
2022-05-16,-0.01638026561,-0.01638026561,0,0,-0.01156202286,-0.004818242745,1.009527346,-0.04462660946,8,8,-0.004057605392
2022-05-17,0.02488413282,0.02488413282,0,0,0.01776302397,0.007121108847,1.019482968,-0.06202282543,8,8,0.02057053914
2022-05-18,-0.0040229066,-0.0040229066,0,0,-0.02638113449,0.02235822789,1.005113505,-0.0362369671,8,8,-0.04031152522
2022-05-19,0.007812518484,0.007812518484,0,0,0.002075498854,0.00573701963,0.960237087,-0.0404224896,8,8,-0.006124655263
2022-05-20,-0.01234358054,-0.01234358054,0,0,-0.006865989564,-0.005477590972,0.9491602343,-0.03235718005,8,8,0.0004364412595
2022-05-23,-0.002366710107,-0.002366710107,0,0,0.007864717589,-0.0102314277,0.9596169448,-0.04525942393,8,8,0.01871015798
2022-05-24,-0.0241618299,-0.0241618299,0,0,-0.01691980924,-0.007242020657,0.980032543,-0.04773911869,8,8,-0.007633755682
2022-05-25,0.01289062547,0.01289062547,0,0,0.01203895883,0.0008516666434,0.9943808145,-0.07368122174,8,8,0.008834804337
2022-05-26,0.01522204913,0.01522204913,0,0,0.01780541585,-0.002583366722,0.9927706718,-0.06001694037,8,8,0.01998155053
2022-05-27,0.01251823472,0.01251823472,0,0,0.01844407525,-0.005925840532,0.9979683314,-0.04412324503,8,8,0.02454896375
2022-05-31,0.009720717801,0.009720717801,0,0,0.004129820868,0.005590896933,1.009698603,-0.03121426284,8,8,-0.005611034606
2022-06-01,-0.001215827454,-0.002864730312,0.001648902858,1.648902858,-0.004938144096,0.003722316642,0.9985310881,-0.02128662378,8,8,-0.008088545452
2022-06-02,0.01244817826,0.01244817826,0,0,0.01802772612,-0.005579547859,1,0,8,8,0.01904375245
2022-06-03,-0.01471008709,-0.01471008709,0,0,-0.01368966476,-0.00102042233,1.011021893,0.01229512634,8,8,-0.01641161782
2022-06-06,-0.001159402152,-0.001159402152,0,0,-0.0001953128278,-0.0009640893246,1.013257761,-0.0024510154,8,8,0.003044866595
2022-06-07,-0.003694651152,-0.003694651152,0,0,0.004565090878,-0.00825974203,1.015203566,-0.003614608337,8,8,0.009592039554
2022-06-08,0.003745095857,0.003745095857,0,0,-0.001245893955,0.004990989812,1.031840691,-0.007336364798,8,8,-0.0108722002
2022-06-09,1.11850709e-05,1.11850709e-05,0,0,-0.01106334285,0.01107452792,1.021777154,-0.003577869477,8,8,-0.02378272856
2022-06-10,0.002851949151,0.002851949151,0,0,-0.01355098451,0.01640293366,0.9996281019,-0.003566644513,8,8,-0.0289956277
2022-06-13,-0.003395105537,-0.003395105537,0,0,-0.02151853635,0.01812343082,0.9669165868,-0.0007126628837,8,8,-0.03796829126
2022-06-14,0.004466350667,0.004466350667,0,0,0.002003164023,0.002463186644,0.9304335397,-0.004121762238,8,8,-0.003013468263
2022-06-15,0.01046575635,0.01046575635,0,0,0.0132251367,-0.002759380349,0.9258383981,0.0003430562194,8,8,0.01425670299
2022-06-16,0.002699481813,0.002699481813,0,0,-0.0134461262,0.01614560801,0.9320681173,0.01069686182,8,8,-0.03309631311
2022-06-17,0.01612292055,0.01612292055,0,0,0.003012679413,0.01311024114,0.9000467234,0.01336027781,8,8,0.002155968367
2022-06-21,-0.003775526949,-0.003775526949,0,0,0.01319325665,-0.01696878359,0.8758282523,0.0290153856,8,8,0.02517350203
2022-06-22,0.003437353096,0.003437353096,0,0,-0.002571965635,0.006009318731,0.9094238468,0.02533551356,8,8,-0.001813100832
2022-06-23,0.007011737232,0.007011737232,0,0,0.005112784714,0.001898952518,0.8977566558,0.02867430295,8,8,0.009802663735
2022-06-24,0.004229880858,0.004229880858,0,0,0.01682386637,-0.01259398551,0.894697107,0.03543756132,8,8,0.03179378834
2022-06-27,-0.006726343186,-0.006726343186,0,0,-0.00497634876,-0.001749994425,0.9202225272,0.03950036036,8,8,-0.003819604724
2022-06-28,-0.01493832885,-0.01493832885,0,0,-0.01480687748,-0.0001314513678,0.9232059731,0.03299595932,8,8,-0.02043295709
2022-06-29,0.005357530281,0.005357530281,0,0,-0.0003940636537,0.005751593934,0.9223082915,0.01833147203,8,8,-0.0008143085549
2022-06-30,-0.001566540706,-0.001566540706,0,0,-0.005126255971,0.003559715265,0.9112804215,0.02356276409,8,8,-0.008124412768
2022-07-01,-0.001513692942,-0.003305726604,0.001792033663,1.792033663,0.005060621431,-0.006574314372,0.9040106197,0.02203073543,8,8,0.01057670735
2022-07-05,-0.0003291377142,-0.0003291377142,0,0,-0.003669985645,0.003340847931,1,0,8,8,0.001888555308
2022-07-06,-0.00274001919,-0.00274001919,0,0,-0.001229645241,-0.001510373949,0.9933161042,-0.0003292460815,8,8,0.003377213167
2022-07-07,0.01212870771,0.01212870771,0,0,0.01526388312,-0.003135175407,0.9963267874,-0.003077698224,8,8,0.01497737622
2022-07-08,-0.001485735363,-0.001485735363,0,0,-0.001040431689,-0.0004453036735,1.002566016,0.00894254794,8,8,-0.0008226717747
2022-07-11,-0.009805681713,-0.009805681713,0,0,-0.01182979602,0.002024114306,1.003461766,0.007467907912,8,8,-0.01142359631
2022-07-12,-0.001874520385,-0.001874520385,0,0,-0.003907581611,0.002033061225,0.9994077302,-0.002360924272,8,8,-0.008848796747
2022-07-13,0.003233174768,0.003233174768,0,0,-0.00129908425,0.004532259017,0.9953328591,-0.004243398996,8,8,-0.005251869074
2022-07-14,-0.007536795673,-0.007536795673,0,0,-0.006844264958,-0.0006925307154,0.9863125948,-0.001006968523,8,8,-0.002428487064
2022-07-15,0.007366038948,0.007366038948,0,0,0.01537518953,-0.008009150583,0.9876042319,-0.008608645801,8,8,0.01910503977
2022-07-18,0.01072181417,0.01072181417,0,0,0.004320038485,0.006401775684,1.003596044,-0.001233520691,8,8,-0.008256842695
2022-07-19,0.008766581002,0.008766581002,0,0,0.02093636313,-0.01216978213,0.990890167,0.009387640937,8,8,0.0270191699
2022-07-20,0.009694326522,0.009694326522,0,0,0.009596616324,9.771019848e-05,1.015097379,0.01799645456,8,8,0.006373034249
2022-07-21,-0.001570201667,-0.001570201667,0,0,0.001595264783,-0.00316546645,1.014758881,0.027424915,8,8,0.01018331666
2022-07-22,-0.009742020379,-0.009742020379,0,0,-0.01006030475,0.000318284366,1.021122981,0.0258953743,8,8,-0.009278126136
2022-07-25,0.004007309327,0.004007309327,0,0,0.004303395503,-0.0002960861762,1.020687955,0.01631226837,8,8,0.001214955342
2022-07-26,-0.006048133021,-0.006048133021,0,0,-0.009577045079,0.003528912057,1.021195192,0.02023847586,8,8,-0.01183107368
2022-07-27,0.01201357661,0.01201357661,0,0,0.01703543028,-0.005021853672,1.014223393,0.01427669016,8,8,0.02596635138
2022-07-28,-0.008873906888,-0.008873906888,0,0,-0.0002268074521,-0.008647099436,1.023979026,0.02597817596,8,8,0.01254239528
2022-07-29,0.01265419465,0.01265419465,0,0,0.0136516248,-0.0009974301465,1.041642759,0.01725740972,8,8,0.01457872008
2022-08-01,-0.006510054181,-0.008313528856,0.001803474675,1.803474675,-0.002970090383,-0.003539963799,1.043092321,0.02953782696,8,8,-0.002961164392
2022-08-02,0.0008351884018,0.0008351884018,0,0,-0.004206091991,0.005041280393,1,0,8,8,-0.006597487801
2022-08-03,-0.002834894604,-0.002834894604,0,0,0.006735836282,-0.009570730886,0.989925853,0.0008344914442,8,8,0.01565958478
2022-08-04,-0.004775296239,-0.004775296239,0,0,-0.002928281909,-0.001847014331,1.009093093,-0.002006090215,8,8,-0.0006754234796
2022-08-05,0.005794455747,0.005794455747,0,0,-0.0006952974452,0.006489753192,1.012848477,-0.006813924964,8,8,-0.00169020522
2022-08-08,0.005174237809,0.005174237809,0,0,0.002132142308,0.003042095501,0.9998697252,-0.00101359598,8,8,-0.001161024642
2022-08-09,0.005677040717,0.005677040717,0,0,0.0007563208891,0.004920719828,0.9938175238,0.004139224497,8,8,-0.003971139818
2022-08-10,-0.008691643725,-0.008691643725,0,0,0.007052435855,-0.01574407958,0.984066539,0.009760852457,8,8,0.02100419711
2022-08-11,-0.0002149405401,-0.0002149405401,0,0,-0.003236472539,0.003021531998,1.015691079,0.001078583394,8,8,0
2022-08-12,-0.005812620185,-0.005812620185,0,0,0.006634792461,-0.01244741265,1.00965009,0.0008638285259,8,8,0.0169288442
2022-08-15,-0.0008735164814,-0.0008735164814,0,0,0.001345859623,-0.002219376105,1.034746885,-0.004977725286,8,8,0.004121033917
2022-08-16,0.002585727113,0.002585727113,0,0,0.001986094512,0.0005996326016,1.039219897,-0.005856357392,8,8,0.001958636445
2022-08-17,0.002088428714,0.002088428714,0,0,-0.003735960035,0.005824388749,1.037922574,-0.003262195132,8,8,-0.007098099938
2022-08-18,-0.004974211665,-0.004974211665,0,0,-0.0009900112257,-0.003984200439,1.02621904,-0.001171320199,8,8,0.002906351581
2022-08-19,0.009704508064,0.009704508064,0,0,-0.001997285038,0.0117017931,1.034358347,-0.006176253858,8,8,-0.0134379465
2022-08-22,0.009622860615,0.009622860615,0,0,-0.005929926538,0.01555278715,1.010849472,0.003494343323,8,8,-0.02082263724
2022-08-23,-0.009091827301,-0.009091827301,0,0,-0.005401577929,-0.003690249372,0.9799369612,0.01299218198,8,8,-0.002419069172
2022-08-24,-0.00417690183,-0.00417690183,0,0,-0.0007361458779,-0.003440755953,0.9872010945,0.003936141398,8,8,0.003201158135
2022-08-25,-0.003321574314,-0.003321574314,0,0,0.005869015099,-0.009190589413,0.9940577864,-0.0002417702831,8,8,0.01411740113
2022-08-26,0.007566699713,0.007566699713,0,0,-0.01231507037,0.01988177009,1.01248042,-0.003575219956,8,8,-0.0338487749
2022-08-29,-0.001688611364,-0.001688611364,0,0,-0.004438442529,0.002749831166,0.9729217725,0.003961504245,8,8,-0.006612332525
2022-08-30,0.004702076653,0.004702076653,0,0,-0.003237459035,0.007939535689,0.9673670057,0.002276737406,8,8,-0.01097786229
2022-08-31,0.001929379587,0.001929379587,0,0,-0.00222658693,0.004155966518,0.9517149742,0.006946152716,8,8,-0.007609042242
2022-09-01,0.01204326832,0.01033596079,0.001707307528,1.707307528,0.008542828906,0.003500439415,0.9435120279,0.008858441009,8,8,0.003137797507
2022-09-02,-0.004489008582,-0.004489008582,0,0,-0.00546855663,0.0009795480487,1,0,8,8,-0.0105443937
2022-09-06,0.00307093494,0.00307093494,0,0,-0.001249563903,0.004320498844,0.9980320698,-0.004509250647,8,8,-0.00377304412
2022-09-07,0.005496994079,0.005496994079,0,0,0.009018018344,-0.003521024265,0.9894235517,-0.001433912255,8,8,0.01796489278
2022-09-08,0.0004563819482,0.0004563819482,0,0,0.006624884102,-0.006168502154,0.9964849226,0.00404086919,8,8,0.00653622014
2022-09-09,0.002086920785,0.002086920785,0,0,0.01203577696,-0.009948856172,1.008817903,0.00449519961,8,8,0.01553507852
2022-09-12,-0.001125277941,-0.001125277941,0,0,0.003908352903,-0.005033630844,1.028655813,0.006568412639,8,8,0.01074787101
2022-09-13,-0.006409874937,-0.006409874937,0,0,-0.02725493795,0.02084506301,1.038766698,0.005449266638,8,8,-0.04348260348
2022-09-14,0.002951999446,0.002951999446,0,0,0.006265628492,-0.003313629045,0.9970577118,-0.0009668054012,8,8,0.003815976472
2022-09-15,-0.01228045714,-0.01228045714,0,0,-0.0160273794,0.003746922265,1.003674124,0.001979351002,8,8,-0.01135333692
2022-09-16,0.009500803351,0.009500803351,0,0,-0.000534221013,0.01003502436,0.9961327882,-0.01042918125,8,8,-0.00762909999
2022-09-19,-0.003326015452,-0.003326015452,0,0,0.0008532945045,-0.004179309957,0.9762880223,-0.0009196405718,8,8,0.007755192123
2022-09-20,0.0005436438466,0.0005436438466,0,0,-0.006713820492,0.007257464339,0.9845954063,-0.004259824265,8,8,-0.01147873844
2022-09-21,0.00277246702,0.00277246702,0,0,-0.006829538631,0.009602005651,0.9700967344,-0.003714161238,8,8,-0.01744379742
2022-09-22,0.004292928935,0.004292928935,0,0,-0.002865104406,0.007158033341,0.951028495,-0.0009390906199,8,8,-0.008399614593
2022-09-23,0.009525947633,0.009525947633,0,0,-0.007261488211,0.01678743584,0.936982956,0.00333950207,8,8,-0.01675500966
2022-09-26,0.004440827984,0.004440827984,0,0,-0.00451083469,0.008951662674,0.9043195314,0.01274405055,8,8,-0.009892648107
2022-09-27,0.005552133341,0.005552133341,0,0,0.003479732676,0.002072400664,0.8869183821,0.01710890084,8,8,-0.002552526216
2022-09-28,-0.008208415539,-0.008208415539,0,0,0.006171709948,-0.01438012549,0.8834208438,0.0225359118,8,8,0.01967615203
2022-09-29,-0.007115764236,-0.007115764236,0,0,-0.01302205261,0.005906288371,0.9114542747,0.01444607565,8,8,-0.02088891369
2022-09-30,0.001701881255,0.001701881255,0,0,-0.005483971617,0.007185852871,0.8989224539,0.007382846006,8,8,-0.01546354625
2022-10-03,-0.01153150329,-0.01323656553,0.001705062239,1.705062239,0.003621142548,-0.01515264584,0.8847468953,0.009069292402,8,8,0.02640121823
2022-10-04,0.01142592913,0.01142592913,0,0,0.0190632701,-0.007637340967,1,0,8,8,0.03098667822
2022-10-05,0.004390911597,0.004390911597,0,0,0.0009312014137,0.003459710184,1.015102126,0.0112968521,8,8,-0.002328283671
2022-10-06,0.001840487454,0.001840487454,0,0,-0.004177980076,0.00601846753,1.008146933,0.01561918125,8,8,-0.01031573246
2022-10-07,-0.006573764416,-0.006573764416,0,0,-0.01974074013,0.01316697571,0.9961171446,0.01742759344,8,8,-0.02789391963
2022-10-10,-0.004897761069,-0.004897761069,0,0,-0.002823433546,-0.002074327522,0.9695832405,0.01092565168,8,8,-0.007635308791
2022-10-11,-0.002625679485,-0.002625679485,0,0,-0.003710039249,0.001084359764,0.9736026075,0.00605755909,8,8,-0.006333341913
2022-10-12,0.0003652231135,0.0003652231135,0,0,0.000585886633,-0.0002206635194,0.971358685,0.003440914342,8,8,-0.003298124302
2022-10-13,0.002328321221,0.002328321221,0,0,0.01396274657,-0.01163442535,0.9718103076,0.003804747874,8,8,0.02639101392
2022-10-14,-0.005003957474,-0.005003957474,0,0,-0.01106493941,0.006060981933,0.995090589,0.006118822511,8,8,-0.02278872107
2022-10-17,0.003743248679,0.003743248679,0,0,0.01687353204,-0.01313028336,0.9828829722,0.001120471831,8,8,0.02569685642
2022-10-18,0.001001228005,0.001001228005,0,0,0.002286692582,-0.001285464576,1.00910944,0.004845582291,8,8,0.01174983849
2022-10-19,-0.004464883798,-0.004464883798,0,0,0.0002892594711,-0.004754143269,1.011668686,0.005840962161,8,8,-0.007086628458
2022-10-20,0.00521047721,0.00521047721,0,0,8.992544535e-05,0.005120551764,1.021271949,0.001382249949,8,8,-0.008385167827
2022-10-21,-0.006577711298,-0.006577711298,0,0,0.01168297571,-0.01826068701,1.010973668,0.006558553962,8,8,0.02430133988
2022-10-24,0.001060828226,0.001060828226,0,0,0.005228317843,-0.004167489617,1.047809519,-1.928418133e-05,8,8,0.0122363569
2022-10-25,0.01115797858,0.01115797858,0,0,0.01613923119,-0.00498125261,1.056085002,0.001040440316,8,8,0.01596883362
2022-10-26,-0.01546377318,-0.01546377318,0,0,-0.00915159731,-0.00631217587,1.065318683,0.01206381115,8,8,-0.007534186841
2022-10-27,-0.01152390015,-0.01152390015,0,0,-0.01121894478,-0.0003049553668,1.079167259,-0.003453364069,8,8,-0.005339985213
2022-10-28,0.01008050546,0.01008050546,0,0,0.01411009376,-0.004029588299,1.080707232,-0.01515187289,8,8,0.02379058259
2022-10-31,-0.00581648741,-0.00581648741,0,0,-0.008533606277,0.002717118866,1.087880528,-0.005020755674,8,8,-0.007223104241
2022-11-01,0.003021005256,0.001278050967,0.001742954289,1.742954289,0.00141730353,0.001603701726,1.082928644,-0.01090064656,8,8,-0.004375904383
2022-11-02,-0.006901047954,-0.006901047954,0,0,-0.01721013201,0.01030908406,1,0,8,8,-0.02509647455
2022-11-03,-0.01507897252,-0.01507897252,0,0,-0.007983430926,-0.007095541598,0.9792385562,-0.006949003359,8,8,-0.01029659789
2022-11-04,0.003399247993,0.003399247993,0,0,0.008439795078,-0.005040547085,0.9933290483,-0.02236522043,8,8,0.01439319939
2022-11-07,0.001221613019,0.001221613019,0,0,0.005340652936,-0.004119039917,1.00339859,-0.0189017208,8,8,0.009565439117
2022-11-08,-0.0008846624656,-0.0008846624656,0,0,3.441158277e-05,-0.0009190740484,1.011622471,-0.01765853588,8,8,0.005395575087
2022-11-09,0.005693197361,0.005693197361,0,0,-0.008936223129,0.01462942049,1.013472538,-0.01855961734,8,8,-0.02060221391
2022-11-10,0.02357196415,0.02357196415,0,0,0.040023136,-0.01645117186,0.984303063,-0.01279358359,8,8,0.05495406276
2022-11-11,0.001258434623,0.001258434623,0,0,0.01143680676,-0.01017837214,1.016809181,0.01053016391,8,8,0.009678479862
2022-11-14,-0.008170350729,-0.008170350729,0,0,-0.006143127107,-0.002027223622,1.037119213,0.011773782,8,8,-0.008506707588
2022-11-15,0.004894477366,0.004894477366,0,0,0.008983524537,-0.004089047171,1.041512835,0.003633115096,8,8,0.008529300594
2022-11-16,-0.00213248331,-0.00213248331,0,0,-0.007514863432,0.005382380122,1.049448903,0.008486057645,8,8,-0.007628990502
2022-11-17,-0.003533249251,-0.003533249251,0,0,-0.005888207206,0.002354957955,1.038766812,0.006367152181,8,8,-0.003059748113
2022-11-18,0.002974919076,0.002974919076,0,0,0.0005352416884,0.002439677387,1.034177655,0.002843951318,8,8,0.004540435527
2022-11-21,-0.002814578423,-0.002814578423,0,0,-0.005661360902,0.002846782479,1.029211398,0.005801611071,8,8,-0.003636154318
2022-11-22,-0.004142664031,-0.004142664031,0,0,0.006771978685,-0.01091464272,1.023584213,0.002995463615,8,8,0.01345703332
2022-11-23,0.008397026859,0.008397026859,0,0,0.007970945984,0.0004260808756,1.045602414,-0.001151972652,8,8,0.006301469787
2022-11-25,-0.0006766253642,-0.0006766253642,0,0,-0.002082897685,0.00140627232,1.044377612,0.007184723888,8,8,-0.0002234867082
2022-11-28,0.003464517786,0.003464517786,0,0,-0.007176030753,0.01064054854,1.04159321,0.00651250505,8,8,-0.01595717085
2022-11-29,-0.004521564514,-0.004521564514,0,0,-0.001323738375,-0.003197826139,1.020241985,0.009942576603,8,8,-0.00171727631
2022-11-30,0.01765414271,0.01765414271,0,0,0.02763107609,-0.009976933381,1.026758628,0.005445634878,8,8,0.03150037597
2022-12-01,0.0002404871686,-0.001581959045,0.001822446214,1.822446214,0.0009598394044,-0.0007193522358,1.045902132,0.0226990454,8,8,-0.0007358945484
2022-12-02,-0.003967172496,-0.003967172496,0,0,-0.001902727952,-0.002064444544,1,0,8,8,-0.001153490773
2022-12-05,-0.007176001697,-0.007176001697,0,0,-0.01529354776,0.008117546064,1.004145334,-0.003982973639,8,8,-0.01798950195
2022-12-06,0.006259519699,0.006259519699,0,0,-0.008266954104,0.0145264738,0.987822859,-0.01123963095,8,8,-0.01441463836
2022-12-07,-0.00256276094,-0.00256276094,0,0,-0.004121904792,0.001559143852,0.9590263866,-0.004949132059,8,8,-0.001701270926
2022-12-08,-0.008606588735,-0.008606588735,0,0,0.002008987018,-0.01061557575,0.9557948115,-0.007531193648,8,8,0.007833865712
2022-12-09,-0.0002994040328,-0.0002994040328,0,0,-0.0009396250558,0.0006402210231,0.9768265184,-0.0162778794,8,8,-0.007470262577
2022-12-12,-0.006946891207,-0.006946891207,0,0,0.002757781308,-0.009704672515,0.9755387526,-0.01658224822,8,8,0.01441747906
2022-12-13,-0.009939265684,-0.009939265684,0,0,-3.000325524e-05,-0.009909262428,0.9949127571,-0.02369373724,8,8,0.007569723325
2022-12-14,-0.001866867634,-0.001866867634,0,0,-0.003928529264,0.00206166163,1.01487917,-0.03397064621,8,8,-0.006393530598
2022-12-15,0.004771950122,0.004771950122,0,0,-0.01118693555,0.01595888567,1.010775964,-0.03590454287,8,8,-0.02446171966
2022-12-16,-0.004970382406,-0.004970382406,0,0,-0.007850318326,0.00287993592,0.9789586012,-0.03098473514,8,8,-0.01180603472
2022-12-19,0.0004767566618,0.0004767566618,0,0,-0.005627048896,0.006103805558,0.9730648513,-0.03613472092,8,8,-0.008479681325
2022-12-20,-0.002065020866,-0.002065020866,0,0,-0.00220398916,0.0001389682938,0.9608758929,-0.03564097219,8,8,0.00136853697
2022-12-21,-0.01106802148,-0.01106802148,0,0,0.006141990845,-0.01721001232,0.9605164219,-0.03778401784,8,8,0.01495223041
2022-12-22,-0.0001265382995,-0.0001265382995,0,0,-0.01067856884,0.01055203054,0.9948797758,-0.04939878614,8,8,-0.01426622547
2022-12-23,0.003913265279,0.003913265279,0,0,0.004651489844,-0.0007382245646,0.9737723959,-0.04953159209,8,8,0.005752293586
2022-12-27,-0.00247222831,-0.00247222831,0,0,-0.00691078851,0.0044385602,0.9753453253,-0.04544050605,8,8,-0.003943512879
2022-12-28,-0.000487347419,-0.000487347419,0,0,-0.006362156834,0.005874809415,0.9663851012,-0.04803147915,8,8,-0.01242783227
2022-12-29,0.001265013102,0.001265013102,0,0,0.01102884456,-0.009763831456,0.9546133633,-0.04854248362,8,8,0.01800044214
2022-12-30,0.00134950116,0.00134950116,0,0,0.0006219374562,0.0007275637039,0.9741736968,-0.04721773946,8,8,-0.002634252794
2023-01-03,-0.01030644444,-0.01124100816,0.0009345637142,0.9345637142,-0.007425464058,-0.002880980386,0.9727553361,-0.04580642248,8,8,-0.004209679459
2023-01-04,0.003951335584,0.003951335584,0,0,0.01003797834,-0.006086642759,1,0,8,8,0.007720201144
2023-01-05,-0.007688406833,-0.007688406833,0,0,-0.009124043709,0.001435636876,1.012125374,0.003935783981,8,8,-0.0114133662
2023-01-06,-0.002484793888,-0.002484793888,0,0,0.01344339038,-0.01592818427,1.009325801,-0.003781698085,8,8,0.02293169118
2023-01-09,0.02150983858,0.02150983858,0,0,0.01166693348,0.0098429051,1.041284754,-0.006282101701,8,8,-0.0005666393353
2023-01-10,0.002476436667,0.002476436667,0,0,0.004171683868,-0.0016952472,1.021144136,0.01490708783,8,8,0.007012948755
2023-01-11,0.008643013829,0.008643013829,0,0,0.00995545614,-0.001312442311,1.024474022,0.01734058164,8,8,0.01264791839
2023-01-12,0.001177247786,0.001177247786,0,0,0.00685166138,-0.005674413594,1.026866698,0.02576094328,8,8,0.003640581134
2023-01-13,0.003443812936,0.003443812936,0,0,0.005406069981,-0.001962257045,1.038170589,0.02690651543,8,8,0.003879432783
2023-01-17,0.0114130872,0.0114130872,0,0,0.005637532574,0.005775554622,1.041950633,0.03024616623,8,8,-0.00183182718
2023-01-18,0.0006520230301,0.0006520230301,0,0,-0.007098276989,0.00775030002,1.030056486,0.04118915797,8,8,-0.01578798465
2023-01-19,-0.0002759361784,-0.0002759361784,0,0,-0.003790922489,0.003514986311,1.014546402,0.04181391737,8,8,-0.007279808933
2023-01-20,0.01652646603,0.01652646603,0,0,0.0212574983,-0.00473103228,1.007518504,0.04154944618,8,8,0.01862903385
2023-01-23,0.01379472481,0.01379472481,0,0,0.0183978981,-0.004603173293,1.016704502,0.05713172667,8,8,0.01199857624
2023-01-24,-0.001607731803,-0.001607731803,0,0,-0.0009477570808,-0.0006599747222,1.025558279,0.06996135385,8,8,-0.001073240969
2023-01-25,0.001535850988,0.001535850988,0,0,0.00165256265,-0.0001167116616,1.026921511,0.06846369331,8,8,0.000374825716
2023-01-26,0.01628510733,0.01628510733,0,0,0.02001634334,-0.003731236011,1.027113292,0.06989220029,8,8,0.0109903163
2023-01-27,0.01565064557,0.01565064557,0,0,0.01552263198,0.0001280135889,1.034021717,0.08479638932,8,8,0.002297795205
2023-01-30,-0.01141503381,-0.01141503381,0,0,-0.0159431853,0.004528151489,1.033245378,0.09889919858,8,8,-0.01254690673
2023-01-31,0.008365417406,0.008365417406,0,0,0.01070762755,-0.00234221014,1.024468383,0.08849433055,8,8,0.0147034828
2023-02-01,0.01116000675,0.009247614629,0.001912392123,1.912392123,0.01560924084,-0.004449234085,1.028910951,0.09605619777,8,8,0.01062772884
2023-02-02,-0.03192487886,-0.03192487886,0,0,-0.004229994254,-0.02769488461,1,0,8,8,0.01455697928
2023-02-03,0.007066302747,0.007066302747,0,0,-0.001866043901,0.008932346648,1.057216396,-0.03297768754,8,8,-0.01062904665
2023-02-06,0.003136687682,0.003136687682,0,0,0.0009613206632,0.002175367018,1.039075583,-0.02572957185,8,8,-0.006111526536
2023-02-07,-0.009537104952,-0.009537104952,0,0,-0.0002946961015,-0.00924240885,1.034616268,-0.02252223894,8,8,0.01307861161
2023-02-08,0.001910979009,0.001910979009,0,0,-0.0008403071726,0.002751286182,1.053612393,-0.0323680413,8,8,-0.01093488039
2023-02-09,-0.0005476571042,-0.0005476571042,0,0,-0.001385671349,0.0008380142444,1.048018059,-0.0303989705,8,8,-0.008668892588
2023-02-10,0.0223222829,0.0223222829,0,0,0.006766251643,0.01555603126,1.046367424,-0.03096358503,8,8,0.002333508767
2023-02-13,-0.003708142218,-0.003708142218,0,0,0.004376519917,-0.008084662135,1.014922262,-0.00845262034,8,8,0.0117389354
2023-02-14,-0.01175549243,-0.01175549243,0,0,-0.003252539324,-0.008502953103,1.031207308,-0.01220602423,8,8,-0.0004601509793
2023-02-15,-0.004284713364,-0.004284713364,0,0,-0.001759201885,-0.002525511479,1.048786726,-0.02424654676,8,8,0.003247522437
2023-02-16,0.01188914866,0.01188914866,0,0,-0.004631848554,0.01652099721,1.054069421,-0.02865403444,8,8,-0.01376895394
2023-02-17,0.008952142528,0.008952142528,0,0,0.006735571574,0.002216570954,1.020780366,-0.01656790747,8,8,-0.002498216899
2023-02-21,0.009416567104,0.009416567104,0,0,-0.004791096445,0.01420766355,1.01620218,-0.007548192449,8,8,-0.02006086659
2023-02-22,-0.003179011691,-0.003179011691,0,0,-0.0009724318696,-0.002206579821,0.9879007855,0.001850945106,8,8,-0.001378236845
2023-02-23,-0.007910323197,-0.007910323197,0,0,0.0001193572549,-0.008029680452,0.9922894331,-0.001332301988,8,8,0.005319549348
2023-02-24,0.005183254594,0.005183254594,0,0,-0.002817297557,0.008000552151,1.008415362,-0.009316320289,8,8,-0.01068237619
2023-02-27,-0.006840529399,-0.006840529399,0,0,-0.001565231484,-0.005275297915,0.9924533741,-0.00411175343,8,8,0.003405861376
2023-02-28,-0.00568661949,-0.00568661949,0,0,-0.004922735611,-0.0007638838788,1.00302466,-0.01102771826,8,8,-0.003696023623
2023-03-01,0.001758609461,0.0001380866027,0.001620522858,1.620522858,-0.002773130251,0.004531739712,1.004578464,-0.01680992942,8,8,-0.003836107023
2023-03-02,0.006660846223,0.006660846223,0,0,0.005806040939,0.0008548052844,1,0,8,8,0.007777518329
2023-03-03,-0.005390920596,-0.005390920596,0,0,0.007942931796,-0.01333385239,0.9983017015,0.006616772916,8,8,0.0160376731
2023-03-06,0.003565796191,0.003565796191,0,0,0.001168163934,0.002397632257,1.025104744,0.001232496611,8,8,0.0006929784214
2023-03-07,-0.0007152667657,-0.0007152667657,0,0,-0.008182190494,0.007466923728,1.020237317,0.004781243861,8,8,-0.01532878964
2023-03-08,0.001232676748,0.001232676748,0,0,0.0012523109,-1.963415278e-05,1.005307266,0.004068887435,8,8,0.00163206234
2023-03-09,-0.0001781997185,-0.0001781997185,0,0,-0.0133820345,0.01320383478,1.005339952,0.005295037114,8,8,-0.01844971332
2023-03-10,-0.01064870896,-0.01064870896,0,0,-0.01176087959,0.001112170634,0.9789285274,0.005117749377,8,8,-0.01442961182
2023-03-13,-0.006194005902,-0.006194005902,0,0,-0.005023525998,-0.001170479904,0.9764534457,-0.005590491096,8,8,-0.001425390543
2023-03-14,-0.007954649755,-0.007954649755,0,0,0.007129929663,-0.01508457942,0.9786622393,-0.01185794518,8,8,0.01653022133
2023-03-15,-0.003369900802,-0.003369900802,0,0,-0.005943960215,0.002574059413,1.008902212,-0.01997146091,8,8,-0.006254309493
2023-03-16,-0.001016289543,-0.001016289543,0,0,0.01068540426,-0.01170169381,1.003766787,-0.02342028575,8,8,0.01754511535
2023-03-17,0.006048403601,0.006048403601,0,0,-0.003126707465,0.009175111066,1.027197815,-0.0244614352,8,8,-0.0116926816
2023-03-20,-0.001557014544,-0.001557014544,0,0,0.005582527889,-0.007139542432,1.008794401,-0.01830233171,8,8,0.009615606463
2023-03-21,0.003233818263,0.003233818263,0,0,0.01340618914,-0.01017237088,1.023109468,-0.01989031576,8,8,0.01313058303
2023-03-22,-0.00517823563,-0.00517823563,0,0,-0.011657319,0.006479083369,1.04331414,-0.01660280704,8,8,-0.01704650338
2023-03-23,0.002328632785,0.002328632785,0,0,0.007424774711,-0.005096141926,1.030513981,-0.02189441712,8,8,0.002703329257
2023-03-24,-0.00135673414,-0.00135673414,0,0,0.0002985983165,-0.001655332457,1.040611696,-0.01952032866,8,8,0.006561991798
2023-03-27,0.001126154229,0.001126154229,0,0,0.0008231820101,0.0003029722189,1.043982032,-0.0209054259,8,8,0.001870000574
2023-03-28,0.00113714085,0.00113714085,0,0,-0.0006037087484,0.001740849598,1.043327295,-0.01975702222,8,8,-0.002244768002
2023-03-29,0.0007650455271,0.0007650455271,0,0,0.007837315782,-0.007072270255,1.039800337,-0.01859873199,8,8,0.01453496923
2023-03-30,-1.748140756e-05,-1.748140756e-05,0,0,0.00333277638,-0.003350257787,1.053903639,-0.01782005331,8,8,0.005855098241
2023-03-31,-0.002530593115,-0.002530593115,0,0,0.007562205944,-0.01009279906,1.060605214,-0.01783784655,8,8,0.01409456036
2023-04-03,0.009539169133,0.00820344977,0.001335719363,1.335719363,0.007974679319,0.001564489814,1.080995779,-0.02042011467,8,8,0.003810638614
2023-04-04,-0.01025595372,-0.01025595372,0,0,-0.00941566398,-0.0008402897373,1,0,8,8,-0.005548109678
2023-04-05,0.004581501742,0.004581501742,0,0,-0.002231815188,0.006813316929,1.001697994,-0.01036222825,8,8,-0.0026182151
2023-04-06,-0.007846373076,-0.007846373076,0,0,-0.002014883994,-0.005831489082,0.988125762,-0.005754362886,8,8,0.003900775054
2023-04-10,0.006702815311,0.006702815311,0,0,0.004118118818,0.002584696493,0.9997870694,-0.01370829637,8,8,0.001026514311
2023-04-11,0.01180620475,0.01180620475,0,0,0.005682375524,0.006123829228,0.994653513,-0.006958837257,8,8,0.0002686490655
2023-04-12,0.00422623877,0.00422623877,0,0,-0.0005227172577,0.004748956028,0.9826111508,0.004790806255,8,8,-0.004076145474
2023-04-13,-0.009362110484,-0.009362110484,0,0,0.004385399332,-0.01374750982,0.9732263904,0.008979097217,8,8,0.01328269977
2023-04-14,0.0107377919,0.0107377919,0,0,0.01046292068,0.0002748712199,1.000728228,-0.0003866329682,8,8,-0.002442638369
2023-04-17,0.005428364973,0.005428364973,0,0,0.002917450281,0.002510914692,1.000176589,0.01024119115,8,8,0.003588173735
2023-04-18,-0.001283554956,-0.001283554956,0,0,-0.0007513369027,-0.0005322180536,0.9951809195,0.0155849553,8,8,0.0006521924142
2023-04-19,7.444284878e-05,7.444284878e-05,0,0,2.77638489e-05,4.667899989e-05,0.9962405302,0.01431978057,8,8,-0.0001687947677
2023-04-20,0.0001294180802,0.0001294180802,0,0,-0.002538558152,0.002667976232,0.996147459,0.01439315195,8,8,-0.00545731374
2023-04-21,-0.003480250637,-0.003480250637,0,0,-0.00216775965,-0.001312490987,0.9908126955,0.01452069079,8,8,0.0007770349655
2023-04-24,0.001257284528,0.001257284528,0,0,0.0003247019469,0.0009325825811,0.9934147592,0.01107899784,8,8,0.0010431613
2023-04-25,0.001309598221,0.001309598221,0,0,-0.009774415335,0.01108401356,0.9915602052,0.01232079163,8,8,-0.01587375583
2023-04-26,-0.01320988859,-0.01320988859,0,0,-0.006759078549,-0.006450810037,0.9694322097,0.01361256286,8,8,-0.004235765666
2023-04-27,-0.01303068529,-0.01303068529,0,0,0.007421006767,-0.02045169206,0.9820973376,0.0004080647639,8,8,0.01990823295
2023-04-28,0.004706019397,0.004706019397,0,0,0.006343394661,-0.001637375264,1.023304394,-0.01278927353,8,8,0.008535087846
2023-05-01,-0.0008806069112,-0.00241261945,0.001532012539,1.532012539,-0.001618800614,0.0007381937031,1.026454648,-0.00804539236,8,8,-0.001009803503
2023-05-02,-0.004181732819,-0.004181732819,0,0,-0.008723334288,0.00454160147,1,0,8,8,-0.01123897285
2023-05-03,0.001893230679,0.001893230679,0,0,-0.002979748257,0.004872978936,0.990878654,-0.00419929314,8,8,-0.006864130368
2023-05-04,0.0002651063341,0.0002651063341,0,0,-0.004678126722,0.004943233056,0.9811683488,-0.002301704803,8,8,-0.007082927802
2023-05-05,0.003804568453,0.003804568453,0,0,0.008936487965,-0.005131919512,0.971289494,-0.002036058697,8,8,0.01851244793
2023-05-08,0.002120293484,0.002120293484,0,0,0.002067381942,5.291154208e-05,0.9816232487,0.001761806841,8,8,0.0002666828582
2023-05-09,0.000593422861,0.000593422861,0,0,-0.001930038017,0.002523460878,0.9815565312,0.003873886548,8,8,-0.004385420612
2023-05-10,-0.002639351338,-0.002639351338,0,0,-0.002159973189,-0.0004793781488,0.9765235409,0.004464659978,8,8,0.004672445977
2023-05-11,0.002290160491,0.002290160491,0,0,0.0006541866143,0.001635973877,0.9774227078,0.00183013902,8,8,-0.001744105049
2023-05-12,-0.0009071143152,-0.0009071143152,0,0,-0.002409181588,0.001502067273,0.9742098236,0.004110884925,8,8,-0.001310267766
2023-05-15,-0.001594312619,-0.001594312619,0,0,1.681230077e-05,-0.00161112492,0.9711795457,0.003206679434,8,8,0.003450068025
2023-05-16,-0.002815914413,-0.002815914413,0,0,-0.004736490523,0.00192057611,0.9743609188,0.001614941537,8,8,-0.006682646244
2023-05-17,0.00382620734,0.00382620734,0,0,0.009084224827,-0.005258017487,0.9704365183,-0.001204364263,8,8,0.01213901427
2023-05-18,0.007431277063,0.007431277063,0,0,0.008730927832,-0.001299650769,0.981025155,0.002611849599,8,8,0.009633194785
2023-05-19,0.001867681191,0.001867681191,0,0,0.002234567384,-0.0003668861924,0.9837452501,0.009969043935,8,8,-0.00145515411
2023-05-22,0.009197667829,0.009197667829,0,0,0.00659075655,0.002606911279,0.9845079567,0.01181465911,8,8,0.0004061867374
2023-05-23,-0.001101454581,-0.001101454581,0,0,-0.00407792791,0.00297647333,0.9794828441,0.02082082392,8,8,-0.01122284387
2023-05-24,-0.003860477778,-0.003860477778,0,0,-0.004459233637,0.0005987558592,0.9735007097,0.01974111327,8,8,-0.007244767727
2023-05-25,-0.001815034709,-0.001815034709,0,0,-0.0005742034105,-0.001240831299,0.9721958607,0.01594217993,8,8,0.008659868223
2023-05-26,0.005637824997,0.005637824997,0,0,0.0103962429,-0.004758417898,0.9746314785,0.0141528331,8,8,0.0129505858
2023-05-30,0.00642555127,0.00642555127,0,0,0.003859138328,0.002566412941,0.9842371823,0.01967970735,8,8,0.0003809122971
2023-05-31,0.003042717874,0.003042717874,0,0,0.001125093208,0.001917624666,0.9792377653,0.02593858889,8,8,-0.0055450367
2023-06-01,0.0003888713457,-0.001375494402,0.001764365748,1.764365748,0.003922091242,-0.003533219897,0.9754771321,0.02889339232,8,8,0.009500962628
2023-06-02,0.008385554182,0.008385554182,0,0,0.01217667246,-0.003791118278,1,0,8,8,0.01446098799
2023-06-05,-0.00493982175,-0.00493982175,0,0,-0.003498147562,-0.001441674188,1.007519184,0.008315821411,8,8,-0.001916135684
2023-06-06,-0.000770803576,-0.000770803576,0,0,0.0001973329348,-0.0009681365109,1.010454174,0.003392759287,8,8,0.002177387596
2023-06-07,0.0147885745,0.0147885745,0,0,0.00587977342,0.008908801076,1.012400005,0.002623978283,8,8,-0.003457502381
2023-06-08,-0.01032015109,-0.01032015109,0,0,0.0004081963168,-0.01072834741,0.994661354,0.01715879861,8,8,0.006048477415
2023-06-09,-0.008855364478,-0.008855364478,0,0,-0.001219889323,-0.007635475156,1.016286124,0.006909959339,8,8,0.001794261475
2023-06-12,-0.01350219726,-0.01350219726,0,0,-0.000379846468,-0.01312235079,1.03183902,-0.001962786328,8,8,0.009071945513
2023-06-13,-0.00369139159,-0.00369139159,0,0,0.001883807027,-0.005575198617,1.058878714,-0.01567665285,8,8,0.006592812353
2023-06-14,-0.007333148211,-0.007333148211,0,0,0.002159565523,-0.009492713734,1.070288574,-0.01943980437,8,8,0.001190789201
2023-06-15,0.0001453241097,0.0001453241097,0,0,0.004242578004,-0.004097253895,1.089933497,-0.02697073296,8,8,0.01239765258
2023-06-16,0.005009521188,0.005009521188,0,0,0.0007796265243,0.004229894664,1.098113747,-0.02682151104,8,8,-0.0034060382
2023-06-20,-0.01450046662,-0.01450046662,0,0,-0.008569425339,-0.005931041286,1.089207073,-0.02170326688,8,8,-0.005188364466
2023-06-21,0.01250375606,0.01250375606,0,0,-0.0004142661686,0.01291802223,1.102556269,-0.03673642886,8,8,-0.005123620236
2023-06-22,-0.006151875001,-0.006151875001,0,0,-0.001022135291,-0.00512973971,1.07577278,-0.02393341521,8,8,0.003609782537
2023-06-23,0.003354570237,0.003354570237,0,0,-0.004866239341,0.008220809578,1.086564795,-0.0302715168,8,8,-0.007560142644
2023-06-26,0.01880667839,0.01880667839,0,0,0.005054364715,0.01375231368,1.069888729,-0.02682695367,8,8,-0.004085668666
2023-06-27,-0.007634458763,-0.007634458763,0,0,0.001446912026,-0.009081370789,1.041601712,-0.007872224871,8,8,0.01096330779
2023-06-28,-0.003404563875,-0.003404563875,0,0,0.0002913996955,-0.00369596357,1.060224233,-0.01562597953,8,8,0.0005043104234
2023-06-29,0.00140601924,0.00140601924,0,0,0.001336538417,6.94808225e-05,1.06784715,-0.01909555544,8,8,0.00394135091
2023-06-30,-0.006243065456,-0.006243065456,0,0,0.002376030975,-0.008619096431,1.067613123,-0.0176646993,8,8,0.01180069785
2023-07-03,-0.002851890379,-0.004198764236,0.001346873857,1.346873857,0.002754712956,-0.005606603335,1.085384376,-0.02405796017,8,8,0.001150656708
2023-07-05,6.654892416e-05,6.654892416e-05,0,0,0.0003516709404,-0.0002851220162,1,0,8,8,-0.001487310714
2023-07-06,0.000499834943,0.000499834943,0,0,-0.007467017746,0.007966852689,1.000570206,6.654449569e-05,8,8,-0.007830645379
2023-07-07,-0.003947710096,-0.003947710096,0,0,-0.002956175052,-0.0009915350441,0.9846441761,0.0005660964839,8,8,-0.002524520029
2023-07-10,-0.00444202936,-0.00444202936,0,0,-0.001061530093,-0.003380499267,0.9865742452,-0.003395016152,8,8,0.00253090936
2023-07-11,0.001635521172,0.001635521172,0,0,0.006142355757,-0.004506834585,0.9933055066,-0.007872013226,8,8,0.00636861494
2023-07-12,-0.001517882077,-0.001517882077,0,0,0.003559282313,-0.00507716439,1.002315389,-0.006226308794,8,8,0.00804589793
2023-07-13,-0.002949755477,-0.002949755477,0,0,0.004374252762,-0.007324008239,1.012488674,-0.007755963509,8,8,0.007936863608
2023-07-14,0.004324226305,0.004324226305,0,0,0.003825774474,0.0004984518308,1.027216974,-0.01073739167,8,8,-0.0006228156708
2023-07-17,-0.01049361355,-0.01049361355,0,0,-0.004018710592,-0.006474902955,1.026107177,-0.006385552786,8,8,0.003472216102
2023-07-18,-0.006150165827,-0.006150165827,0,0,0.004739286961,-0.01088945279,1.039471178,-0.01705816816,8,8,0.007430576751
2023-07-19,0.006160344488,0.006160344488,0,0,0.003940712391,0.002219632097,1.061629113,-0.02335195236,8,8,0.002223715827
2023-07-20,0.02050998836,0.02050998836,0,0,0.002558607643,0.01795138071,1.056839697,-0.01708635007,8,8,-0.006634494654
2023-07-21,0.01036674896,0.01036674896,0,0,0.004873724363,0.005493024602,1.020516149,0.003354830744,8,8,0
2023-07-24,-0.002863233582,-0.002863233582,0,0,0.0008702052539,-0.003733438836,1.009432318,0.01358079106,8,8,0.004467341506
2023-07-25,-0.003215336038,-0.003215336038,0,0,-0.002240308063,-0.0009750279751,1.01694772,0.01074833246,8,8,0.00273013616
2023-07-26,0.006860760278,0.006860760278,0,0,0.003327930713,0.003532829565,1.018958735,0.007557295668,8,8,0.0001536415089
2023-07-27,0.003563815864,0.003563815864,0,0,-5.552773997e-05,0.003619343604,1.011812036,0.01431981115,8,8,-0.006629979178
2023-07-28,-0.006414700851,-0.006414700851,0,0,0.00209495373,-0.008509654581,1.004557109,0.01782011939,8,8,0.00979033492
2023-07-31,-0.00529440194,-0.00529440194,0,0,0.002499974998,-0.007794376938,1.021715718,0.01147905324,8,8,0.001903933807
2023-08-01,-0.007581105687,-0.00925542066,0.001674314973,1.674314973,-0.002785721985,-0.004795383702,1.037503028,0.006217569608,8,8,-0.002861441083
2023-08-02,0.004348161969,0.004348161969,0,0,-0.007122816081,0.01147097805,1,0,8,8,-0.01391087138
2023-08-03,-0.0006439520283,-0.0006439520283,0,0,-0.001267411454,0.0006234594261,0.9771573674,0.00432933731,8,8,-0.002865870316
2023-08-04,0.0002495260947,0.0002495260947,0,0,-0.001260380139,0.001509906234,0.975894926,0.003687760022,8,8,-0.00452274535
2023-08-07,-0.003590702925,-0.003590702925,0,0,0.004904217035,-0.008494919961,0.9728818802,0.003936303906,8,8,0.008728562672
2023-08-08,0.001853445713,0.001853445713,0,0,-0.00198593826,0.003839383973,0.9898352214,0.0003468464029,8,8,-0.004348656031
2023-08-09,0.002788860668,0.002788860668,0,0,-0.002997097148,0.005785957815,0.9821894644,0.002196221538,8,8,-0.006685452863
2023-08-10,0.001954185598,0.001954185598,0,0,0.002299869013,-0.0003456834152,0.9706992644,0.004971218171,8,8,0.0003590889842
2023-08-11,0.002163696409,0.002163696409,0,0,-0.0001855324186,0.002349228828,0.9714464302,0.00691189664,8,8,-0.0005830171032
2023-08-14,-0.004346024549,-0.004346024549,0,0,0.002303065856,-0.006649090405,0.9668197645,0.009055998618,8,8,0.005519965182
2023-08-15,0.002087772175,0.002087772175,0,0,-0.003676732584,0.005764504759,0.9800311602,0.004730533081,8,8,-0.0116489028
2023-08-16,0.002545954265,0.002545954265,0,0,-0.003097820155,0.00564377442,0.968567774,0.006804099846,8,8,-0.007338015399
2023-08-17,-0.0002432524611,-0.0002432524611,0,0,-0.002898682475,0.002655430014,0.9573887116,0.009326309753,8,8,-0.007619944634
2023-08-18,0.0022601868,0.0022601868,0,0,0.0008525745115,0.001407612289,0.9520661916,0.009085267305,8,8,0.0004813736356
2023-08-21,-0.007996888611,-0.007996888611,0,0,0.000158308716,-0.008155197327,0.9493654106,0.01131986909,8,8,0.006506230354
2023-08-22,0.0008705962594,0.0008705962594,0,0,-0.003112228596,0.003982824855,0.9653991058,0.0033497682,8,8,-0.002708630796
2023-08-23,-0.001778620639,-0.001778620639,0,0,0.003231993889,-0.005010614528,0.9574704821,0.004216693421,8,8,0.01113773896
2023-08-24,-0.00109343615,-0.00109343615,0,0,-0.00912529489,0.00803185874,0.9674337882,0.002442416915,8,8,-0.01385885756
2023-08-25,0.003023817977,0.003023817977,0,0,0.005035043224,-0.002011225246,0.9513168388,0.001350457404,8,8,0.007049506639
2023-08-28,-0.003969965577,-0.003969965577,0,0,0.00143474193,-0.005404707507,0.955473928,0.004361088244,8,8,0.006341376385
2023-08-29,-0.002204416698,-0.002204416698,0,0,0.005814845506,-0.008019262204,0.9661489556,0.0003926815999,8,8,0.01445468889
2023-08-30,-0.00192622505,-0.00192622505,0,0,0.0003573886866,-0.002283613737,0.982148127,-0.001815737741,8,8,0.004119012049
2023-08-31,-0.003392803909,-0.003392803909,0,0,-0.003308722341,-8.408156809e-05,0.9866897159,-0.003749184564,8,8,-0.001463501041
2023-09-01,-0.0009994837153,-0.002496592292,0.001497108577,1.497108577,0.0008068171268,-0.001806300842,0.9868131386,-0.007166302332,8,8,0.001865239768
2023-09-05,-0.004906062494,-0.004906062494,0,0,-0.004074409983,-0.0008316525116,1,0,8,8,-0.004321914266
2023-09-06,2.823920315e-05,2.823920315e-05,0,0,-0.003072351439,0.003100590642,1.001671506,-0.004930250612,8,8,-0.006722583959
2023-09-07,0.0002545557318,0.0002545557318,0,0,-0.0008835401656,0.001138095897,0.9954704522,-0.004901872984,8,8,-0.003070160711
2023-09-08,-0.0005643166679,-0.0005643166679,0,0,0.0007136353759,-0.001277952044,0.9931959924,-0.004646134552,8,8,0.001506055089
2023-09-11,0.0001739094124,0.0001739094124,0,0,0.00228993094,-0.002116021527,0.9957494978,-0.005213393225,8,8,0.006576647338
2023-09-12,0.01320369166,0.01320369166,0,0,0.0001558718618,0.0130478198,0.9999815441,-0.005038607551,8,8,-0.005485571123
2023-09-13,-0.003008213489,-0.003008213489,0,0,0.002327656331,-0.00533586982,0.9742262136,0.008058679791,8,8,0.001166109193
2023-09-14,0.00405267408,0.00405267408,0,0,0.008105203339,-0.004052529259,0.984852386,0.005065705024,8,8,0.008622335423
2023-09-15,0.005038911949,0.005038911949,0,0,-0.004562408387,0.009601320336,0.9929858705,0.009081574443,8,8,-0.01204831734
2023-09-18,-0.001337663802,-0.001337663802,0,0,-0.001082655585,-0.000255008217,0.9739146715,0.01404969123,8,8,0.000586289539
2023-09-19,-0.001149252358,-0.001149252358,0,0,-0.002055558275,0.0009063059174,0.9743904309,0.01272905463,8,8,-0.002073686748
2023-09-20,0.005304087432,0.005304087432,0,0,-0.001797199808,0.00710128724,0.9725462678,0.0115931257,8,8,-0.009193334898
2023-09-21,0.009495681485,0.009495681485,0,0,-0.005091491059,0.01458717254,0.9585634763,0.0168080617,8,8,-0.01652836062
2023-09-22,-0.002928103559,-0.002928103559,0,0,-0.0008769940549,-0.002051109505,0.9300533226,0.02605632066,8,8,-0.002248501529
2023-09-25,-0.001411153368,-0.001411153368,0,0,0.001124169498,-0.002535322865,0.933962176,0.0231961378,8,8,0.004205136133
2023-09-26,0.001579536992,0.001579536992,0,0,-0.006566895418,0.00814643241,0.9389466661,0.02181576983,8,8,-0.01469125277
2023-09-27,-0.009083812015,-0.009083812015,0,0,-0.005430093328,-0.003653718688,0.9227757798,0.02335841134,8,8,0.0003991290167
2023-09-28,-0.001290849584,-0.001290849584,0,0,0.002713599455,-0.004004449038,0.9294422842,0.01440545578,8,8,0.00579747168
2023-09-29,0.001049484408,0.001049484408,0,0,0.0006203061905,0.0004291782173,0.9373703368,0.01313155706,8,8,-0.002426943276
2023-10-02,-0.01159703572,-0.01320714918,0.001610113458,1.610113458,-0.005866001977,-0.005731033747,0.9365785402,0.01416617429,8,8,-0.0003976351306
2023-10-03,-0.0007198182369,-0.0007198182369,0,0,-0.005185070469,0.004465252232,1,0,8,8,-0.01338609567
2023-10-04,0.003127721814,0.003127721814,0,0,-0.0005274756918,0.003655197506,0.9910630626,-0.0007203367484,8,8,0.007281911588
2023-10-05,0.0005008470161,0.0005008470161,0,0,-0.0004401828738,0.0009410298899,0.9838033262,0.002399878912,8,8,-0.0003767868946
2023-10-06,0.004426802821,0.004426802821,0,0,0.00671789327,-0.002291090449,0.9819303166,0.002899273836,8,8,0.01187285189
2023-10-09,-0.007472102582,-0.007472102582,0,0,0.0006174593845,-0.008089561966,0.9865719409,0.007293788493,8,8,0.00640205082
2023-10-10,0.003396075855,0.003396075855,0,0,0.00376265073,-0.000366574875,1.002771776,-0.0001796565009,8,8,0.00520484018
2023-10-11,0.006793051745,0.006793051745,0,0,0.003731119115,0.00306193263,1.003493063,0.00320553312,8,8,0.004096402609
2023-10-12,-0.003662568449,-0.003662568449,0,0,-0.003780234337,0.0001176658883,0.9973869482,0.009931122238,8,8,-0.006096530057
2023-10-13,-0.00952978661,-0.00952978661,0,0,-0.004813122482,-0.004716664128,0.9971411457,0.006291597194,8,8,-0.004980803003
2023-10-16,0.000427224236,0.000427224236,0,0,0.003600124388,-0.003172900152,1.00663773,-0.003269345581,8,8,0.01052149614
2023-10-17,-0.006360619445,-0.006360619445,0,0,-0.004336425366,-0.002024194079,1.012977986,-0.002840907641,8,8,-4.582391729e-05
2023-10-18,-0.007709635094,-0.007709635094,0,0,-0.008639108588,0.0009294734935,1.017135366,-0.009260429151,8,8,-0.01332523571
2023-10-19,0.00949789035,0.00949789035,0,0,0.005594920153,0.003902970197,1.015395109,-0.01710191376,8,8,-0.008786451823
2023-10-20,-0.002579270795,-0.002579270795,0,0,-0.00747436184,0.004895091045,1.007517766,-0.007532480734,8,8,-0.01228790537
2023-10-23,0.006481395915,0.006481395915,0,0,0.002304134145,0.00417726177,0.9977217075,-0.01013789992,8,8,-0.001733154597
2023-10-24,0.008035720687,0.008035720687,0,0,0.006862778515,0.001172942172,0.9894356557,-0.003632957367,8,8,0.007539391568
2023-10-25,-0.003227319752,-0.003227319752,0,0,-0.006285585548,0.003058265796,0.9871926873,0.004367665976,8,8,-0.0143522655
2023-10-26,-0.002808417477,-0.002808417477,0,0,-0.007748081408,0.004939663931,0.9810148847,0.001144038401,8,8,-0.01197453913
2023-10-27,0.005386721997,0.005386721997,0,0,-0.002946097367,0.008332819364,0.9710542651,-0.001669066511,8,8,-0.00453281451
2023-10-30,0.001735495595,0.001735495595,0,0,0.00870325429,-0.006967758695,0.9546330058,0.003697736806,8,8,0.01195587326
2023-10-31,0.004390771165,0.004390771165,0,0,0.00537520851,-0.0009844373449,0.9686229778,0.005423819386,8,8,0.006280091011
2023-11-01,0.005278216986,0.003656594233,0.001621622753,1.621622753,0.006845682197,-0.001567465212,0.9707204125,0.009771685316,8,8,0.01066484509
2023-11-02,0.005752573333,0.005752573333,0,0,0.01321496419,-0.007462390855,1,0,8,8,0.01916426516
2023-11-03,0.002413727632,0.002413727632,0,0,0.004523089807,-0.002109362175,1.014839417,0.005719670509,8,8,0.00912345429
2023-11-06,-0.003048424749,-0.003048424749,0,0,-0.001019728859,-0.00202869589,1.019012251,0.008113813605,8,8,0.002300344805
2023-11-07,-0.004009641831,-0.004009641831,0,0,-0.001507412198,-0.002502229633,1.023140184,0.005080877529,8,8,0.002846046236
2023-11-08,-0.0007655457635,-0.0007655457635,0,0,-0.001168894085,0.0004033483213,1.028257947,0.00107554826,8,8,0.0007325562746
2023-11-09,-0.001090136476,-0.001090136476,0,0,-0.006692087028,0.005601950552,1.027472282,0.0003102399999,8,8,-0.007798828768
2023-11-10,-0.0002937946934,-0.0002937946934,0,0,0.006512943059,-0.006806737752,1.016286135,-0.0007807475974,8,8,0.01560478898
2023-11-13,0.006216087685,0.006216087685,0,0,0.003557099631,0.002658988054,1.029908397,-0.001074858078,8,8,-0.000953181078
2023-11-14,0.004440651406,0.004440651406,0,0,0.01159619274,-0.007155541337,1.024438509,0.005109468701,8,8,0.01940077237
2023-11-15,0.004606760067,0.004606760067,0,0,0.005414425457,-0.0008076653903,1.038578279,0.009507898842,8,8,0.002117086058
2023-11-16,-0.007037568377,-0.007037568377,0,0,-0.004217594354,-0.002819974023,1.040009297,0.01404993423,8,8,0.001223092011
2023-11-17,0.005542598547,0.005542598547,0,0,0.003896748838,0.001645849709,1.045972781,0.007062065625,8,8,0.001243822777
2023-11-20,-0.0005253651575,-0.0005253651575,0,0,0.002298745642,-0.0028241108,1.042445822,0.01253518666,8,8,0.007697625668
2023-11-21,0.001721334856,0.001721334856,0,0,0.001652394278,6.894057755e-05,1.048119324,0.01201613437,8,8,-0.002179354716
2023-11-22,-0.008083812183,-0.008083812183,0,0,-0.003708091892,-0.004375720291,1.047898992,0.01371386307,8,8,0.003860763751
2023-11-24,-0.001039318197,-0.001039318197,0,0,8.367528862e-08,-0.001039401872,1.057112117,0.005675934073,8,8,0.0006153992155
2023-11-27,-0.0018316856,-0.0018316856,0,0,-0.001694928273,-0.000136757327,1.059252503,0.004641439809,8,8,-0.001800968725
2023-11-28,0.001826251125,0.001826251125,0,0,0.003077787389,-0.001251536264,1.05963525,0.00281491024,8,8,0.0009901425393
2023-11-29,9.847502739e-05,9.847502739e-05,0,0,-0.000997470341,0.001095945368,1.062025049,0.00463270089,8,8,-0.0007036408017
2023-11-30,-0.006518964869,-0.006518964869,0,0,-0.003508736145,-0.003010228724,1.059827267,0.00473071006,8,8,0.003937566631
2023-12-01,-0.0005511550349,-0.002124669108,0.001573514074,1.573514074,-0.0001564719436,-0.0003946830913,1.0662798,-0.001799988873,8,8,0.005915932849
2023-12-04,0.006521515507,0.006521515507,0,0,0.0008375689602,0.005683946547,1,0,8,8,-0.005249414753
2023-12-05,-0.0009817747714,-0.0009817747714,0,0,-0.001913156735,0.0009313819631,0.9887057625,0.006479260907,8,8,-0.0001968490467
2023-12-06,-0.0004619185964,-0.0004619185964,0,0,-0.003554124736,0.00309220614,0.9868300686,0.005502888733,8,8,-0.004029978104
2023-12-07,-0.004469950941,-0.004469950941,0,0,-0.0006823006001,-0.003787650341,0.9806367121,0.00504329973,8,8,0.007630287287
2023-12-08,-0.001109727991,-0.001109727991,0,0,0.002482837736,-0.003592565727,0.9881590844,0.0005759231375,8,8,0.00429917905
2023-12-11,-0.0004243669038,-0.0004243669038,0,0,0.002492756473,-0.002917123376,0.9953390435,-0.0005343978899,8,8,0.003889531169
2023-12-12,-0.004707390891,-0.004707390891,0,0,-0.001642125161,-0.003065265731,1.001173788,-0.0009591718344,8,8,0.004567281101
2023-12-13,-0.006440593888,-0.006440593888,0,0,0.001405037025,-0.007845630913,1.007338867,-0.005693363614,8,8,0.01379020039
2023-12-14,-0.003971505694,-0.003971505694,0,0,0.003373046431,-0.007344552126,1.023179418,-0.01221261399,8,8,0.003209298082
2023-12-15,-0.004972643817,-0.004972643817,0,0,0.0001494852417,-0.005122129059,1.038019517,-0.01624865129,8,8,-0.001646595703
2023-12-18,0.002426264831,0.002426264831,0,0,0.003474187694,-0.001047922863,1.048504973,-0.02132734842,8,8,0.005625222475
2023-12-19,-0.000362935364,-0.000362935364,0,0,0.005503983628,-0.005866918992,1.050478345,-0.01885533555,8,8,0.006080879494
2023-12-20,0.004712600553,0.004712600553,0,0,-0.005535167298,0.01024776785,1.06223477,-0.01922524844,8,8,-0.01385726263
2023-12-21,-0.004270449205,-0.004270449205,0,0,0.003405263772,-0.007675712978,1.041543457,-0.01444457636,8,8,0.009481878761
2023-12-22,0.004994474512,0.004994474512,0,0,0.004051515434,0.0009429590779,1.057138891,-0.0187952899,8,8,0.002009663437
2023-12-26,-0.002143482488,-0.002143482488,0,0,0.001471128853,-0.003614611341,1.054978385,-0.01373223011,8,8,0.004222535037
2023-12-27,-0.001216557235,-0.001216557235,0,0,0.0007801682944,-0.00199672553,1.062341235,-0.01590981501,8,8,0.001808034999
2023-12-28,0.0005416302614,0.0005416302614,0,0,-0.002193283057,0.002734913319,1.066415484,-0.01714723284,8,8,0.0003777782469
2023-12-29,0.00266876145,0.00266876145,0,0,-0.000296734431,0.002965495881,1.060912665,-0.01659661335,8,8,-0.00289492036
2024-01-02,0.01840228179,0.01711139404,0.001290887755,1.290887755,0.009909939184,0.008492342609,1.054835331,-0.01389078072,8,8,-0.005596383487
2024-01-03,0.006255609793,0.006255609793,0,0,-0.00221913866,0.008474748453,1,0,8,8,-0.008166680635
2024-01-04,-0.00482681078,-0.00482681078,0,0,-0.003345147023,-0.001481663756,0.9831558734,0.006216720416,8,8,-0.003221075306
2024-01-05,-0.004755325657,-0.004755325657,0,0,-0.0005343128576,-0.0042210128,0.9860518759,0.001396651006,8,8,0.001369668642
2024-01-08,0.004606159846,0.004606159846,0,0,0.003863067624,0.0007430922225,0.9944675931,-0.003374722556,8,8,0.01427598463
2024-01-09,1.834416256e-05,1.834416256e-05,0,0,-0.002489295189,0.002507639352,0.9930135892,0.001225791101,8,8,-0.001517061678
2024-01-10,-0.001376176022,-0.001376176022,0,0,2.830515195e-06,-0.001379006537,0.9879985307,0.001244112441,8,8,0.005655265512
2024-01-11,0.002065818162,0.002065818162,0,0,0.001791773874,0.0002740442874,0.9907438056,-0.0001322455738,8,8,-0.0004404751617
2024-01-12,0.003368115472,0.003368115472,0,0,0.0004719797704,0.002896135702,0.9902159291,0.001929586413,8,8,0.0006926499838
2024-01-16,0.003924369834,0.003924369834,0,0,-0.002772030711,0.006696400545,0.9844759445,0.005279918511,8,8,-0.003671306902
2024-01-17,-0.0005099597357,-0.0005099597357,0,0,-0.002681914025,0.002171954289,0.9711961803,0.009168308511,8,8,-0.00555862923
2024-01-18,-0.004881143551,-0.004881143551,0,0,0.0008655328307,-0.005746676382,0.9668353591,0.008662766438,8,8,0.008892810925
2024-01-19,-0.008365123855,-0.008365123855,0,0,0.00234654366,-0.01071166751,0.9782224123,0.003800172072,8,8,0.0124662156
2024-01-22,-0.00190168287,-0.00190168287,0,0,0.001282765569,-0.00318444844,0.999642759,-0.004603460299,8,8,0.002114126191
2024-01-23,0.004853650045,0.004853650045,0,0,0.00406096589,0.000792684155,1.00602311,-0.006517537458,8,8,0.002916674172
2024-01-24,-0.0002398552849,-0.0002398552849,0,0,0.001414745838,-0.001654601123,1.004416306,-0.001655850495,8,8,0.001093197981
2024-01-25,0.002216834998,0.002216834998,0,0,0.002887031835,-0.0006701968368,1.007727362,-0.001896160584,8,8,0.005438906348
2024-01-26,-0.0005792929275,-0.0005792929275,0,0,0.002242896561,-0.002822189488,1.009047698,0.0003199651039,8,8,-0.00127046296
2024-01-29,-0.0002048016244,-0.0002048016244,0,0,0.003615450624,-0.003820252248,1.014700593,-0.0002594781374,8,8,0.007919372813
2024-01-30,-0.002923440467,-0.002923440467,0,0,0.000323053168,-0.003246493635,1.022345674,-0.0004643748665,8,8,-0.0007735561049
2024-01-31,-0.0002680829831,-0.0002680829831,0,0,-0.005088461078,0.004820378095,1.028923217,-0.003397748449,8,8,-0.01631732668
2024-02-01,0.0004517964239,-0.0009645092468,0.001416305671,1.416305671,0.004770193364,-0.00431839694,1.019287631,-0.003666814443,8,8,0.01308837651
2024-02-02,-0.01954145547,-0.01954145547,0,0,-0.002671819149,-0.01686963632,1,0,8,8,0.01052729532
2024-02-05,-0.007742070854,-0.007742070854,0,0,-0.006019371868,-0.001722698986,1.034411728,-0.01993093495,8,8,-0.003641195932
2024-02-06,0.0127050035,0.0127050035,0,0,0.01094070298,0.001764300522,1.038152505,-0.02788892383,8,8,0.0029033178
2024-02-07,-0.003072394235,-0.003072394235,0,0,0.004342059536,-0.007414453771,1.034189526,-0.01499342876,8,8,0.00834043214
2024-02-08,0.0003995314487,0.0003995314487,0,0,0.000572772514,-0.0001732410653,1.049169502,-0.01812149939,8,8,0.0004416873593
2024-02-09,-0.001372270283,-0.001372270283,0,0,5.868668028e-05,-0.001430956964,1.049496209,-0.01771489028,8,8,0.005779398672
2024-02-12,0.002070757633,0.002070757633,0,0,0.0004025797872,0.001668177845,1.052430071,-0.0191133893,8,8,-0.000439018185
2024-02-13,-0.006055337034,-0.006055337034,0,0,-0.01036170756,0.004306370524,1.048992264,-0.01700741344,8,8,-0.01377298947
2024-02-14,-0.006676016171,-0.006676016171,0,0,0.002610641988,-0.009286658159,1.040625524,-0.023203254,8,8,0.009087603235
2024-02-15,0.00352328162,0.00352328162,0,0,0.008518443133,-0.004995161513,1.059596709,-0.0300800853,8,8,0.006899730653
2024-02-16,0.0005008695771,0.0005008695771,0,0,-0.001672221543,0.00217309112,1.069342718,-0.02646356509,8,8,-0.004979911268
2024-02-20,0.002840112264,0.002840112264,0,0,-0.002877817678,0.005717929943,1.064963997,-0.0259496981,8,8,-0.005505444268
2024-02-21,0.006803004059,0.006803004059,0,0,0.003834303238,0.002968700821,1.053376542,-0.0230441379,8,8,0.0009058194581
2024-02-22,-0.01813520952,-0.01813520952,0,0,0.002097916369,-0.02023312589,1.047118593,-0.01613139191,8,8,0.02069542647
2024-02-23,-0.002946947675,-0.002946947675,0,0,-0.002771606226,-0.0001753414483,1.089202551,-0.03489951138,8,8,0.0006896580348
2024-02-26,-0.003205942477,-0.003205942477,0,0,-0.0006954301888,-0.002510512288,1.089817923,-0.03795832024,8,8,-0.003662455593
2024-02-27,-0.001978861947,-0.001978861947,0,0,1.562791575e-05,-0.001994489862,1.095143974,-0.04129665743,8,8,0.001857810431
2024-02-28,0.005345454918,0.005345454918,0,0,0.002740782821,0.002604672097,1.099329513,-0.04336132545,8,8,-0.001321702779
2024-02-29,-0.00605618163,-0.00605618163,0,0,-0.002052671013,-0.004003510618,1.093619729,-0.03781373889,8,8,0.003594905952
2024-03-01,-0.01117470977,-0.01279851978,0.001623810012,1.623810012,-0.001084459271,-0.01009025049,1.10224597,-0.04413722357,8,8,0.009388331286
2024-03-04,-0.007272924838,-0.007272924838,0,0,-0.003614785518,-0.00365813932,1,0,8,8,-0.001072460245
2024-03-05,-0.002298192237,-0.002298192237,0,0,-0.00779521177,0.005497019533,1.007369879,-0.007326207797,8,8,-0.009994008149
2024-03-06,-0.001514257293,-0.001514257293,0,0,0.0009736467418,-0.002487904035,0.9963674919,-0.009646569705,8,8,0.005067066966
2024-03-07,-0.005452703884,-0.005452703884,0,0,0.005966092698,-0.01141879658,1.001345337,-0.01117775299,8,8,0.009926452812
2024-03-08,0.01163154358,0.01163154358,0,0,0.001366376885,0.0102651667,1.024315516,-0.016721635,8,8,-0.006002209547
2024-03-11,0.01176522305,0.01176522305,0,0,0.006123731537,0.005641491509,1.003741661,-0.005031566532,8,8,-0.0008597399462
2024-03-12,-0.0006863588496,-0.0006863588496,0,0,0.008555354225,-0.009241713074,0.9925463716,0.006655354781,8,8,0.01075728796
2024-03-13,0.001772220941,0.001772220941,0,0,0.0009033371856,0.0008688837555,1.011037373,0.005973095618,8,8,-0.001567468775
2024-03-14,0.003159161823,0.003159161823,0,0,0.0004731039178,0.002686057905,1.009283154,0.00773161443,8,8,-0.001976822
2024-03-15,-0.005077907772,-0.005077907772,0,0,-0.009281839911,0.004203932139,1.003898722,0.01085647888,8,8,-0.006866585383
2024-03-18,0.002116801429,0.002116801429,0,0,0.006655309985,-0.004538508556,0.9954678434,0.005808063921,8,8,0.0059431556
2024-03-19,0.002481473422,0.002481473422,0,0,0.004651933942,-0.00217046052,1.00453526,0.007908125419,8,8,0.005557150184
2024-03-20,-0.004065456285,-0.004065456285,0,0,0.003815549059,-0.007881005344,1.00885421,0.01036388114,8,8,0.009249402913
2024-03-21,-0.01099796342,-0.01099796342,0,0,-0.004805980732,-0.006191982689,1.024716705,0.006324135356,8,8,0.003304671292
2024-03-22,-0.0008662024125,-0.0008662024125,0,0,-0.0002600240521,-0.0006061783604,1.03751324,-0.004725802266,8,8,-0.001895873233
2024-03-25,-0.002676646848,-0.002676646848,0,0,-0.001353700452,-0.001322946396,1.03875917,-0.005596852686,8,8,-0.002762893714
2024-03-26,0.004374103053,0.004374103053,0,0,0.0002468764546,0.004127226598,1.041516187,-0.008295704205,8,8,-0.001846851404
2024-03-27,0.003877980949,0.003877980949,0,0,0.004708587083,-0.0008306061336,1.033116877,-0.003904522368,8,8,0.008403683188
2024-03-28,-0.0002012181008,-0.0002012181008,0,0,0.0001588389708,-0.0003600570716,1.034643741,-2.643888972e-05,8,8,-0.0001910390066
2024-04-01,-0.001796183574,-0.003229793439,0.001433609866,1.433609866,-0.0008648859441,-0.0009312976295,1.035370973,-0.0002277028085,8,8,-0.001739871635
2024-04-02,-0.009975463503,-0.009975463503,0,0,-0.01002950506,5.404155966e-05,1,0,8,8,-0.006358016551
2024-04-03,-0.005537355617,-0.005537355617,0,0,-0.002485379665,-0.003051975952,0.9998908278,-0.01007597603,8,8,0.001098474941
2024-04-04,0.0009457059936,0.0009457059936,0,0,-0.00449067309,0.005436379084,1.00602816,-0.01570026963,8,8,-0.01220609119
2024-04-05,-0.01002537718,-0.01002537718,0,0,-0.003190522778,-0.006834854398,0.9951599789,-0.01474062334,8,8,0.01044698004
2024-04-08,0.003201254049,0.003201254049,0,0,0.002598070149,0.0006031839002,1.008919105,-0.0250168034,8,8,0.0005593745935
2024-04-09,0.003665772861,0.003665772861,0,0,0.003658931521,6.841339693e-06,1.007688126,-0.02174593509,8,8,0.001156671394
2024-04-10,-0.005967417032,-0.005967417032,0,0,-0.008062493301,0.002095076269,1.007646413,-0.01801412654,8,8,-0.01001304459
2024-04-11,-0.0005003439389,-0.0005003439389,0,0,0.003369084183,-0.003869428122,1.003477009,-0.02412551055,8,8,0.00754680152
2024-04-12,0.003638549356,0.003638549356,0,0,-0.004442117754,0.00808066711,1.01122148,-0.02463818205,8,8,-0.01380302853
2024-04-15,-0.0001054365555,-0.0001054365555,0,0,-0.004662815817,0.004557379262,0.9950780545,-0.0209235015,8,8,-0.0125281667
2024-04-16,0.004276197365,0.004276197365,0,0,0.0006421887618,0.003634008603,0.9859618159,-0.02103115551,8,8,-0.001823849762
2024-04-17,0.002805108045,0.002805108045,0,0,0.002004109605,0.0008009984401,0.9787845202,-0.01668361571,8,8,-0.005918175895
2024-04-18,0.0005054270146,0.0005054270146,0,0,0.0005671332937,-6.170627907e-05,0.9772463498,-0.01383968585,8,8,-0.0020577058
2024-04-19,0.002138589272,0.002138589272,0,0,-0.001667582067,0.003806171338,0.9773811945,-0.01332752275,8,8,-0.008728460168
2024-04-22,-0.007429337161,-0.007429337161,0,0,-0.001251152194,-0.006178184967,0.9698333659,-0.01116505601,8,8,0.009209198134
2024-04-23,-0.005244550599,-0.005244550599,0,0,0.001377337496,-0.006621888095,0.982056427,-0.01873357119,8,8,0.0118667003
2024-04-24,0.007600464102,0.007600464102,0,0,0.006199829615,0.001400634487,0.9952754249,-0.02410453926,8,8,-0.0004747763298
2024-04-25,0.006725230212,0.006725230212,0,0,0.00303061145,0.003694618762,0.9925309243,-0.01637958273,8,8,-0.003798712571
2024-04-26,-0.01011645625,-0.01011645625,0,0,-0.0007677285524,-0.009348727697,0.9852409449,-0.009589858511,8,8,0.009473766377
2024-04-29,0.01173244708,0.01173244708,0,0,0.01200040213,-0.0002679550585,1.00397865,-0.01990771024,8,8,0.003541489
2024-04-30,-0.0004445650083,-0.0004445650083,0,0,-0.0111269468,0.01068238179,1.004462208,-0.0080804596,8,8,-0.01584122717
2024-05-01,0.004528519131,0.002913633437,0.001614885694,1.614885694,0.002152908679,0.002375610452,0.9830899264,-0.008528816222,8,8,-0.003247087919
2024-05-02,0.003602317616,0.003602317616,0,0,0.006320030198,-0.002717712582,1,0,8,8,0.009353387029
2024-05-03,0.004471243872,0.004471243872,0,0,0.007305090458,-0.002833846586,1.005415915,0.003589387502,8,8,0.01239527049
2024-05-06,0.001235060034,0.001235060034,0,0,0.005599791782,-0.004364731748,1.011034272,0.008024750757,8,8,0.01032685747
2024-05-07,-1.831181219e-05,-1.831181219e-05,0,0,0.001067908038,-0.001086219851,1.019739356,0.009248388476,8,8,0.001103484093
2024-05-08,0.001400244753,0.001400244753,0,0,0.001075192753,0.0003250520005,1.021912197,0.009230245686,8,8,9.654236519e-05
2024-05-09,-0.001272168457,-0.001272168457,0,0,0.0022094204,-0.003481588857,1.021232362,0.01061562596,8,8,0.005761986596
2024-05-10,0.0003008004089,0.0003008004089,0,0,-8.777111676e-05,0.0003885715256,1.028231455,0.009355359101,8,8,0.001288048121
2024-05-13,-0.003112203846,-0.003112203846,0,0,-0.001843144083,-0.001269059763,1.027446056,0.009653255806,8,8,0.0001343676453
2024-05-14,0.0006349002243,0.0006349002243,0,0,0.004400711619,-0.003765811395,1.030077784,0.006561472601,8,8,0.004588041611
2024-05-15,0.003912392033,0.003912392033,0,0,0.006303659298,-0.002391267266,1.037585544,0.007191806745,8,8,0.01238312773
2024-05-16,-0.003279426915,-0.003279426915,0,0,-0.00127460942,-0.002004817495,1.042202964,0.01106092411,8,8,-0.002057521145
2024-05-17,0.00261235728,0.00261235728,0,0,0.004104345412,-0.001491988132,1.046364648,0.007807100006,8,8,0.001437543393
2024-05-20,0.003599085916,0.003599085916,0,0,0.0007832438575,0.002815842058,1.049220044,0.01039230886,8,8,0.001152053956
2024-05-21,-0.009403826914,-0.009403826914,0,0,-0.00180750395,-0.007596322964,1.043432044,0.01394121913,8,8,0.002452348427
2024-05-22,0.002187966163,0.002187966163,0,0,-0.002914914559,0.005102880721,1.05918122,0.004580466129,8,8,-0.002879043147
2024-05-23,-0.001036309858,-0.001036309858,0,0,-0.009860059763,0.008823749905,1.048868536,0.006753655522,8,8,-0.007304279477
2024-05-24,-0.003441384044,-0.003441384044,0,0,0.0007379659614,-0.004179350006,1.031253424,0.005723276752,8,8,0.006616513576
2024-05-28,0.002740879372,0.002740879372,0,0,0.0001306277784,0.002610251594,1.039748916,0.002289772695,8,8,0.0006987514583
2024-05-29,6.407128728e-06,6.407128728e-06,0,0,-0.003351621321,0.003358028449,1.034434033,0.005016901346,8,8,-0.007002511477
2024-05-30,-0.01631885573,-0.01631885573,0,0,-0.0153731899,-0.000945665834,1.027717799,0.00502327629,8,8,-0.006633756723
2024-05-31,0.002967430381,0.002967430381,0,0,0.008862681662,-0.005895251282,1.030100333,-0.01148296835,8,8,0.00910815368
2024-06-03,0.00724729376,0.005573322341,0.001673971419,1.673971419,0.003581561238,0.003665732523,1.041766895,-0.008490343464,8,8,0.0008152404199
2024-06-04,-0.001124670303,-0.001124670303,0,0,-5.000726814e-05,-0.001074663034,1,0,8,8,0.001118008705
2024-06-05,-0.007258416523,-0.007258416523,0,0,0.0001692305943,-0.007427647117,1.002151746,-0.00112593661,8,8,0.01188494262
2024-06-06,0.006851156907,0.006851156907,0,0,0.00268921124,0.004161945666,1.017131387,-0.008445655216,8,8,-1.84057804e-05
2024-06-07,0.002838433864,0.002838433864,0,0,0.0001932371858,0.002645196678,1.008747565,-0.001583648486,8,8,-0.001215741757
2024-06-10,9.668989991e-05,9.668989991e-05,0,0,0.0005192962142,-0.0004226063143,1.003447386,0.001251233834,8,8,0.003089653476
2024-06-11,0.0009993108655,0.0009993108655,0,0,-0.0008101566766,0.001809467542,1.004292184,0.001347793416,8,8,0.002408338954
2024-06-12,-0.008611031487,-0.008611031487,0,0,-0.004331636408,-0.004279395079,1.000672577,0.002344761136,8,8,0.00821299265
2024-06-13,-0.008033891837,-0.008033891837,0,0,-0.004392043709,-0.003641848128,1.009311549,-0.006320698081,8,8,0.002013394067
2024-06-14,0.007669972274,0.007669972274,0,0,0.00989651866,-0.002226546386,1.016729649,-0.01447084714,8,8,0.0006086168451
2024-06-17,-0.001686649877,-0.001686649877,0,0,-0.0006458310686,-0.001040818808,1.021021508,-0.006749109382,8,8,0.007958942716
2024-06-18,-0.004598142734,-0.004598142734,0,0,-0.0005234228517,-0.004074719882,1.023142178,-0.00845001147,8,8,0.002540605288
2024-06-20,0.009724067847,0.009724067847,0,0,0.007752706523,0.001971361324,1.031436166,-0.01310842863,8,8,-0.002716444144
2024-06-21,0.008775778681,0.008775778681,0,0,0.004785015465,0.003990763216,1.02722867,-0.003351767964,8,8,-0.001340951386
2024-06-24,0.002141465749,0.002141465749,0,0,0.001639367692,0.0005020980578,1.019079704,0.005376824892,8,8,-0.00325051079
2024-06-25,-0.002969454381,-0.002969454381,0,0,-0.002551575392,-0.0004178789887,1.018036883,0.007502224883,8,8,0.003850869326
2024-06-26,-0.0003316821732,-0.0003316821732,0,0,0.0008150387544,-0.001146720928,1.018928849,0.004546270445,8,8,0.001248156406
2024-06-27,0.003738449306,0.003738449306,0,0,0.003097549825,0.0006408994815,1.021229332,0.004215986639,8,8,0.001576347119
2024-06-28,0.0004297314299,0.0004297314299,0,0,-0.002271553921,0.002701285351,1.019873238,0.007924809447,8,8,-0.003935065642
2024-07-01,-0.003547650928,-0.004951343776,0.001403692848,1.403692848,0.0001810196851,-0.003728670613,1.014464452,0.008350952211,8,8,0.002058253582
2024-07-02,-0.006870407509,-0.006870407509,0,0,0.0003337293972,-0.007204136907,1,0,8,8,0.006729661529
2024-07-03,-0.008933244842,-0.008933244842,0,0,0.001312603957,-0.0102458488,1.014507949,-0.006917936553,8,8,0.004462634018
2024-07-05,-0.001758989557,-0.001758989557,0,0,0.001275314343,-0.0030343039,1.035315126,-0.01599406025,8,8,0.005766370396
2024-07-08,-0.007921847072,-0.007921847072,0,0,-0.004896177236,-0.003025669836,1.041456655,-0.01778433226,8,8,0.001154096886
2024-07-09,-0.002993894961,-0.002993894961,0,0,-0.001481064469,-0.001512830492,1.047887351,-0.02591144585,8,8,0.0009723970657
2024-07-10,-0.00263771259,-0.00263771259,0,0,0.002871433853,-0.005509146443,1.051065898,-0.02899214023,8,8,0.009895280531
2024-07-11,0.01659526953,0.01659526953,0,0,0.003212774245,0.01338249528,1.062248384,-0.03171350393,8,8,-0.008622675948
2024-07-12,-0.001621650623,-0.001621650623,0,0,0.003428763137,-0.00505041376,1.03490415,-0.01487143886,8,8,0.0063077386
2024-07-15,-0.00663714209,-0.00663714209,0,0,-0.004136740145,-0.002500401945,1.045078078,-0.01651987896,8,8,0.002749841008
2024-07-16,0.006758158636,0.006758158636,0,0,0.007376937569,-0.0006187789332,1.050413484,-0.02331174441,8,8,0.005930226788
2024-07-17,0.0118554604,0.0118554604,0,0,-0.0008659760423,0.01272143645,1.051304319,-0.01644246498,8,8,-0.01402112659
2024-07-18,-0.0009462881545,-0.0009462881545,0,0,-0.002319000415,0.00137271226,1.025558439,-0.004533260688,8,8,-0.007684866404
2024-07-19,0.003538507888,0.003538507888,0,0,-0.003134370865,0.006672878753,1.022834623,-0.005484738986,8,8,-0.006640641031
2024-07-22,-0.00675528952,-0.00675528952,0,0,0.003371848295,-0.01012713781,1.009455407,-0.001939368626,8,8,0.01030996824
2024-07-23,-0.004375342208,-0.004375342208,0,0,-0.004793711559,0.0004183693507,1.029911745,-0.008753792549,8,8,-0.001568619588
2024-07-24,0.02080925599,0.02080925599,0,0,-0.002887671084,0.02369692707,1.029202779,-0.01318683166,8,8,-0.02266253442
2024-07-25,0.004373105553,0.004373105553,0,0,0.002168718084,0.002204387469,0.9821797506,0.007467040768,8,8,-0.005210309056
2024-07-26,0.002537772011,0.002537772011,0,0,0.006647742498,-0.004109970487,0.9778677622,0.01178859356,8,8,0.01119966932
2024-07-29,0.002142808244,0.002142808244,0,0,0.002065217137,7.759110707e-05,0.9861229201,0.01429010055,8,8,0.0005876872127
2024-07-30,0.003892428627,0.003892428627,0,0,-0.003906392222,0.007798820849,0.985997742,0.01639777151,8,8,-0.00506632687
2024-07-31,-0.01755422073,-0.01755422073,0,0,0.002201801777,-0.0197560225,0.9705148691,0.02021152821,8,8,0.01625461525
2024-08-01,0.010964523,0.00934295302,0.001621569976,1.621569976,-0.003588427662,0.01455295066,1.010206074,0.002704787927,8,8,-0.01416098329
2024-08-02,-0.005810608181,-0.005810608181,0,0,-0.01216808253,0.006357474345,1,0,8,8,-0.01861825636
2024-08-05,-0.003359719817,-0.003359719817,0,0,-0.0166779963,0.01331827649,0.9872107379,-0.00584456868,8,8,-0.0291236894
2024-08-06,0.001893907579,0.001893907579,0,0,0.004888511599,-0.00299460402,0.9604412787,-0.009235316573,8,8,0.009219424996
2024-08-07,0.001454081752,0.001454081752,0,0,-0.003018795007,0.004472876758,0.9664939441,-0.007327531327,8,8,-0.006683924717
2024-08-08,0.006436999944,0.006436999944,0,0,0.01299844697,-0.006561447024,0.9576098294,-0.0058649215,8,8,0.02311711741
2024-08-09,0.003314681998,0.003314681998,0,0,0.002899245764,0.0004154362342,0.970919912,0.0005684195277,8,8,0.004409810873
2024-08-12,0.003062477296,0.003062477296,0,0,0.000651291018,0.002411186278,0.9701878573,0.003870272802,8,8,0.0005252878445
2024-08-13,0.003055696435,0.003055696435,0,0,0.01127330152,-0.008217605082,0.9654712283,0.006911583531,8,8,0.01644549611
2024-08-14,-0.0005449754773,-0.0005449754773,0,0,0.0007628483798,-0.001307823857,0.9819615585,0.009936915768,8,8,0.003155011207
2024-08-15,0.003837350817,0.003837350817,0,0,0.008628370087,-0.00479101927,0.9845687965,0.009397061459,8,8,0.01714016309
2024-08-16,-5.292054507e-05,-5.292054507e-05,0,0,0.001571697289,-0.001624617834,0.9941731946,0.01318382133,8,8,0.00224199365
2024-08-19,0.00310814921,0.00310814921,0,0,0.007752338029,-0.004644188819,0.9974222938,0.01313159571,8,8,0.009561431184
2024-08-20,0.001784612798,0.001784612798,0,0,0.0003642932458,0.001420319552,1.006689878,0.01618942577,8,8,-0.001626172206
2024-08-21,-0.0003753223424,-0.0003753223424,0,0,0.001450825444,-0.001826147786,1.003842382,0.01794201901,8,8,0.003436683598
2024-08-22,-0.002252693739,-0.002252693739,0,0,-0.007432377195,0.005179683456,1.007497492,0.01757329232,8,8,-0.007848513426
2024-08-23,-0.004834658832,-0.004834658832,0,0,0.004176790442,-0.009011449274,0.9971316632,0.01535518912,8,8,0.01062538592
2024-08-26,-0.001313358804,-0.001313358804,0,0,-0.002705832433,0.001392473628,1.015228185,0.01057164056,8,8,-0.002384030144
2024-08-27,0.002352385546,0.002352385546,0,0,-0.0002998725504,0.002652258097,1.012459602,0.009270457197,8,8,0.0013731824
2024-08-28,-0.003042552013,-0.003042552013,0,0,-0.004757108229,0.001714556217,1.007138293,0.0115955655,8,8,-0.005805074553
2024-08-29,-0.004684107106,-0.004684107106,0,0,-0.003151475132,-0.001532631974,1.003720501,0.008579115897,8,8,8.919327758e-05
2024-08-30,0.001927351207,0.001927351207,0,0,0.006926690824,-0.004999339617,1.006817699,0.003913339291,8,8,0.009546186583
2024-09-03,-0.00973180166,-0.01150053602,0.00176873436,1.76873436,-0.01587572078,0.006143919117,1.01678403,0.00582945509,8,8,-0.02057902912
2024-09-04,0.002209533842,0.002209533842,0,0,0.001580488365,0.000629045477,1,0,8,8,-0.002046717906
2024-09-05,0.005365836987,0.005365836987,0,0,0.004325505102,0.001040331885,0.9987446827,0.002204662565,8,8,-0.002432293987
2024-09-06,-0.0009891238354,-0.0009891238354,0,0,-0.01386350021,0.01287437637,0.9966818237,0.007530094293,8,8,-0.01682997852
2024-09-09,0.0007894220553,0.0007894220553,0,0,0.007481688071,-0.006692266015,0.9709042917,0.006547446694,8,8,0.01119613659
2024-09-10,0.002272192406,0.002272192406,0,0,0.003006953701,-0.0007347612949,0.9843012167,0.007331081432,8,8,0.004355801009
2024-09-11,-0.007804130556,-0.007804130556,0,0,0.00269728232,-0.01050141288,0.9858029976,0.00958150282,8,8,0.01025884841
2024-09-12,-0.002129788944,-0.002129788944,0,0,0.004012645898,-0.006142434842,1.006859355,0.001791352211,8,8,0.008423235345
2024-09-13,-0.004261346276,-0.004261346276,0,0,0.0004978491778,-0.004759195453,1.019185085,-0.0003391590706,8,8,0.005222671495
2024-09-16,0.002225722329,0.002225722329,0,0,0.001427184224,0.0007985381057,1.028826314,-0.004620193591,8,8,0.001476815859
2024-09-17,0.002989163312,0.002989163312,0,0,0.002490173719,0.0004989895931,1.027168768,-0.002389153669,8,8,0.0004087336229
2024-09-18,0.00250240097,0.00250240097,0,0,-0.0006829736266,0.003185374597,1.026092793,0.0005982214616,8,8,-0.002965714358
2024-09-19,-0.003422612823,-0.003422612823,0,0,0.006845447279,-0.0102680601,1.019672815,0.003092882799,8,8,0.01706426754
2024-09-20,-0.007463652857,-0.007463652857,0,0,-0.002253836466,-0.005209816391,1.040347027,-0.0003308624378,8,8,-0.00172860289
2024-09-23,0.002022218382,0.002022218382,0,0,0.005155654525,-0.003133436143,1.051148414,-0.007853128319,8,8,0.002499014283
2024-09-24,-0.007930197271,-0.007930197271,0,0,0.001397259029,-0.009327456301,1.057299414,-0.00581914236,8,8,0.002861158842
2024-09-25,-0.005244127353,-0.005244127353,0,0,-0.00424617897,-0.0009979483821,1.076561475,-0.01385924619,8,8,-0.002205464991
2024-09-26,-0.002937712616,-0.002937712616,0,0,0.000332001178,-0.003269713794,1.078971508,-0.01920408219,8,8,0.003964581239
2024-09-27,0.00848219729,0.00848219729,0,0,0.004432660541,0.004049536749,1.085762882,-0.02220703269,8,8,-0.001450290254
2024-09-30,-0.0009694054838,-0.0009694054838,0,0,-0.0005658372847,-0.0004035681991,1.07701059,-0.0136093978,8,8,0.004007088786
2024-10-01,0.004418766811,0.002722509562,0.001696257249,1.696257249,-0.0007838476459,0.005202614457,1.077893236,-0.01459294977,8,8,-0.008958389379
2024-10-02,0.0007340217102,0.0007340217102,0,0,-9.147278688e-05,0.0008254944971,1,0,8,8,0.0004222928563
2024-10-03,0.0005930033288,0.0005930033288,0,0,-0.002650373061,0.003243376389,0.998350222,0.0007334833175,8,8,-0.001828396782
2024-10-04,-0.00288652622,-0.00288652622,0,0,0.006327524821,-0.00921405104,0.9918682913,0.001325700502,8,8,0.009087315966
2024-10-07,0.002265257003,0.002265257003,0,0,-0.003922151504,0.006187408508,1.0103262,-0.001565344125,8,8,-0.009040376434
2024-10-08,-0.006982843403,-0.006982843403,0,0,-0.001632890294,-0.005349953108,0.9979560134,0.0006983309794,8,8,0.009457662119
2024-10-09,-0.003773092442,-0.003773092442,0,0,0.001966529527,-0.005739621969,1.008716788,-0.006328704778,8,8,0.006926482952
2024-10-10,0.003149646499,0.003149646499,0,0,0.0003817097909,0.002767936709,1.020272522,-0.01014005659,8,8,-0.001750144622
2024-10-11,0.008243194361,0.008243194361,0,0,0.005080352366,0.003162841995,1.014690379,-0.006968461899,8,8,0.005988234358
2024-10-14,0.00212922856,0.00212922856,0,0,0.001757224771,0.0003720037891,1.008296307,0.001264310505,8,8,0.008178455362
2024-10-15,0.0003676912465,0.0003676912465,0,0,-0.004325394327,0.004693085573,1.007536253,0.003386328797,8,8,-0.007769602322
2024-10-16,0.000717336085,0.000717336085,0,0,0.002722955084,-0.002005618999,0.9981507615,0.003752640231,8,8,0.004346198672
2024-10-17,-0.002400901685,-0.002400901685,0,0,-0.0007080451468,-0.001692856538,1.00216045,0.004466772139,8,8,8.589743782e-05
2024-10-18,0.0001811830625,0.0001811830625,0,0,-0.0003519212928,0.0005331043553,1.005559511,0.002070842343,8,8,0.003846655331
2024-10-21,0.002515021035,0.002515021035,0,0,-0.002135003849,0.004650024883,1.004492488,0.00225161745,8,8,-0.001642279846
2024-10-22,1.49392471e-05,1.49392471e-05,0,0,9.184433372e-05,-7.690508662e-05,0.9952044989,0.004754680364,8,8,-0.0005310729434
2024-10-23,0.005890229336,0.005890229336,0,0,-0.002542051142,0.008432280478,0.9953583785,0.004769548358,8,8,-0.009137578372
2024-10-24,-0.01699644141,-0.01699644141,0,0,-0.001209404812,-0.0157870366,0.9786197521,0.01059735683,8,8,0.002162802597
2024-10-25,-0.006245194228,-0.006245194228,0,0,-0.003926024919,-0.002319169308,1.01037008,-0.00650972677,8,8,-0.0003454048307
2024-10-28,0.001351074397,0.001351074397,0,0,2.93714471e-05,0.00132170295,1.015102738,-0.01283507856,8,8,0.003091322621
2024-10-29,-0.003636587926,-0.003636587926,0,0,-0.0009679947152,-0.002668593211,1.012442521,-0.01146850935,8,8,0.001618594284
2024-10-30,0.004999647276,0.004999647276,0,0,0.002467957004,0.002531690273,1.017844601,-0.01516022878,8,8,-0.003025315928
2024-10-31,0.009552665771,0.009552665771,0,0,-0.002453756283,0.01200642205,1.012717637,-0.0101100349,8,8,-0.01960330105
2024-11-01,-0.002047297189,-0.003691550585,0.001644253395,1.644253395,0.002457493121,-0.00450479031,0.9888116711,-0.0005520951447,8,8,0.004220917889
2024-11-04,0.001017092523,0.001017092523,0,0,-0.001085785967,0.00210287849,1,0,8,8,-0.002154219375
2024-11-05,-0.001776671422,-0.001776671422,0,0,0.004492603893,-0.006269275315,0.9957985163,0.001016059097,8,8,0.0120919242
2024-11-06,-0.02686667619,-0.02686667619,0,0,0.001664953993,-0.02853163019,1.008351906,-0.000761966088,8,8,0.02486537712
2024-11-07,0.003592417216,0.003592417216,0,0,0.001631120509,0.001961296707,1.067221175,-0.02839142552,8,8,0.00773237896
2024-11-08,-0.0008061670772,-0.0008061670772,0,0,0.002160772862,-0.002966939939,1.063072001,-0.02471023882,8,8,0.00433150203
2024-11-11,0.0005134707813,0.0005134707813,0,0,0.00107545883,-0.0005619880491,1.069061556,-0.02553699298,8,8,0.0009530940883
2024-11-12,-0.002633131394,-0.002633131394,0,0,-0.002555783065,-7.734832898e-05,1.070149513,-0.02501067994,8,8,-0.003106439748
2024-11-13,-0.001494946093,-0.001494946093,0,0,-0.0004086514431,-0.00108629465,1.070489818,-0.02771679329,8,8,0.0004856642941
2024-11-14,0.000682886537,0.000682886537,0,0,-0.002836403784,0.003519290321,1.072771196,-0.02925547474,8,8,-0.006430102828
2024-11-15,-0.000303610659,-0.000303610659,0,0,-0.004185142557,0.003881531898,1.065687759,-0.02855308969,8,8,-0.01280853585
2024-11-18,-0.001375990718,-0.001375990718,0,0,-0.00151852943,0.000142538712,1.057942287,-0.02886546421,8,8,0.004097303351
2024-11-19,-0.005376730887,-0.005376730887,0,0,-0.001903767618,-0.00347296327,1.057736654,-0.03028312422,8,8,0.003655474591
2024-11-20,0.0009084467802,0.0009084467802,0,0,0.001749666244,-0.0008412194635,1.065032242,-0.03585262503,8,8,0.0003387222174
2024-11-21,-0.001058032415,-0.001058032415,0,0,0.007564635544,-0.008622667959,1.066654129,-0.03491246213,8,8,0.005368458783
2024-11-22,-0.0006012756629,-0.0006012756629,0,0,0.004124214295,-0.004725489958,1.083988327,-0.03600859281,8,8,0.003099289206
2024-11-25,0.01388228469,0.01388228469,0,0,0.009215245135,0.004667039559,1.093495524,-0.03663189434,8,8,0.003392105421
2024-11-26,-0.003459160555,-0.003459160555,0,0,0.001294811055,-0.00475397161,1.083009089,-0.02243811731,8,8,0.005221589715
2024-11-27,0.00318750599,0.00318750599,0,0,0.0002105966679,0.002976909322,1.092838174,-0.02598717167,8,8,-0.003030088083
2024-11-29,-0.001090932839,-0.001090932839,0,0,0.0009082726963,-0.001999205535,1.086608291,-0.02272722252,8,8,0.006212049739
2024-12-02,-0.001949635112,-0.003413556039,0.001463920927,1.463920927,-0.002928681444,0.0009790463313,1.090705656,-0.02384416774,8,8,0.001792327375
2024-12-03,0.003257319062,0.003257319062,0,0,0.001794266551,0.001463052511,1,0,8,8,0.0004639454724
2024-12-04,-0.01073636658,-0.01073636658,0,0,-0.001384522931,-0.009351843652,0.9970833953,0.003246743383,8,8,0.006209406836
2024-12-05,-0.001935257394,-0.001935257394,0,0,-0.0006542217611,-0.001281035633,1.015958418,-0.007570907236,8,8,-0.001645637145
2024-12-06,7.410517044e-05,7.410517044e-05,0,0,0.005598662245,-0.005524557074,1.018556401,-0.009524597177,8,8,0.001895694598
2024-12-09,0.007506072386,0.007506072386,0,0,-0.0003435417348,0.007849614121,1.029603321,-0.009449791728,8,8,-0.00514967307
2024-12-10,-0.003565699933,-0.003565699933,0,0,-0.001668384815,-0.001897315119,1.013800505,-0.00192923834,8,8,-0.003109094054
2024-12-11,-0.002620610973,-0.002620610973,0,0,0.005772156981,-0.008392767954,1.017658099,-0.005514601688,8,8,0.007730843674
2024-12-12,0.0002577302961,0.0002577302961,0,0,-0.001997306778,0.002255037074,1.034534135,-0.008156587905,8,8,-0.005152741655
2024-12-13,0.01534107628,0.01534107628,0,0,0.01556165951,-0.0002205832266,1.030016325,-0.007896822359,8,8,-0.0001987212371
2024-12-16,0.0007139202412,0.0007139202412,0,0,0.008179743563,-0.007465823322,1.029997301,0.007331776578,8,8,0.004270159962
2024-12-17,0.0008674041679,0.0008674041679,0,0,0.0008057807103,6.162345761e-05,1.044896895,0.008039956931,8,8,-0.004119991057
2024-12-18,0.003880822631,0.003880822631,0,0,-0.01594773766,0.01982856029,1.044734844,0.008899641513,8,8,-0.02980366424
2024-12-19,-0.003115443565,-0.003115443565,0,0,-0.002986807354,-0.0001286362108,1.005058094,0.01273105717,8,8,-0.0003069402929
2024-12-20,0.002260988416,0.002260988416,0,0,0.003766359666,-0.00150537125,1.005331978,0.009645664126,8,8,0.01201090616
2024-12-23,0.009990033399,0.009990033399,0,0,0.009862445458,0.0001275879418,1.0083239,0.01187979247,8,8,0.005988418862
2024-12-24,-0.006201448843,-0.006201448843,0,0,0.005392502301,-0.01159395114,1.007988915,0.02165350661,8,8,0.01111488773
2024-12-26,0.002252932631,0.002252932631,0,0,0.0007214539453,0.001531478686,1.031371365,0.01554848088,8,8,6.669503787e-05
2024-12-27,0.004826837606,0.004826837606,0,0,-0.00347271782,0.008299555426,1.028244774,0.01776139828,8,8,-0.01052658312
2024-12-30,-0.0008373531053,-0.0008373531053,0,0,-0.006975770186,0.006138417081,1.011589722,0.02247972988,8,8,-0.01141168951
2024-12-31,0.002717551138,0.002717551138,0,0,-0.0005756088229,0.003293159961,0.9993123118,0.02166051427,8,8,-0.003637924844
2025-01-02,0.006366805938,0.004739884154,0.001626921784,1.626921784,0.001259289855,0.005107516084,0.9927457058,0.02431199632,8,8,-0.002457123997
2025-01-03,-0.006124068586,-0.006124068586,0,0,0.001213181177,-0.007337249763,1,0,8,8,0.01250351075
2025-01-06,-0.007754905282,-0.007754905282,0,0,-0.0009668364044,-0.006788068878,1.014764921,-0.006161803896,8,8,0.005760509905
2025-01-07,0.006417498495,0.006417498495,0,0,-0.003001086082,0.009418584577,1.028562559,-0.01402547541,8,8,-0.01130404543
2025-01-08,0.003441991958,0.003441991958,0,0,0.002687387873,0.000754604085,1.009663375,-0.007559464068,8,8,0.001460906051
2025-01-10,-0.003887315085,-0.003887315085,0,0,-0.00941209707,0.005524781984,1.008126196,-0.004103348417,8,8,-0.01526742961
2025-01-13,0.00679382531,0.00679382531,0,0,0.00628725607,0.0005065692408,0.9970652239,-0.008021846949,8,8,0.001550477961
2025-01-14,0.01057324455,0.01057324455,0,0,0.006418232015,0.00415501253,0.9960787259,-0.001219734972,8,8,0.001375950424
2025-01-15,-0.0064844698,-0.0064844698,0,0,0.005882691938,-0.01236716174,0.9878966723,0.00925564735,8,8,0.01819003078
2025-01-16,0.008113968231,0.008113968231,0,0,0.002206362964,0.005907605267,1.012713436,0.002789264452,8,8,-0.001923101896
2025-01-17,-0.006205582352,-0.006205582352,0,0,0.00270943629,-0.008915018641,1.000890996,0.01081547625,8,8,0.0100400062
2025-01-21,0.00767641606,0.00767641606,0,0,0.01062564852,-0.002949232461,1.018837933,0.004638679609,8,8,0.009153271721
2025-01-22,-0.002248488198,-0.002248488198,0,0,-0.0004047824711,-0.001843705727,1.024547958,0.01222128004,8,8,0.005621641854
2025-01-23,0.002092232688,0.002092232688,0,0,0.004474467706,-0.002382235018,1.028298999,0.009995266079,8,8,0.005458058539
2025-01-24,0.001253977105,0.001253977105,0,0,0.00194576564,-0.0006917885348,1.032994437,0.01206226171,8,8,-0.00291926496
2025-01-27,0.003616023306,0.003616023306,0,0,-0.006600677144,0.01021670045,1.034334959,0.01329956147,8,8,-0.01414535622
2025-01-28,-0.01336826603,-0.01336826603,0,0,-0.003013860567,-0.01035440546,1.013851471,0.01685463801,8,8,0.008592315317
2025-01-29,0.002825409175,0.002825409175,0,0,-0.001299368568,0.004124777743,1.035028553,0.003533610225,8,8,-0.004482864465
2025-01-30,-0.002724105024,-0.002724105024,0,0,0.003504256736,-0.00622836176,1.026703549,0.006341103189,8,8,0.005367082267
2025-01-31,-0.0080543844,-0.0080543844,0,0,-0.005566229298,-0.002488155103,1.03926724,0.003626878163,8,8,-0.005322116292
2025-02-03,0.00622271607,0.004567028105,0.001655687965,1.655687965,-0.001090826575,0.007313542645,1.044602799,-0.004463456633,8,8,-0.006729450944
2025-02-04,0.002552484327,0.002552484327,0,0,0.006160508161,-0.003608023834,1,0,8,8,0.006708265933
2025-02-05,0.0005936750268,0.0005936750268,0,0,0.003177597781,-0.002583922754,1.007197676,0.002545985738,8,8,0.004054629803
2025-02-06,-0.004564295891,-0.004564295891,0,0,-0.00111151583,-0.003452780061,1.012358184,0.003137797933,8,8,0.00347562919
2025-02-07,-0.00251379969,-0.00251379969,0,0,-0.007519122138,0.005005322448,1.019352073,-0.001433038771,8,8,-0.009153615402
2025-02-10,0.006537053266,0.006537053266,0,0,0.007625526306,-0.00108847304,1.00936497,-0.003956785026,8,8,0.00679132832
2025-02-11,-0.00103480032,-0.00103480032,0,0,-0.001919697185,0.0008848968658,1.011466956,0.002563510435,8,8,0.0007605411153
2025-02-12,0.001110752621,0.001110752621,0,0,0.001457950768,-0.0003471981462,1.009707207,0.001530293664,8,8,-0.003221484742
2025-02-13,0.003610509667,0.003610509667,0,0,0.007062375979,-0.003451866312,1.010390063,0.002638115991,8,8,0.01055739741
2025-02-14,-0.0002604751506,-0.0002604751506,0,0,0.001363188064,-0.001623663215,1.017231581,0.006226146098,8,8,-4.917697296e-05
2025-02-18,0.005632236229,0.005632236229,0,0,0.001386201372,0.004246034857,1.020484243,0.005967225261,8,8,0.002935999488
2025-02-19,0.001894507821,0.001894507821,0,0,0.001415098411,0.0004794094101,1.011925008,0.01153449648,8,8,0.002354715553
2025-02-20,0.01493154672,0.01493154672,0,0,0.0002263233447,0.01470522338,1.010945453,0.01340361106,8,8,-0.004160245253
2025-02-21,0.0026894369,0.0026894369,0,0,-0.01051412335,0.01320356025,0.9818066613,0.02791829446,8,8,-0.01710410784
2025-02-24,-0.002097231936,-0.002097231936,0,0,-0.007132390589,0.005035158653,0.9555191692,0.03052563459,8,8,-0.004550510344
2025-02-25,-0.006640204726,-0.006640204726,0,0,-0.007200613766,0.0005604090404,0.945334205,0.02848814891,8,8,-0.004972975558
2025-02-26,-0.001280712088,-0.001280712088,0,0,0.000794374142,-0.00207508623,0.9438404762,0.02199398878,8,8,0.000504797509
2025-02-27,-0.008507620276,-0.008507620276,0,0,-0.01333354916,0.004825928887,0.9479239542,0.02073983845,8,8,-0.01596211836
2025-02-28,-0.000932926124,-0.000932926124,0,0,0.00813123363,-0.009064159754,0.9377424327,0.0123371782,8,8,0.01560570443
2025-03-03,-0.003953834358,-0.005557480437,0.001603646079,1.603646079,-0.0126389394,0.00868510504,0.9558295445,0.01141490134,8,8,-0.01751997767
2025-03-04,0.001239560812,0.001239560812,0,0,-0.004156516108,0.00539607692,1,0,8,8,-0.01183686799
2025-03-05,0.006487102627,0.006487102627,0,0,0.01025917265,-0.003772070018,0.9892212071,0.001238026203,8,8,0.01074783961
2025-03-06,-0.005162095193,-0.005162095193,0,0,-0.005088711014,-7.338417829e-05,0.9967861954,0.007675338124,8,8,-0.01775105025
2025-03-07,-0.004663908365,-0.004663908365,0,0,0.001803752249,-0.006467660615,0.9969170493,0.002526283849,8,8,0.005604668443
2025-03-10,-0.01638628121,-0.01638628121,0,0,-0.02052337338,0.004137092165,1.009898536,-0.002147640917,8,8,-0.02663540673
2025-03-11,0.009878051801,0.009878051801,0,0,0.0002522896233,0.009625762178,1.001651413,-0.01884268364,8,8,-0.008313111742
2025-03-12,0.01312232223,0.01312232223,0,0,0.006262965423,0.006859356805,0.9825720425,-0.008876944918,8,8,0.005306712482
2025-03-13,-0.00735332311,-0.00735332311,0,0,-0.009073033498,0.001719710388,0.9692567517,0.004190389666,8,8,-0.01333043633
2025-03-14,0.009854923295,0.009854923295,0,0,0.01049601308,-0.0006410897829,0.9655641127,-0.003186363806,8,8,0.02065579123
2025-03-17,-0.006552916369,-0.006552916369,0,0,-0.0007962132636,-0.005756703106,0.9671698311,0.006603482674,8,8,0.007711226486
2025-03-18,-0.004409631868,-0.004409631868,0,0,-0.006353332035,0.001943700166,0.9785426289,5.089984717e-05,8,8,-0.01080848908
2025-03-19,0.004374667113,0.004374667113,0,0,0.004755723873,-0.0003810567599,0.9745429725,-0.004378037555,8,8,0.01089095786
2025-03-20,0.001361933561,0.001361933561,0,0,-0.0003491706066,0.001711104167,0.9754126475,-3.355762184e-06,8,8,-0.00289169894
2025-03-21,0.009514281674,0.009514281674,0,0,0.004280078388,0.005234203286,0.9720285344,0.001356730022,8,8,0.0003298919546
2025-03-24,0.01289831286,0.01289831286,0,0,0.01276959614,0.0001287167222,0.9619224088,0.01076855661,8,8,0.01790848775
2025-03-25,0.006319957553,0.006319957553,0,0,0.001530305568,0.004789651985,0.962153136,0.02336549402,8,8,0.002403713719
2025-03-26,-0.0128433035,-0.0128433035,0,0,-0.008283451134,-0.004559852371,0.952871681,0.02949901903,8,8,-0.01193812203
2025-03-27,-0.004184055876,-0.004184055876,0,0,-0.001971665315,-0.002212390561,0.9614968785,0.01687241304,8,8,-0.002655627026
2025-03-28,-0.00958482082,-0.00958482082,0,0,-0.01356637262,0.003981551796,0.9657784749,0.01274166902,8,8,-0.02013853758
2025-03-31,-0.008177266251,-0.008177266251,0,0,-0.001255845708,-0.006921420543,0.9574071262,0.003187398851,8,8,0.006712912761
2025-04-01,0.008574250713,0.00697444258,0.001599808133,1.599808133,0.004722425188,0.003851825525,0.9710129323,-0.005031007286,8,8,0.002824332098
2025-04-02,0.006319416652,0.006319416652,0,0,0.005393770842,0.0009256458101,1,0,8,8,0.006328409325
2025-04-03,-0.03923192215,-0.03923192215,0,0,-0.04446471165,0.005232789504,0.998160334,0.006279732406,8,8,-0.04928080649
2025-04-04,0.006843368717,0.006843368717,0,0,-0.02408209296,0.03092546168,0.9871922837,-0.03429775666,8,8,-0.05854288397
2025-04-07,0.008471363399,0.008471363399,0,0,0.001891915807,0.006579447592,0.9258488043,-0.02726778444,8,8,-0.001781188452
2025-04-08,-0.003892380821,-0.003892380821,0,0,-0.005712136915,0.001819756095,0.9134233315,-0.01863852731,8,8,-0.01566281567
2025-04-09,0.03901102883,0.03901102883,0,0,0.05937001879,-0.02035898996,0.9094312914,-0.02261894969,8,8,0.1050194469
2025-04-10,-0.01870247265,-0.01870247265,0,0,-0.02911245797,0.01040998532,0.9520209822,0.01577661707,8,8,-0.04381917539
2025-04-11,-0.0005685315016,-0.0005685315016,0,0,0.005462233084,-0.006030764586,0.929889777,-0.002981619231,8,8,0.01784277788
2025-04-14,-0.003487585374,-0.003487585374,0,0,-6.032319546e-05,-0.003427262178,0.9419182849,-0.003552170253,8,8,0.009701624028
2025-04-15,0.00257980918,0.00257980918,0,0,-0.0002860487277,0.002865857908,0.9485935248,-0.007064393301,8,8,-0.002800906917
2025-04-16,-0.01356351859,-0.01356351859,0,0,-0.01463107488,0.001067556285,0.9430088353,-0.00447304452,8,8,-0.02222807839
2025-04-17,0.01001879292,0.01001879292,0,0,0.001774538559,0.008244254363,0.9400607354,-0.01828456616,8,8,0.00142671728
2025-04-21,-0.00172865541,-0.00172865541,0,0,-0.01082378816,0.009095132755,0.9243303453,-0.008183781628,8,8,-0.02380259235
2025-04-22,0.001952726773,0.001952726773,0,0,0.01156484701,-0.009612120234,0.9059775474,-0.009929601898,8,8,0.02601775974
2025-04-23,0.01301890363,0.01301890363,0,0,0.01142940269,0.001589500942,0.9253475636,-0.007961328825,8,8,0.01549548031
2025-04-24,0.01626309436,0.01626309436,0,0,0.01635337744,-9.028308567e-05,0.9231688195,0.004992576925,8,8,0.02104891295
2025-04-25,0.007979537258,0.007979537258,0,0,0.006340541038,0.00163899622,0.9245760131,0.0209155202,8,8,0.007225198096
2025-04-28,-0.001968756278,-0.001968756278,0,0,-0.0002869595636,-0.001681796715,0.9219210545,0.02866631355,8,8,0.0003813852095
2025-04-29,0.003085121806,0.003085121806,0,0,0.001957403078,0.001127718728,0.9251372614,0.02675022193,8,8,0.006299501905
2025-04-30,0.001979422773,0.001979422773,0,0,-0.0009027548551,0.002882177628,0.9231190112,0.02974358117,8,8,0.0003967183919
2025-05-01,0.01242690187,0.01085152815,0.001575373719,1.575373719,0.008549075147,0.003877826718,0.9175179228,0.03166033476,8,8,0.007086868862
2025-05-02,-0.002529922994,-0.002529922994,0,0,0.006141145438,-0.008671068432,1,0,8,8,0.01484424898
2025-05-05,-0.005944530161,-0.005944530161,0,0,-0.007996179062,0.002051648902,1.017386122,-0.002536339738,8,8,-0.005734215591
2025-05-06,-0.0003892858543,-0.0003892858543,0,0,-0.002760717647,0.002371431793,1.013362257,-0.00853158617,8,8,-0.008358325677
2025-05-07,0.01046602193,0.01046602193,0,0,0.008841819142,0.001624202789,1.00862275,-0.008924346146,8,8,0.004205416334
2025-05-08,0.001135550583,0.001135550583,0,0,0.005484264086,-0.004348713503,1.005318679,0.001525707694,8,8,0.006967762572
2025-05-09,-0.003983775604,-0.003983775604,0,0,-0.0007955261004,-0.003188249504,1.014000208,0.002658239711,8,8,-0.001274221351
2025-05-12,0.004977291231,0.004977291231,0,0,0.01673285958,-0.01175556835,1.020458208,-0.001330837651,8,8,0.03304754271
2025-05-13,-0.01914180841,-0.01914180841,0,0,-0.009813663724,-0.009328144691,1.04375158,0.003628394006,8,8,0.006603860822
2025-05-14,-0.0105823535,-0.0105823535,0,0,-0.003198787803,-0.007383565694,1.063625782,-0.0158161644,8,8,0.001278082644
2025-05-15,-0.003803307936,-0.003803307936,0,0,-0.001980376742,-0.001822931195,1.079231368,-0.02668086423,8,8,0.004884285135
2025-05-16,0.0005647697199,0.0005647697199,0,0,0.004679882908,-0.004115113188,1.083193641,-0.0306005555,8,8,0.006334148753
2025-05-19,-0.001142401175,-0.001142401175,0,0,-0.001193115387,5.071421255e-05,1.091372264,-0.03001883206,8,8,0.001093715366
2025-05-20,-0.001842682177,-0.001842682177,0,0,-0.001863078079,2.039590158e-05,1.091375222,-0.03119687257,8,8,-0.003362257726
2025-05-21,-0.007898100167,-0.007898100167,0,0,-0.01269988988,0.004801789717,1.091503042,-0.03310054854,8,8,-0.0168505683
2025-05-22,-0.001485524845,-0.001485524845,0,0,0.0004627824304,-0.001948307275,1.082551462,-0.041325038,8,8,0.0003946018551
2025-05-23,-0.001349551124,-0.001349551124,0,0,-0.004224150034,0.00287459891,1.086576688,-0.04287425361,8,8,-0.006825851257
2025-05-27,-0.004375616451,-0.004375616451,0,0,0.008748635704,-0.01312425216,1.080936719,-0.04428356768,8,8,0.02079068472
2025-05-28,-0.003140888743,-0.003140888743,0,0,-0.004695109865,0.001554221122,1.107656286,-0.04887303378,8,8,-0.005785451741
2025-05-29,0.001654928275,0.001654928275,0,0,0.003587907535,-0.001932979259,1.104877251,-0.05217780721,8,8,0.003947442277
2025-05-30,-0.001216800289,-0.001216800289,0,0,-0.001276013666,5.921337686e-05,1.108563545,-0.05043940533,8,8,-0.001118610825
2025-06-02,0.0001575588904,-0.0009830018783,0.001140560769,1.140560769,0.003640542473,-0.003482983583,1.108577235,-0.05171913748,8,8,0.005633131914
2025-06-03,-0.003688641315,-0.003688641315,0,0,0.002053304643,-0.005741945958,1,0,8,8,0.005702452249
2025-06-04,-0.001991588388,-0.001991588388,0,0,-0.001629747761,-0.0003618406267,1.011526409,-0.003702297764,8,8,-0.0002685124318
2025-06-05,0.00606053624,0.00606053624,0,0,-0.003858605876,0.009919142116,1.012274536,-0.005705248659,8,8,-0.004832652403
2025-06-06,0.004659025051,0.004659025051,0,0,0.008031594403,-0.003372569352,0.9924818158,0.0003531473192,8,8,0.01026892554
2025-06-09,-0.004356348697,-0.004356348697,0,0,0.001923473408,-0.006279822106,0.9992305394,0.004988928826,8,8,0.0009012287765
2025-06-10,0.001966219272,0.001966219272,0,0,0.007674979974,-0.005708760702,1.011841771,0.0006353479257,8,8,0.005669821602
2025-06-11,0.001775544463,0.001775544463,0,0,0.002380742506,-0.0006051980423,1.023213649,0.002596461984,8,8,-0.002852077352
2025-06-12,0.0001366147013,0.0001366147013,0,0,0.006604702059,-0.006468087357,1.024380756,0.004364257514,8,8,0.003974378305
2025-06-13,-0.001588686824,-0.001588686824,0,0,-0.0008193748016,-0.0007693120223,1.037311833,0.004500257414,8,8,-0.01118016115
2025-06-16,-0.006359649548,-0.006359649548,0,0,-0.001462099237,-0.004897550312,1.038912277,0.002916203525,8,8,0.009514239843
2025-06-17,0.000716546133,0.000716546133,0,0,-0.005453935297,0.00617048143,1.049019122,-0.003465485296,8,8,-0.008545171398
2025-06-18,-0.003759046674,-0.003759046674,0,0,-0.001360239799,-0.002398806875,1.036651896,-0.002746970831,8,8,-0.0001506095076
2025-06-20,0.006359872644,0.006359872644,0,0,0.001852655221,0.004507217423,1.041605908,-0.006530566209,8,8,-0.002348577608
2025-06-23,-0.01363073974,-0.01363073974,0,0,-0.003497930169,-0.01013280957,1.032385506,-0.000169614836,8,8,0.00987748574
2025-06-24,-0.009094081962,-0.009094081962,0,0,-0.0006721112345,-0.008421970727,1.053378716,-0.01399106311,8,8,0.01104718604
2025-06-25,-0.001705652259,-0.001705652259,0,0,-0.002868661414,0.001163009155,1.070867129,-0.02329700999,8,8,0.0005603844217
2025-06-26,-0.004728453886,-0.004728453886,0,0,0.002163734016,-0.006892187901,1.068658218,-0.02504538096,8,8,0.007823809728
2025-06-27,-0.003883060333,-0.003883060333,0,0,0.0004433950031,-0.004326455336,1.082834272,-0.02991528791,8,8,0.004968322293
2025-06-30,-0.001501863324,-0.001501863324,0,0,0.002441959504,-0.003943822828,1.091843818,-0.03393010087,8,8,0.004781279687
2025-07-01,0.02498534523,0.02365920661,0.001326138616,1.326138616,0.01406509215,0.01092025308,1.099881472,-0.0354852582,8,8,-0.0003237141328
2025-07-02,-0.008626678744,-0.008626678744,0,0,-0.0004525352194,-0.008174143525,1,0,8,8,0.004533365492
2025-07-03,-0.006659975388,-0.006659975388,0,0,-0.0001365908334,-0.006523384554,1.016490546,-0.008701745911,8,8,0.007881299997
2025-07-07,-0.002944731605,-0.002944731605,0,0,-0.006991766312,0.004047034707,1.029735352,-0.01546471593,8,8,-0.007451971921
2025-07-08,0.004347083357,0.004347083357,0,0,0.000474254114,0.003872829243,1.021705198,-0.01846381852,8,8,-0.000547735295
2025-07-09,-0.005021222989,-0.005021222989,0,0,-0.001284844307,-0.003736378683,1.013899119,-0.01405563415,8,8,0.005996656078
2025-07-10,0.00685702669,0.00685702669,0,0,0.00686777927,-1.075257961e-05,1.021479731,-0.0191731297,8,8,0.002820258275
2025-07-11,0.00286031847,0.00286031847,0,0,-0.002408689219,0.005269007689,1.021354806,-0.01223222631,8,8,-0.003515408484
2025-07-14,-0.001421181374,-0.001421181374,0,0,-0.0002593277364,-0.001161853638,1.010785939,-0.009345177653,8,8,0.001908283071
2025-07-15,-0.009465968717,-0.009465968717,0,0,-0.00651932149,-0.002946647227,1.013128304,-0.01078168175,8,8,-0.004273310536
2025-07-16,0.005193493006,0.005193493006,0,0,0.007236207781,-0.002042714775,1.019203377,-0.02044114572,8,8,0.003343273385
2025-07-17,-0.004619638304,-0.004619638304,0,0,0.002328928758,-0.006948567063,1.023168481,-0.01516887327,8,8,0.006119538411
2025-07-18,0.006077717291,0.006077717291,0,0,0.0005435325298,0.005534184761,1.03723764,-0.01988035161,8,8,-0.0007323346017
2025-07-21,-0.003448718633,-0.003448718633,0,0,-0.0004828451208,-0.002965873512,1.026011182,-0.01371925258,8,8,0.001896143492
2025-07-22,0.01443003582,0.01443003582,0,0,0.00668850078,0.007741535045,1.032053472,-0.01722738361,8,8,0.0001431954391
2025-07-23,-0.005714617023,-0.005714617023,0,0,0.001865842014,-0.007580459037,1.016334692,-0.002757556153,8,8,0.008507476352
2025-07-24,-0.008206461396,-0.008206461396,0,0,-0.006724235858,-0.001482225538,1.03167663,-0.008520866666,8,8,0.0003309323467
2025-07-25,0.000426867287,0.000426867287,0,0,0.002516211974,-0.002089344687,1.034927714,-0.01686573607,8,8,0.004224435836
2025-07-28,-0.005342432269,-0.005342432269,0,0,-0.0005809917808,-0.004761440488,1.039089717,-0.01643185457,8,8,-0.0002511658678
2025-07-29,0.003899100924,0.003899100924,0,0,0.00266727816,0.001231822764,1.048873702,-0.0218912393,8,8,-0.00263746817
2025-07-30,-0.006868854338,-0.006868854338,0,0,-0.00527300952,-0.001595844818,1.046229802,-0.01792225768,8,8,-0.001259466643
2025-07-31,-0.009055744936,-0.009055744936,0,0,-0.00773886693,-0.001316878006,1.049763309,-0.02496257632,8,8,-0.00375126142
2025-08-01,0.01354608027,0.01224791795,0.001298162324,1.298162324,0.002984422554,0.01056165772,1.052875895,-0.03432919772,8,8,-0.01639032159
2025-08-04,-0.009409874569,-0.009409874569,0,0,0.002242232637,-0.01165210721,1,0,8,8,0.01519976416
2025-08-05,0.007859116658,0.007859116658,0,0,0.005526351391,0.002332765266,1.023525587,-0.009499261427,8,8,-0.005069926344
2025-08-06,-0.005743027704,-0.005743027704,0,0,-0.000843748469,-0.004899279235,1.018712989,-0.001627355195,8,8,0.007659660445
2025-08-07,0.002171814853,0.002171814853,0,0,-0.001215262154,0.003387077006,1.028676236,-0.007412955709,8,8,-0.0008376364317
2025-08-08,0.002106521357,0.002106521357,0,0,0.005418195238,-0.003311673881,1.021854618,-0.005229782736,8,8,0.007797554831
2025-08-11,0.001366430752,0.001366430752,0,0,-0.0004534382678,0.00181986902,1.028418102,-0.003116695993,8,8,-0.001977404495
2025-08-12,-0.0006076547161,-0.0006076547161,0,0,0.006367923626,-0.006975578342,1.024744552,-0.001747876887,8,8,0.01064598077
2025-08-13,0.01259570729,0.01259570729,0,0,0.007461974336,0.005133732957,1.038719237,-0.002356963824,8,8,0.003423228407
2025-08-14,-0.003856071937,-0.003856071937,0,0,6.513817756e-05,-0.003921210114,1.028097859,0.01011138344,8,8,9.291786893e-05
2025-08-15,0.01164831222,0.01164831222,0,0,0.009784352381,0.001863959838,1.036079404,0.00627952581,8,8,-0.002341197926
2025-08-18,0.002754647401,0.002754647401,0,0,0.002255701906,0.000498945495,1.031978983,0.01772141347,8,8,-0.0002177125565
2025-08-19,0.01197280597,0.01197280597,0,0,0.0005293717732,0.01144343419,1.030895984,0.02041981149,8,8,-0.005425101028
2025-08-20,0.000858988231,0.000858988231,0,0,-0.001938295319,0.00279728355,1.007914359,0.03200937542,8,8,-0.002657177258
2025-08-21,0.003082299561,0.003082299561,0,0,0.000600810256,0.002481489305,1.002317801,0.03284015434,8,8,-0.004011616774
2025-08-22,-0.002330115176,-0.002330115176,0,0,0.008481969856,-0.01081208503,0.9973629504,0.03581207038,8,8,0.01535673445
2025-08-25,-0.00478422375,-0.00478422375,0,0,-0.004764847232,-1.937651762e-05,1.019031466,0.03356015423,8,8,-0.004401020035
2025-08-26,-0.002094475435,-0.002094475435,0,0,-0.001468460388,-0.0006260150473,1.019161894,0.02891426278,8,8,0.004186968759
2025-08-27,0.0008588407021,0.0008588407021,0,0,0.002096316657,-0.001237475955,1.02045677,0.02687607863,8,8,0.002278548406
2025-08-28,-0.007004517031,-0.007004517031,0,0,-0.001620071612,-0.005384445419,1.022912044,0.02771111989,8,8,0.003541419568
2025-08-29,0.01468728982,0.01468728982,0,0,0.00268398223,0.01200330759,1.033918518,0.02085266572,8,8,-0.005963829023
2025-09-02,0.0005256834781,-0.001351837183,0.001877520661,1.877520661,-0.003097538767,0.003623222245,1.009768431,0.03502552549,8,8,-0.007410157012
2025-09-03,-0.006004025623,-0.006004025623,0,0,0.001565151517,-0.00756917714,1,0,8,8,0.005419545641
2025-09-04,-0.002190425212,-0.002190425212,0,0,0.00291432855,-0.005104753761,1.015229794,-0.006040291689,8,8,0.008357416747
2025-09-05,-0.003555093146,-0.003555093146,0,0,0.0006446741907,-0.004199767336,1.025495147,-0.008248785248,8,8,-0.002896383969
2025-09-08,0.006433830257,0.006433830257,0,0,0.004920821483,0.001513008775,1.03401561,-0.011845992,8,8,0.002456768661
2025-09-09,-0.002459333114,-0.002459333114,0,0,0.002833178357,-0.005292511471,1.030791486,-0.005377563411,8,8,0.002311789288
2025-09-10,0.02356462043,0.02356462043,0,0,0.02071011908,0.002854501348,1.041478518,-0.007856217581,8,8,0.002890805296
2025-09-11,-0.01479326217,-0.01479326217,0,0,-0.002197071491,-0.01259619068,1.034946026,0.01534676222,8,8,0.008310290458
2025-09-12,-0.007993819123,-0.007993819123,0,0,-0.003422921517,-0.004570897606,1.061041409,0.0005618110711,8,8,-0.0003347242485
2025-09-15,-0.0001958589921,-0.0001958589921,0,0,0.005873305904,-0.006069164896,1.070748756,-0.007491896921,8,8,0.005324057169
2025-09-16,0.001273151312,0.001273151312,0,0,0.001114387556,0.0001587637566,1.082903324,-0.007689261924,8,8,-0.001376978198
2025-09-17,-0.004657623415,-0.004657623415,0,0,-0.00110747174,-0.003550151676,1.082480786,-0.006407952319,8,8,-0.001242363676
2025-09-18,0.005757556728,0.005757556728,0,0,0.003503306513,0.002254250216,1.090000276,-0.01111735619,8,8,0.004672593155
2025-09-19,-0.001076759995,-0.001076759995,0,0,0.004425630724,-0.005502390718,1.08500237,-0.005329116772,8,8,0.004952774806
2025-09-22,0.003726843248,0.003726843248,0,0,0.007206060622,-0.003479217373,1.096110639,-0.006412781793,8,8,0.004730956629
2025-09-23,-0.01065060272,-0.01065060272,0,0,-0.01088092117,0.0002303184469,1.102686378,-0.002675965641,8,8,-0.005443378865
2025-09-24,-0.002432873701,-0.002432873701,0,0,-0.001377038843,-0.001055834859,1.103326228,-0.01347003233,8,8,-0.003181757023
2025-09-25,-0.003845116526,-0.003845116526,0,0,-0.00850972482,0.004664608294,1.10569504,-0.01594169015,8,8,-0.004613374905
2025-09-26,-0.005313453522,-0.005313453522,0,0,-0.0004571126491,-0.004856340873,1.096737792,-0.01986318293,8,8,0.005729034083
2025-09-29,0.002702435738,0.002702435738,0,0,0.003494443247,-0.0007920075087,1.107019115,-0.02531112594,8,8,0.002810446783
2025-09-30,-0.00273595858,-0.00273595858,0,0,-0.0009721486874,-0.001763809893,1.108310428,-0.02254775634,8,8,0.003766834755
2025-10-01,-0.005378251443,-0.006633523775,0.001255272333,1.255272333,0.001008337561,-0.006386589003,1.112144871,-0.0253530799,8,8,0.003407572225
2025-10-02,0.003203846186,0.003203846186,0,0,0.001713482064,0.001490364122,1,0,8,8,0.001151732626
2025-10-03,-0.002480742842,-0.002480742842,0,0,-0.00229359905,-0.0001871437917,0.9970287911,0.003193614336,8,8,-1.480540638e-05
2025-10-06,-0.001716084884,-0.001716084884,0,0,0.001548065517,-0.003264150401,0.9973966203,0.0007146443436,8,8,0.003586271966
2025-10-07,0.00253585078,0.00253585078,0,0,-0.002446027777,0.004981878557,1.003931668,-0.001003162051,8,8,-0.003707513889
2025-10-08,-0.005258737626,-0.005258737626,0,0,0.0009623375052,-0.006221075131,0.9939831689,0.00152881189,8,8,0.00596305527
2025-10-09,-0.001424182877,-0.001424182877,0,0,-0.002575856321,0.001151673445,1.006459287,-0.003749644131,8,8,-0.002896974725
2025-10-10,0.003349358035,0.003349358035,0,0,-0.01141986107,0.01476921911,1.004161867,-0.005181205992,8,8,-0.02702786218
2025-10-13,-0.0101071237,-0.0101071237,0,0,0.007209407561,-0.01731653126,0.9747081405,-0.001825732924,8,8,0.01534411814
2025-10-14,0.001519421762,0.001519421762,0,0,-0.0004793293359,0.001998751097,1.00943658,-0.01205469492,8,8,-0.001221646288
2025-10-15,-0.008507730557,-0.008507730557,0,0,-0.002737874143,-0.005769856414,1.005430826,-0.01051928992,8,8,0.00443952991
2025-10-16,7.449982864e-05,7.449982864e-05,0,0,0.001704329878,-0.00162983005,1.017116158,-0.01919028626,8,8,-0.006810134562
2025-10-17,0.003960053464,0.003960053464,0,0,0.000257244426,0.003702809038,1.0203743,-0.01911436242,8,8,0.005676205164
2025-10-20,0.002879929406,0.002879929406,0,0,0.007018733586,-0.004138804179,1.012917528,-0.01509453379,8,8,0.01040050026
2025-10-21,0.01062351622,0.01062351622,0,0,0.005948283119,0.004675233099,1.021134271,-0.0121795282,8,8,-1.494287878e-05
2025-10-22,0.001605232012,0.001605232012,0,0,-0.003415532438,0.00502076445,1.011659936,-0.001539655432,8,8,-0.005198916066
2025-10-23,0.001636385983,0.001636385983,0,0,0.006543840672,-0.004907454689,1.001615813,6.547148323e-05,8,8,0.005929962706
2025-10-24,-0.004742886133,-0.004742886133,0,0,-0.001143978063,-0.00359890807,1.011412048,0.00169907712,8,8,0.008172554694
2025-10-27,-0.005620105347,-0.005620105347,0,0,0.00306902818,-0.008689133527,1.018698549,-0.003058314249,8,8,0.01179766449
2025-10-28,-0.0002916810271,-0.0002916810271,0,0,0.002215314771,-0.002506995798,1.036280718,-0.008727468891,8,8,0.002656016019
2025-10-29,-0.01415523995,-0.01415523995,0,0,-0.005645381914,-0.008509858038,1.041306758,-0.009021781401,8,8,0.0004803706387
2025-10-30,0.001656119993,0.001656119993,0,0,-0.006436498197,0.00809261819,1.059163954,-0.02350980833,8,8,-0.01099818714
2025-10-31,0.01059985229,0.01059985229,0,0,0.008466769867,0.002133082426,1.042907657,-0.02181755585,8,8,0.003280222088
2025-11-03,0.002569478046,0.001141196008,0.001428282039,1.428282039,-0.001736964107,0.004306442153,1.038236194,-0.01110004472,8,8,0.001876739875
2025-11-04,0.004884885208,0.004884885208,0,0,-0.00616905759,0.0110539428,1,0,8,8,-0.01185354736
2025-11-05,-0.001364872765,-0.001364872765,0,0,0.003979492237,-0.005344365002,0.9779995839,0.004861139101,8,8,0.00346547634
2025-11-06,0.002609862285,0.002609862285,0,0,-0.003200636932,0.005810499217,0.9886728538,0.003501044817,8,8,-0.01072945372
2025-11-07,-6.695663083e-05,-6.695663083e-05,0,0,-0.0006065314754,0.0005395748446,0.977111591,0.006094999991,8,8,0.0009845650787
2025-11-10,-0.004142078968,-0.004142078968,0,0,0.0009451579093,-0.005087236877,0.9760308364,0.006028447005,8,8,0.01560437035
2025-11-11,0.005684600598,0.005684600598,0,0,0.006743954082,-0.001059353484,0.9861479338,0.001894214021,8,8,0.002289177028
2025-11-12,-0.001081699082,-0.001081699082,0,0,0.00126831401,-0.002350013093,0.9883329632,0.007535975608,8,8,0.0005563903664
2025-11-13,0.005536497106,0.005536497106,0,0,-0.002587502286,0.008123999392,0.993025445,0.00646126567,8,8,-0.01659399641
2025-11-14,-0.00322798335,-0.00322798335,0,0,-0.003931650457,0.0007036671072,0.9769053099,0.01193170294,8,8,-0.0001635496688
2025-11-17,-0.002469212777,-0.002469212777,0,0,-0.005800031554,0.003330818777,0.9754186274,0.008731906035,8,8,-0.009316620573
2025-11-18,0.004642474488,0.004642474488,0,0,-0.001169579751,0.005812054239,0.9686796533,0.006278195458,8,8,-0.008397461671
2025-11-19,-0.007624355156,-0.007624355156,0,0,-0.002765884649,-0.004858470507,0.9572539921,0.0108702053,8,8,0.003863176643
2025-11-20,-0.00266309388,-0.00266309388,0,0,-0.01107869559,0.008415601709,0.966717173,0.003270787788,8,8,-0.01524222732
2025-11-21,-0.002876488993,-0.002876488993,0,0,0.004673883916,-0.007550372909,0.9497521548,0.0006093165756,8,8,0.009961138169
2025-11-24,-0.01377472192,-0.01377472192,0,0,-0.0008579937032,-0.01291672822,0.9647515087,-0.002273712727,8,8,0.01471860688
2025-11-25,-0.0007010709252,-0.0007010709252,0,0,0.006947749325,-0.00764882025,0.9904534643,-0.01627258498,8,8,0.009405836039
2025-11-26,0.001671035377,0.001671035377,0,0,0.003098161723,-0.001427126346,1.00575514,-0.01698556399,8,8,0.006903582418
2025-11-28,-0.001338980175,-0.001338980175,0,0,0.002528205092,-0.003867185268,1.00859503,-0.01528898019,8,8,0.005458434229
2025-12-01,0.00282429024,0.001409839924,0.001414450316,1.414450316,-0.003485686249,0.006309976488,1.016351294,-0.01665025472,8,8,-0.004565470301
2025-12-02,0.009152875281,0.009152875281,0,0,0.008583810172,0.0005690651088,1,0,8,8,0.001852276871
2025-12-03,-6.258643414e-05,-6.258643414e-05,0,0,0.004663667632,-0.004726254066,0.9988721925,0.009069859983,8,8,0.00346274908
2025-12-04,0.01087006736,0.01087006736,0,0,0.007889941409,0.002980125951,1.008325222,0.009007837318,8,8,0.000731139788
2025-12-05,0.004735483943,0.004735483943,0,0,0.005123869254,-0.0003883853113,1.002339539,0.019664154,8,8,0.001899394753
2025-12-08,0.004722016637,0.004722016637,0,0,0.0003265119691,0.004395504668,1.003101622,0.02428463843,8,8,-0.003004209106
2025-12-09,0.0001166978681,0.0001166978681,0,0,-0.001450979113,0.001567676982,0.9943373515,0.02887032889,8,8,-0.0008631180942
2025-12-10,-0.005101449288,-0.005101449288,0,0,-0.0001998763559,-0.004901572932,0.9912030241,0.02898364443,8,8,0.006632235253
2025-12-11,-0.006253125873,-0.006253125873,0,0,-0.006331619958,7.84940857e-05,1.001011329,0.02400465366,8,8,0.002326946031
2025-12-12,-0.004159943251,-0.004159943251,0,0,-0.002288329926,-0.001871613325,1.000859717,0.01786322881,8,8,-0.01075207558
2025-12-15,-0.003948983187,-0.003948983187,0,0,-0.0006716914151,-0.003277291771,1.004622172,0.01376052858,8,8,-0.00151080855
2025-12-16,0.01133199381,0.01133199381,0,0,0.004027354838,0.007304638967,1.011221067,0.009850444632,8,8,-0.002732285145
2025-12-17,-0.00530938041,-0.00530938041,0,0,-0.009157598007,0.003848217596,0.996649754,0.02094508882,8,8,-0.01100359398
2025-12-18,0.004424454977,0.004424454977,0,0,0.006313147829,-0.001888692852,0.9888943547,0.01571916745,8,8,0.00755126271
2025-12-19,0.007012447108,0.007012447108,0,0,0.007676951492,-0.0006645043847,0.9927040212,0.02005489047,8,8,0.009063506224
2025-12-22,0.003460181244,0.003460181244,0,0,0.005759055026,-0.002298873782,0.9940745816,0.02687885105,8,8,0.00622980385
2025-12-23,0.00232096809,0.00232096809,0,0,0.0006843191775,0.001636648913,0.9986769073,0.03023441574,8,8,0.004570492347
2025-12-24,-0.0005621302098,-0.0005621302098,0,0,0.002239185151,-0.002801315361,0.9954142529,0.03247999879,8,8,0.003517674396
2025-12-26,-0.0007620893257,-0.0007620893257,0,0,-0.0006247093189,-0.0001373800069,1.001017456,0.03193582067,8,8,-0.0001014096655
2025-12-29,-0.004463062314,-0.004463062314,0,0,-0.004506658708,4.359639342e-05,1.001293201,0.03119750663,8,8,-0.003563653507
2025-12-30,0.002285463698,0.002285463698,0,0,0.001261028537,0.001024435162,1.001211415,0.02685429671,8,8,-0.001221213613
2025-12-31,-0.002102187981,-0.002102187981,0,0,-0.003846687016,0.001744499035,0.9991644542,0.02907331441,8,8,-0.007408852969
2026-01-02,-0.003147895281,-0.005028720431,0.001880825151,1.880825151,-0.00115292757,-0.001994967711,0.995666346,0.02702794425,8,8,0.001832993102
2026-01-05,-0.01254671979,-0.01254671979,0,0,-0.004387020528,-0.00815969926,1,0,8,8,0.006660207108
2026-01-06,-0.003090187862,-0.003090187862,0,0,-0.00104716287,-0.002043024992,1.016526755,-0.01270614017,8,8,0.005947158299
2026-01-07,-0.0006733727336,-0.0006733727336,0,0,-0.004055046077,0.003381673343,1.0206767,-0.01584529296,8,8,-0.003223412281
2026-01-08,0.001187378743,0.001187378743,0,0,0.002052838127,-0.000865459384,1.013922728,-0.01652979641,8,8,-0.0001015273143
2026-01-09,0.005026324353,0.005026324353,0,0,0.009025643964,-0.003999319611,1.015635082,-0.01532422201,8,8,0.006613382997
2026-01-12,0.006401429344,0.006401429344,0,0,0.005126950525,0.001274478819,1.023515525,-0.01024639595,8,8,0.001570433001
2026-01-13,0.01360776732,0.01360776732,0,0,0.003358381738,0.01024938558,1.020833205,-0.00382050988,8,8,-0.001999506765
2026-01-14,-0.00189646599,-0.00189646599,0,0,-0.006003794574,0.004107328584,1.000329944,0.009655862709,8,8,-0.004915252903
2026-01-15,-0.004121811576,-0.004121811576,0,0,-0.001218779332,-0.002903032244,0.9921003055,0.007774140111,8,8,0.002723297508
2026-01-16,0.007394609703,0.007394609703,0,0,0.002446629067,0.004947980636,0.9978977047,0.003667445053,8,8,-0.0008379051892
2026-01-20,0.0007326810606,0.0007326810606,0,0,-0.00869436853,0.009427049591,0.9880898146,0.01098085561,8,8,-0.02035680001
2026-01-21,-0.007941586051,-0.007941586051,0,0,-0.001865338329,-0.006076247721,0.9692582393,0.01170496067,8,8,0.01154110928
2026-01-22,-0.008047573432,-0.008047573432,0,0,-0.001167676014,-0.006879897418,0.9812619247,0.003793501036,8,8,0.005223257673
2026-01-23,0.005271056194,0.005271056194,0,0,0.001689992832,0.003581063362,0.9949813314,-0.0042885851,8,8,0.000362735189
2026-01-26,0.00501099814,0.00501099814,0,0,0.005245701904,-0.0002347037641,0.9878830737,0.0009773195873,8,8,0.005078231762
2026-01-27,0.006138119732,0.006138119732,0,0,0.001935085017,0.004203034716,0.9884105559,0.005958459896,8,8,0.003984165378
2026-01-28,-0.002083398631,-0.002083398631,0,0,-0.002781616796,0.0006982181645,0.9801264726,0.01202278235,8,8,-0.0001006645803
2026-01-29,0.004110365511,0.004110365511,0,0,-0.001978768205,0.006089133716,0.9786856299,0.009960134651,8,8,-0.001984377155
2026-01-30,0.000592244593,0.000592244593,0,0,0.002851704486,-0.002259459893,0.9666444659,0.01401290201,8,8,-0.002982484106
2026-02-02,0.005726511336,0.004093016885,0.001633494451,1.633494451,0.001016113462,0.004710397873,0.9711804539,0.01459650191,8,8,0.004971222737
2026-02-03,-0.02848578795,-0.02848578795,0,0,-0.01778741492,-0.01069837303,1,0,8,8,-0.008455385901
2026-02-04,-0.01063021945,-0.01063021945,0,0,-0.003461737987,-0.007168481466,1.02202412,-0.02932102032,8,8,-0.004843853726
2026-02-05,-0.007669966025,-0.007669966025,0,0,-0.01296150797,0.005291541944,1.036751763,-0.04038049328,8,8,-0.01248928406
2026-02-06,0.001273201035,0.001273201035,0,0,0.01214276361,-0.01086956257,1.026370943,-0.04842185327,8,8,0.01918478648
2026-02-09,0.006331355854,0.006331355854,0,0,0.009535658306,-0.003204302452,1.048048892,-0.04708869886,8,8,0.004821726717
2026-02-10,-0.002137973462,-0.002137973462,0,0,0.0005986743388,-0.0027366478,1.054114877,-0.04050091728,8,8,-0.002637057771
2026-02-11,-0.01849781204,-0.01849781204,0,0,-0.008744019795,-0.009753792245,1.059715843,-0.04273024688,8,8,-0.0002311221437
2026-02-12,-0.0007026146872,-0.0007026146872,0,0,-0.005500852141,0.004798237454,1.080716506,-0.06238198923,8,8,-0.0154488597
2026-02-13,0.0003295570716,0.0003295570716,0,0,0.00376861851,-0.003439061439,1.071170037,-0.06312895925,8,8,0.0007044991031
2026-02-17,0.002366311433,0.002366311433,0,0,-0.003815449761,0.006181761194,1.078022447,-0.06277871301,8,8,0.001613483019
2026-02-18,0.001271691142,0.001271691142,0,0,0.00415577436,-0.002884083218,1.065503922,-0.0602697845,8,8,0.005037707551
2026-02-19,-0.004440043426,-0.004440043426,0,0,-0.002529486257,-0.001910557169,1.071181567,-0.05892316129,8,8,-0.002637344324
2026-02-20,3.286304874e-05,3.286304874e-05,0,0,-0.002130419861,0.00216328291,1.075337182,-0.06364579481,8,8,0.007231849289
2026-02-23,-0.02134487532,-0.02134487532,0,0,-0.01880449842,-0.002540376897,1.071008282,-0.06361084132,8,8,-0.01021136604
2026-02-24,0.001243014909,0.001243014909,0,0,0.005604271263,-0.004361256354,1.07774857,-0.08680863615,8,8,0.00726847527
2026-02-25,0.01805860628,0.01805860628,0,0,0.01417544152,0.003883164761,1.086363731,-0.08545939394,8,8,0.008438306301
2026-02-26,0.009931232329,0.009931232329,0,0,0.005418780732,0.004512451596,1.077203219,-0.06620521377,8,8,-0.005554445579
2026-02-27,-0.007815809459,-0.007815809459,0,0,0.001312478894,-0.009128288353,1.067507879,-0.05572060715,8,8,-0.004801940859
2026-03-02,-0.002535117081,-0.00365019819,0.001115081109,1.115081109,0.002232939942,-0.004768057023,1.086440055,-0.06403691695,8,8,0.000568522986
2026-03-03,0.01039880551,0.01039880551,0,0,0.003582234705,0.006816570802,1,0,8,8,-0.008814250912
2026-03-04,0.007280851393,0.007280851393,0,0,0.005574801624,0.001706049769,0.9865071677,0.01029178325,8,8,0.007055355958
2026-03-05,0.01561859021,0.01561859021,0,0,0.004175138022,0.01144345219,0.9832172608,0.01744561571,8,8,-0.005575670492
2026-03-06,-0.002176152625,-0.002176152625,0,0,-0.006039171648,0.003863019023,0.9609404121,0.03255573129,8,8,-0.01310712991
2026-03-09,-0.001287099172,-0.001287099172,0,0,0.001478057187,-0.002765156359,0.9531123394,0.03044583345,8,8,0.008759961522
2026-03-10,-0.003602696499,-0.003602696499,0,0,-0.003719359473,0.0001166629744,0.9585893525,0.02919631283,8,8,-0.001607015576
2026-03-11,0.007234922418,0.007234922418,0,0,0.004670959473,0.002563962945,0.9582054535,0.02568615575,8,8,-0.001255134549
2026-03-12,-0.002634518908,-0.002634518908,0,0,-0.006570881958,0.00393636305,0.9534145696,0.03268460757,8,8,-0.01518496627
2026-03-13,-0.01274753274,-0.01274753274,0,0,-0.01164009467,-0.001107438062,0.9453979935,0.03012946531,8,8,-0.005660135753
2026-03-16,0.005819955828,0.005819955828,0,0,0.006124828795,-0.0003048729666,0.9469364401,0.01760637035,8,8,0.01017686501
2026-03-17,0.00142102427,0.00142102427,0,0,0.0008449221051,0.0005761021649,0.9478496985,0.0232907749,8,8,0.002630544991
2026-03-18,-0.002978498508,-0.002978498508,0,0,-0.007465519503,0.004487020995,0.9467731308,0.02467673294,8,8,-0.01395364452
2026-03-19,0.002860233351,0.002860233351,0,0,0.0003024027898,0.002557830562,0.9376132701,0.02176305566,8,8,-0.002464381043
2026-03-20,-0.001851882193,-0.001851882193,0,0,-0.00540274918,0.003550866987,0.9326901309,0.02455306152,8,8,-0.01433569627
2026-03-23,0.00170011532,0.00170011532,0,0,0.00681063698,-0.005110521659,0.9254503397,0.02274329724,8,8,0.01049999123
2026-03-24,-0.01185527473,-0.01185527473,0,0,-0.01108698229,-0.0007682924415,0.9357805635,0.02440192647,8,8,-0.003356814477
2026-03-25,-0.002944358059,-0.002944358059,0,0,0.001157688835,-0.004102046894,0.9365651103,0.0126971803,8,8,0.005572688244
2026-03-26,-0.00525409397,-0.00525409397,0,0,-0.005388803985,0.000134710015,0.9446061046,0.009781622839,8,8,-0.01785872998
2026-03-27,-0.01184851989,-0.01184851989,0,0,-0.01281415212,0.0009656322367,0.9440426796,0.004551442575,8,8,-0.01705189416
2026-03-30,0.005996121191,0.005996121191,0,0,0.004456467978,0.001539653213,0.9414172968,-0.007384573577,8,8,-0.003343390687
2026-03-31,0.00744897189,0.00744897189,0,0,0.01541327949,-0.007964307602,0.9387055195,-0.001380176679,8,8,0.02906786578
2026-04-01,0.0007911819476,-0.0007915994663,0.001582781414,1.582781414,0.0005094565644,0.0002817253831,0.9549695652,0.006023923177,8,8,0.00753449141
2026-04-02,-0.004683042827,-0.004683042827,0,0,-0.001671516483,-0.003011526344,1,0,8,8,0.0009004595313
2026-04-06,-0.001071205191,-0.001071205191,0,0,0.0001941779163,-0.001265383107,1.006051392,-0.004705076904,8,8,0.004726845084
2026-04-07,-0.005072503863,-0.005072503863,0,0,-0.005511773412,0.0004392695489,1.008591361,-0.005782476313,8,8,0.0004400005646
2026-04-08,0.02227412602,0.02227412602,0,0,0.01907963378,0.003194492233,1.007752145,-0.01091032283,8,8,0.02546963651
2026-04-09,0.004026176262,0.004026176262,0,0,0.006707566076,-0.002681389814,1.001333459,0.01111619956,8,8,0.005769017699
2026-04-10,-0.002387042764,-0.002387042764,0,0,-0.003913887365,0.001526844601,1.006669386,0.01508165442,8,8,-0.0006617754266
2026-04-13,0.002481765976,0.002481765976,0,0,0.00367121541,-0.001189449434,1.003624348,0.01272498674,8,8,0.009772447246
2026-04-14,0.01017100704,0.01017100704,0,0,0.008499189868,0.001671817175,1.005988385,0.01516910655,8,8,0.01218487721
2026-04-15,0.00195809064,0.00195809064,0,0,0.001128862826,0.0008292278148,1.002618122,0.02508497414,8,8,0.007890969227
2026-04-16,-0.005332607167,-0.005332607167,0,0,-0.00233597857,-0.002996628597,1.000957791,0.02699021549,8,8,0.002457347647
2026-04-17,0.02045210221,0.02045210221,0,0,0.0106207406,0.009831361607,1.006988314,0.02177371902,8,8,0.0120856861
2026-04-20,0.000538442099,0.000538442099,0,0,-0.002277855739,0.002816297838,0.987579614,0.04137952299,8,8,-0.001999735115
2026-04-21,-0.005354471603,-0.005354471603,0,0,-0.007042086306,0.001687614704,0.9819567335,0.04189540684,8,8,-0.006546892849
2026-04-22,0.0003041849551,0.0003041849551,0,0,0.002606066724,-0.002301881769,0.978466202,0.03673764592,8,8,0.0101267121
2026-04-23,-0.007146134694,-0.007146134694,0,0,-0.001246257994,-0.0058998767,0.9830751139,0.03703056673,8,8,-0.003880740868
2026-04-24,0.002030662294,0.002030662294,0,0,0.000480430117,0.001550232177,0.9948379788,0.03009952731,8,8,0.007749309237
2026-04-27,0.004819874017,0.004819874017,0,0,0.001303271791,0.003516602226,0.9917542587,0.03206507627,8,8,0.001722787838
2026-04-28,-0.007922809267,-0.007922809267,0,0,-0.004208389222,-0.003714420046,0.9847943436,0.03670802224,8,8,-0.004865992267
2026-04-29,-0.008969018614,-0.008969018614,0,0,-0.005041027716,-0.003927990898,0.9921610774,0.02901509403,8,8,-0.000154509325
2026-04-30,-0.002191618762,-0.002191618762,0,0,0.0008747608863,-0.003066379648,1.000017214,0.02022749621,8,8,0.009949633528
2026-05-01,-0.0004919990231,-0.002131374739,0.001639375716,1.639375716,-0.003125853792,0.002633854769,1.006163481,0.01807549203,8,8,0.002769095292
2026-05-04,7.766746184e-06,7.766746184e-06,0,0,-0.002056949791,0.002064716537,1,0,8,8,-0.003663392147
2026-05-05,-0.003540330515,-0.003540330515,0,0,0.001547223447,-0.005087553961,0.995870599,7.766685862e-06,8,8,0.008022228724
2026-05-06,-0.01084681462,-0.01084681462,0,0,-0.003782825113,-0.007063989511,1.006067187,-0.003545114707,8,8,0.01389939969
2026-05-07,0.001962251953,0.001962251953,0,0,-0.0008527440978,0.002814996051,1.020416621,-0.01454974775,8,8,-0.003066082419
2026-05-08,-0.0178500489,-0.0178500489,0,0,-0.006550223386,-0.01129982551,1.014757671,-0.01256284433,8,8,0.008256097011
2026-05-11,-0.002187917056,-0.002187917056,0,0,0.0006842290303,-0.002872146086,1.038036271,-0.03096563126,8,8,0.002277563042
2026-05-12,0.00078828532,0.00078828532,0,0,-0.0001048954303,0.0008931807503,1.043876561,-0.03322624458,8,8,-0.001514952615
2026-05-13,-0.006973134078,-0.006973134078,0,0,0.0008677113331,-0.007840845411,1.042057047,-0.03241240904,8,8,0.005594837815
2026-05-14,-0.01245297898,-0.01245297898,0,0,0.0007262683437,-0.01317924732,1.058144185,-0.03966211234,8,8,0.007894314905
2026-05-15,0.01417755825,0.01417755825,0,0,0.003056630406,0.01112092784,1.085568259,-0.0527722632,8,8,-0.01202934376
2026-05-18,0.01305464301,0.01305464301,0,0,0.009837509342,0.003217133672,1.062441141,-0.03805517548,8,8,-0.0007035093177
2026-05-19,0.01198060857,0.01198060857,0,0,0.002485193606,0.009495414959,1.055285146,-0.02467836522,8,8,-0.006660788087
2026-05-20,-0.007390422744,-0.007390422744,0,0,-0.002775856909,-0.004614565836,1.035864636,-0.0125474308,8,8,0.01024899458
2026-05-21,0.003376417454,0.003376417454,0,0,0.003565455558,-0.0001890381037,1.045429511,-0.02008629979,8,8,0.001983087701
2026-05-22,0.006222505329,0.006222505329,0,0,0.006931408692,-0.000708903363,1.045653442,-0.01665365265,8,8,0.003931549077
2026-05-26,-0.006498064422,-0.006498064422,0,0,-0.006159911548,-0.0003381528744,1.046780159,-0.01036664085,8,8,0.006638641352
2026-05-27,-0.004274807163,-0.004274807163,0,0,0.0002924922994,-0.004567299462,1.047766856,-0.01697500998,8,8,-0.0001732421647
2026-05-28,0.0001326026423,0.0001326026423,0,0,0.0007938273623,-0.0006612247201,1.057145742,-0.021341046,8,8,0.005516578601
2026-05-29,0.001857207211,0.001857207211,0,0,0.002167722678,-0.0003105154676,1.05846044,-0.02120563143,8,8,0.002491404803
2026-06-01,0.004584652469,0.003146899669,0.0014377528,1.4377528,0.005822996849,-0.00123834438,1.058971948,-0.0193125568,8,8,0.002723113461
2026-06-02,-0.006560843838,-0.006560843838,0,0,0.000102363669,-0.006663207507,1,0,8,8,0.001357939797
2026-06-03,0.01682031896,0.01682031896,0,0,0.006013741576,0.01080657738,1.013414425,-0.006604172785,8,8,-0.00701718232
2026-06-04,0.002715907153,0.002715907153,0,0,0.001044289543,0.00167161761,0.9919368942,0.0100471499,8,8,0.003778685762
2026-06-05,0.02022732006,0.02022732006,0,0,-0.003697317252,0.02392463731,0.9886245536,0.01272848767,8,8,-0.02580937125
2026-06-08,-0.002222535908,-0.002222535908,0,0,0.0004755867684,-0.002698122677,0.9419494854,0.03230241641,8,8,0.002264172609
2026-06-09,0.004501271631,0.004501271631,0,0,-0.003007001045,0.007508272676,0.947228444,0.03014688303,8,8,-0.002935450551
2026-06-10,0.01617173718,0.01617173718,0,0,0.004133795174,0.01203794201,0.932515664,0.03449289279,8,8,-0.01576556251
2026-06-11,-0.0143638053,-0.0143638053,0,0,-0.006466986193,-0.00789681911,0.9098969036,0.04985833409,8,8,0.01699684789
2026-06-12,0.0004934277568,0.0004934277568,0,0,0.002016044438,-0.001522616682,0.9246076204,0.0360117952,8,8,0.005408247902
2026-06-15,-0.01165602646,-0.01165602646,0,0,-0.002648584684,-0.009007441779,0.9276885342,0.03648721915,8,8,0.01763396989
2026-06-16,0.0005507272095,0.0005507272095,0,0,-0.00147103317,0.00202176038,0.9450630715,0.02512403915,8,8,-0.005961562844
2026-06-17,-0.006500730964,-0.006500730964,0,0,-0.009792177681,0.003291446717,0.941052015,0.02566063435,8,8,-0.01248787089
2026-06-18,-0.008052217607,-0.008052217607,0,0,-0.002627673692,-0.005424543915,0.9340403355,0.01928527175,8,8,0.01039699244
2026-06-22,0.002080525962,0.002080525962,0,0,-0.003896207722,0.005976733685,0.9444420587,0.01132423939,8,8,-0.003146979694
2026-06-23,0.01387725487,0.01387725487,0,0,0.002811941935,0.01106531294,0.9326287589,0.01337693429,8,8,-0.01452195401
2026-06-24,-0.001336115621,-0.001336115621,0,0,-0.004649234979,0.003313119359,0.9117231731,0.02688115256,8,8,-0.0004635170636
2026-06-25,0.0008660481076,0.0008660481076,0,0,-0.004762499273,0.00562854738,0.9049699633,0.02557921372,8,8,0.001445635225
2026-06-26,0.009609207511,0.009609207511,0,0,0.003171168102,0.006438039409,0.8938048386,0.02642237878,8,8,-0.007231373617
2026-06-29,-0.008211041134,-0.008211041134,0,0,-0.002398688598,-0.005812352536,0.88206205,0.03568864668,8,8,0.01647486238
2026-06-30,-0.007353548928,-0.007353548928,0,0,-0.005143682868,-0.00220986606,0.8928065856,0.02770509321,8,8,0.007786800987
2026-07-01,0.005648440176,0.003981146826,0.00166729335,1.66729335,0.005571790971,7.664920534e-05,0.8964649678,0.02050230901,8,8,-0.001352504438
2026-07-02,-0.004283672389,-0.004283672389,0,0,0.002324863921,-0.006608536309,1,0,8,8,-0.001314069481
2026-07-06,0.007040134857,0.007040134857,0,0,0.003331579201,0.003708555655,1.013273934,-0.004302101181,8,8,0.008727409093
2026-07-07,0.001693959031,0.001693959031,0,0,0.003530912506,-0.001836953475,1.005815878,0.002718892308,8,8,-0.004751899671
2026-07-08,0.005562487446,0.005562487446,0,0,-0.002023000542,0.007585487988,1.009473737,0.004405388791,8,8,-0.003089429713
2026-07-09,0.006026309603,0.006026309603,0,0,0.00645846997,-0.0004321603675,0.9943342763,0.009912736763,8,8,0.008465250003
2026-07-10,0.0012367591,0.0012367591,0,0,0.0008048948567,0.0004318642433,0.9952273584,0.01584356812,8,8,0.004310159689
2026-07-13,0.0008536847299,0.0008536847299,0,0,-0.001009679868,0.001863364598,0.9943705922,0.01705922906,8,8,-0.007656174851
2026-07-14,-0.004750077238,-0.004750077238,0,0,-0.005690180567,0.0009401033291,0.9906518434,0.01789763485,8,8,0.003550641697
2026-07-15,0.009252564065,0.009252564065,0,0,0.009520582594,-0.0002680185291,0.9887180466,0.0132103076,8,8,0.00396363593
2026-07-16,-0.007083508426,-0.007083508426,0,0,-0.003136118397,-0.003947390029,0.9893525994,0.02225693792,8,8,-0.005418617756
2026-07-17,-0.007059936802,-0.007059936802,0,0,-0.007987531643,0.0009275948411,0.9972277421,0.01528167738,8,8,-0.009897156018
2026-07-20,0.007119304587,0.007119304587,0,0,0.0003739140136,0.006745390574,0.9953396507,0.008280198258,8,8,-0.001614378247
2026-07-21,-0.007954368259,-0.007954368259,0,0,-0.0004360699621,-0.007518298297,0.9819771795,0.01529064409,8,8,0.008341309299
2026-07-22,-0.009066612181,-0.009066612181,0,0,-0.007758323605,-0.001308288577,0.9969898321,0.007395099175,8,8,-0.001162741378
2026-07-23,-0.01488507571,-0.01488507571,0,0,-0.01363156251,-0.001253513197,0.999602808,-0.001686806628,8,8,-0.01234928727
2026-07-24,-0.002178593709,-0.002178593709,0,0,0.001951697648,-0.004130291357,1.002141714,-0.0168222833,8,8,0.001016012365
2026-07-27,0.01166295579,0.01166295579,0,0,0.01128621717,0.0003767386192,1.010425009,-0.01904236258,8,8,0.0002165755637
2026-07-28,0.004150972727,0.004150972727,0,0,0.00829009626,-0.004139123533,1.009560033,-0.007294333301,8,8,0.002394780652
2026-07-29,0.01384025958,0.01384025958,0,0,0.002798868727,0.01104139086,1.01776454,-0.003130366508,8,8,-0.01538747348
2026-07-30,0.008029278348,0.008029278348,0,0,0.00667875692,0.001350521428,0.995740708,0.01056368888,8,8,0.0167657995
2026-07-31,0.0168726077,0.0168726077,0,0,0.01510529629,0.00176731141,0.9930951065,0.01844486824,8,8,0.007199809675
